rollout,bid_day_index,block,up_kw,down_kw,lp_joint_passes,lp_isolated_passes
0,0,19,853.633669535319,606.8445002218916,True,True
0,0,21,859.9000053405762,500.0000514703344,True,True
0,0,26,1003.3000068664551,520.6236409081357,True,True
0,0,27,1026.300006866455,500.0,True,True
0,0,28,1080.200008392334,719.0232923531538,True,True
0,0,42,939.2000122070312,959.2000122070312,False,False
0,0,46,614.3000068664551,614.3000068664551,True,True
0,0,47,622.6000061035156,622.6000061035156,True,True
1,0,22,937.4000053405762,500.0,True,True
1,0,35,983.1400099436441,987.3000106811523,True,True
1,0,37,984.1000099182129,984.1000099182129,True,True
1,0,38,898.3000106811523,898.3000106811523,True,True
1,0,39,917.5000114440918,917.5000114440918,True,True
1,0,40,909.2000122070312,909.2000122070312,True,True
1,0,41,900.9000129699707,900.9000129699707,True,True
1,0,42,939.2000122070312,959.2000122070312,True,True
2,0,17,766.2880096435547,500.0,True,True
2,0,28,1080.200008392334,719.0232923531538,True,True
2,0,39,917.5000114440918,917.5000114440918,True,True
2,0,41,900.9000129699707,900.9000129699707,False,False
2,0,42,939.2000122070312,959.2000122070312,False,False
2,0,44,645.4309455530703,651.0407470420555,False,False
2,0,45,500.0,616.7444513108993,True,True
3,0,17,766.2880096435547,500.0,True,True
3,0,18,818.1000045776367,858.2000045776367,False,False
3,0,19,853.633669535319,606.8445002218916,True,True
3,0,20,831.133669535319,766.3192977311786,True,True
3,0,21,859.9000053405762,500.0000514703344,True,True
3,0,22,937.4000053405762,500.0,True,True
3,0,26,1003.3000068664551,520.6236409081357,True,True
3,0,32,1160.040011469523,1183.4000129699707,True,True
3,0,34,1033.1400099436441,1037.3000106811523,True,True
3,0,42,939.2000122070312,959.2000122070312,False,False
3,0,45,500.0,616.7444513108993,True,True
3,0,46,614.3000068664551,614.3000068664551,True,True
4,0,17,766.2880096435547,500.0,True,True
4,0,18,818.1000045776367,858.2000045776367,False,False
4,0,19,853.633669535319,606.8445002218916,False,False
4,0,20,831.133669535319,766.3192977311786,True,True
4,0,21,859.9000053405762,500.0000514703344,True,True
4,0,22,937.4000053405762,500.0,False,False
4,0,27,1026.300006866455,500.0,True,True
4,0,30,1168.100009918213,1168.100009918213,False,False
4,0,40,909.2000122070312,909.2000122070312,True,True
4,0,41,900.9000129699707,900.9000129699707,True,True
4,0,45,500.0,616.7444513108993,True,True
4,0,46,614.3000068664551,614.3000068664551,True,True
4,0,47,622.6000061035156,622.6000061035156,True,True
5,0,17,766.2880096435547,500.0,True,True
5,0,20,831.133669535319,766.3192977311786,True,True
6,0,17,766.2880096435547,500.0,True,True
6,0,43,763.200008392334,763.200008392334,True,True
6,0,44,645.4309455530703,651.0407470420555,True,True
6,0,45,500.0,616.7444513108993,True,True
6,0,46,614.3000068664551,614.3000068664551,True,True
7,0,17,766.2880096435547,500.0,True,True
7,0,18,818.1000045776367,858.2000045776367,True,True
7,0,19,853.633669535319,606.8445002218916,True,True
7,0,20,831.133669535319,766.3192977311786,True,True
7,0,40,909.2000122070312,909.2000122070312,True,True
7,0,41,900.9000129699707,900.9000129699707,True,True
8,0,17,766.2880096435547,500.0,True,True
8,0,18,818.1000045776367,858.2000045776367,True,True
8,0,19,853.633669535319,606.8445002218916,True,True
8,0,27,1026.300006866455,500.0,True,True
8,0,30,1168.100009918213,1168.100009918213,True,True
8,0,31,1172.3000106811523,1195.0000114440918,True,True
8,0,35,983.1400099436441,987.3000106811523,True,True
8,0,36,999.1400099436441,1003.3000106811523,True,True
9,0,17,766.2880096435547,500.0,False,False
9,0,18,818.1000045776367,858.2000045776367,False,False
9,0,19,853.633669535319,606.8445002218916,False,False
9,0,20,831.133669535319,766.3192977311786,True,True
9,0,21,859.9000053405762,500.0000514703344,True,True
9,0,24,1015.6000058492025,1016.6000061035156,True,True
9,0,25,969.9000053405762,969.9000053405762,True,True
9,0,26,1003.3000068664551,520.6236409081357,True,True
9,0,27,1026.300006866455,500.0,True,True
9,0,28,1080.200008392334,719.0232923531538,True,True
9,0,29,1054.7833159723098,1107.100009918213,True,True
9,0,30,1168.100009918213,1168.100009918213,True,True
9,0,38,898.3000106811523,898.3000106811523,True,True
9,0,39,917.5000114440918,917.5000114440918,True,True
9,0,40,909.2000122070312,909.2000122070312,True,True
9,0,41,900.9000129699707,900.9000129699707,True,True
9,0,44,645.4309455530703,651.0407470420555,True,True
9,0,45,500.0,616.7444513108993,False,False
9,0,46,614.3000068664551,614.3000068664551,True,True
9,0,47,622.6000061035156,622.6000061035156,True,True
10,0,17,766.2880096435547,500.0,False,False
10,0,18,818.1000045776367,858.2000045776367,False,False
10,0,19,853.633669535319,606.8445002218916,True,True
10,0,20,831.133669535319,766.3192977311786,True,True
10,0,22,937.4000053405762,500.0,False,False
10,0,23,985.6333386739095,837.9771636604621,True,True
10,0,24,1015.6000058492025,1016.6000061035156,True,True
10,0,26,1003.3000068664551,520.6236409081357,True,True
10,0,34,1033.1400099436441,1037.3000106811523,True,True
10,0,35,983.1400099436441,987.3000106811523,True,True
10,0,36,999.1400099436441,1003.3000106811523,True,True
10,0,37,984.1000099182129,984.1000099182129,True,True
11,0,17,766.2880096435547,500.0,True,True
11,0,18,818.1000045776367,858.2000045776367,True,True
11,0,21,859.9000053405762,500.0000514703344,True,True
11,0,22,937.4000053405762,500.0,False,False
11,0,23,985.6333386739095,837.9771636604621,True,True
11,0,25,969.9000053405762,969.9000053405762,False,False
11,0,27,1026.300006866455,500.0,True,True
11,0,29,1054.7833159723098,1107.100009918213,True,True
11,0,33,1055.6400099436441,1079.0000114440918,True,True
11,0,34,1033.1400099436441,1037.3000106811523,False,False
11,0,45,500.0,616.7444513108993,True,True
11,0,46,614.3000068664551,614.3000068664551,False,False
11,0,47,622.6000061035156,622.6000061035156,False,False
12,1,25,823.200008392334,823.200008392334,True,True
12,1,26,842.4000091552734,842.4000091552734,True,True
12,1,38,950.5000114440918,950.5000114440918,True,True
12,1,39,942.3000106811523,942.3000106811523,True,True
12,1,40,865.5000076293945,865.5000076293945,True,True
12,1,42,746.3600082397461,747.8000068664551,True,True
13,1,32,900.6000099182129,500.0,True,True
13,1,40,865.5000076293945,865.5000076293945,True,True
13,1,42,746.3600082397461,747.8000068664551,True,True
14,1,30,500.0,911.6165124128999,True,True
14,1,42,746.3600082397461,747.8000068664551,True,True
14,1,43,675.9000053405762,675.9000053405762,True,True
14,1,44,675.9000053405762,675.9000053405762,True,True
14,1,47,554.2333386739094,565.9000053405762,True,True
16,1,42,746.3600082397461,747.8000068664551,True,True
16,1,43,675.9000053405762,675.9000053405762,True,True
16,1,44,675.9000053405762,675.9000053405762,True,True
16,1,45,648.4000053405762,648.4000053405762,True,True
16,1,46,648.4000053405762,648.4000053405762,True,True
16,1,47,554.2333386739094,565.9000053405762,True,True
17,1,22,676.555209350586,678.0000076293945,True,True
17,1,24,757.200008392334,757.200008392334,True,True
17,1,25,823.200008392334,823.200008392334,True,True
17,1,28,903.3996949816341,902.9801590720442,True,True
17,1,29,500.0,737.8119511196574,True,True
17,1,30,500.0,911.6165124128999,True,True
17,1,31,923.1000099182129,939.1000099182129,True,True
17,1,37,999.0833443959555,1005.5000114440918,True,True
17,1,39,942.3000106811523,942.3000106811523,False,False
17,1,41,764.3000068664551,749.100006866455,True,True
17,1,43,675.9000053405762,675.9000053405762,True,True
17,1,44,675.9000053405762,675.9000053405762,True,True
17,1,45,648.4000053405762,648.4000053405762,True,True
17,1,46,648.4000053405762,648.4000053405762,True,True
17,1,47,554.2333386739094,565.9000053405762,True,True
18,1,21,579.9000100453695,608.3472438375155,True,True
18,1,31,923.1000099182129,939.1000099182129,True,True
18,1,42,746.3600082397461,747.8000068664551,True,True
18,1,43,675.9000053405762,675.9000053405762,True,True
18,1,44,675.9000053405762,675.9000053405762,True,True
18,1,45,648.4000053405762,648.4000053405762,True,True
18,1,46,648.4000053405762,648.4000053405762,True,True
18,1,47,554.2333386739094,565.9000053405762,True,True
19,1,22,676.555209350586,678.0000076293945,True,True
19,1,29,500.0,737.8119511196574,True,True
19,1,33,969.9673451741537,978.1000099182129,True,True
19,1,36,1047.3000106811523,1047.3000106811523,False,False
19,1,37,999.0833443959555,1005.5000114440918,True,True
19,1,38,950.5000114440918,950.5000114440918,False,False
19,1,39,942.3000106811523,942.3000106811523,True,True
19,1,43,675.9000053405762,675.9000053405762,True,True
19,1,44,675.9000053405762,675.9000053405762,True,True
19,1,45,648.4000053405762,648.4000053405762,True,True
19,1,46,648.4000053405762,648.4000053405762,True,True
19,1,47,554.2333386739094,565.9000053405762,False,False
20,1,23,710.7666742960612,721.5000076293945,True,True
20,1,24,757.200008392334,757.200008392334,True,True
20,1,27,861.6000099182129,861.6000099182129,True,True
20,1,28,903.3996949816341,902.9801590720442,True,True
20,1,36,1047.3000106811523,1047.3000106811523,True,True
20,1,42,746.3600082397461,747.8000068664551,True,True
20,1,43,675.9000053405762,675.9000053405762,True,True
20,1,44,675.9000053405762,675.9000053405762,True,True
20,1,46,648.4000053405762,648.4000053405762,True,True
21,1,21,579.9000100453695,608.3472438375155,True,True
21,1,28,903.3996949816341,902.9801590720442,True,True
21,1,29,500.0,737.8119511196574,True,True
21,1,39,942.3000106811523,942.3000106811523,True,True
21,1,45,648.4000053405762,648.4000053405762,True,True
21,1,46,648.4000053405762,648.4000053405762,True,True
22,1,42,746.3600082397461,747.8000068664551,True,True
22,1,43,675.9000053405762,675.9000053405762,True,True
22,1,44,675.9000053405762,675.9000053405762,True,True
23,1,31,923.1000099182129,939.1000099182129,True,True
23,1,32,900.6000099182129,500.0,True,True
24,2,31,1044.700008392334,1055.700008392334,True,True
24,2,43,620.4000053405762,620.4000053405762,True,True
24,2,44,580.8438576411206,592.9000053405762,True,True
24,2,45,592.9000053405762,592.9000053405762,True,True
24,2,46,501.2000045776367,501.2000045776367,True,True
25,2,21,553.200008392334,553.200008392334,False,False
25,2,22,618.300008392334,630.700008392334,True,True
25,2,23,649.2390084266663,658.200008392334,True,True
25,2,24,577.4000091552734,577.4000091552734,True,True
25,2,25,738.0333417256674,751.700008392334,True,True
25,2,26,806.700008392334,817.700008392334,True,True
25,2,28,1045.200008392334,1083.700008392334,False,False
25,2,29,1083.700008392334,1122.200008392334,False,False
26,2,25,738.0333417256674,751.700008392334,True,True
26,2,46,501.2000045776367,501.2000045776367,True,True
27,2,22,618.300008392334,630.700008392334,True,True
27,2,45,592.9000053405762,592.9000053405762,True,True
28,2,46,501.2000045776367,501.2000045776367,True,True
29,2,39,840.9000053405762,840.8999949723659,True,True
29,2,44,580.8438576411206,592.9000053405762,True,True
29,2,46,501.2000045776367,501.2000045776367,True,True
30,2,25,738.0333417256674,751.700008392334,True,True
30,2,44,580.8438576411206,592.9000053405762,True,True
31,2,26,806.700008392334,817.700008392334,True,True
31,2,27,844.0333417256674,867.700008392334,True,True
31,2,28,1045.200008392334,1083.700008392334,True,True
31,2,42,667.2000045776367,667.2000045776367,True,True
31,2,43,620.4000053405762,620.4000053405762,True,True
31,2,44,580.8438576411206,592.9000053405762,True,True
31,2,45,592.9000053405762,592.9000053405762,True,True
31,2,46,501.2000045776367,501.2000045776367,True,True
32,2,25,738.0333417256674,751.700008392334,True,True
32,2,36,887.7000045776367,887.7000045776367,True,True
32,2,37,840.9000053405762,840.9000053405762,True,True
32,2,38,813.4000011152821,813.4000053405762,True,True
32,2,39,840.9000053405762,840.8999949723659,True,True
32,2,40,794.2000045776367,794.2000045776367,True,True
32,2,41,683.2000045776367,683.2000045776367,True,True
32,2,42,667.2000045776367,667.2000045776367,True,True
32,2,43,620.4000053405762,620.4000053405762,True,True
32,2,44,580.8438576411206,592.9000053405762,True,True
32,2,45,592.9000053405762,592.9000053405762,True,True
32,2,46,501.2000045776367,501.2000045776367,True,True
33,2,27,844.0333417256674,867.700008392334,True,True
33,2,41,683.2000045776367,683.2000045776367,True,True
33,2,43,620.4000053405762,620.4000053405762,True,True
33,2,46,501.2000045776367,501.2000045776367,True,True
34,2,21,553.200008392334,553.200008392334,True,True
34,2,22,618.300008392334,630.700008392334,True,True
34,2,23,649.2390084266663,658.200008392334,True,True
34,2,27,844.0333417256674,867.700008392334,True,True
34,2,28,1045.200008392334,1083.700008392334,True,True
34,2,29,1083.700008392334,1122.200008392334,True,True
34,2,30,1102.2000076293946,1125.0000076293945,True,True
34,2,31,1044.700008392334,1055.700008392334,True,True
34,2,33,1064.6000061035156,1075.6000061035156,True,True
34,2,34,995.4000053405762,1033.9000053405762,True,True
34,2,35,995.4000053405762,1022.9000053405762,True,True
34,2,36,887.7000045776367,887.7000045776367,True,True
35,2,21,553.200008392334,553.200008392334,True,True
35,2,22,618.300008392334,630.700008392334,True,True
36,3,16,555.433339436849,500.0,True,True
36,3,19,850.0000076293945,795.4000007629381,True,True
36,3,20,953.3333409627279,673.1134942231366,True,True
36,3,21,1010.5000076293945,500.0,True,True
36,3,22,1060.5500030517578,500.0,True,True
36,3,25,1468.9560111999513,1472.100009918213,False,False
36,3,26,1387.0000076293945,1371.4364891462808,True,True
36,3,28,500.0,1465.1658018747387,True,True
36,3,29,500.0,858.2199998474111,True,True
36,3,37,1127.533339436849,1153.6000061035156,True,True
36,3,42,844.1000061035156,844.1000061035156,True,True
36,3,43,722.3299427540629,824.9000053405762,True,True
36,3,44,728.2000045776367,728.2000045776367,True,True
36,3,45,500.0,725.2833379109701,True,True
36,3,46,500.0,673.2000045776367,True,True
36,3,47,650.699499852054,650.7000045776367,True,True
37,3,17,620.8000068664551,500.0,False,False
37,3,18,775.8000068664551,500.0,True,True
37,3,19,850.0000076293945,795.4000007629381,True,True
37,3,20,953.3333409627279,673.1134942231366,True,True
37,3,21,1010.5000076293945,500.0,True,True
37,3,22,1060.5500030517578,500.0,True,True
37,3,25,1468.9560111999513,1472.100009918213,False,False
37,3,26,1387.0000076293945,1371.4364891462808,True,True
37,3,27,1498.0000076293945,1025.5607705002153,True,True
37,3,28,500.0,1465.1658018747387,True,True
37,3,29,500.0,858.2199998474111,True,True
37,3,33,1422.166674931844,1429.5000076293945,True,True
37,3,34,1272.166674931844,1279.5000076293945,True,True
37,3,37,1127.533339436849,1153.6000061035156,True,True
37,3,38,1129.300006866455,1129.300006866455,True,True
37,3,39,1024.300006866455,1024.300006866455,True,True
37,3,40,976.933339436849,982.6000061035156,True,True
37,3,41,844.624006652832,855.1000061035156,True,True
37,3,42,844.1000061035156,844.1000061035156,True,True
37,3,43,722.3299427540629,824.9000053405762,True,True
37,3,44,728.2000045776367,728.2000045776367,True,True
37,3,45,500.0,725.2833379109701,True,True
37,3,46,500.0,673.2000045776367,True,True
37,3,47,650.699499852054,650.7000045776367,True,True
38,3,22,1060.5500030517578,500.0,True,True
38,3,25,1468.9560111999513,1472.100009918213,False,False
38,3,31,1425.8666756947835,1433.200008392334,True,True
38,3,36,1292.1000061035156,1292.1000061035156,True,True
38,3,41,844.624006652832,855.1000061035156,True,True
38,3,45,500.0,725.2833379109701,True,True
38,3,46,500.0,673.2000045776367,True,True
38,3,47,650.699499852054,650.7000045776367,True,True
39,3,16,555.433339436849,500.0,True,True
39,3,17,620.8000068664551,500.0,True,True
39,3,20,953.3333409627279,673.1134942231366,True,True
39,3,22,1060.5500030517578,500.0,True,True
39,3,27,1498.0000076293945,1025.5607705002153,True,True
39,3,28,500.0,1465.1658018747387,True,True
39,3,29,500.0,858.2199998474111,False,False
39,3,31,1425.8666756947835,1433.200008392334,False,False
39,3,38,1129.300006866455,1129.300006866455,True,True
39,3,39,1024.300006866455,1024.300006866455,True,True
39,3,40,976.933339436849,982.6000061035156,True,True
39,3,41,844.624006652832,855.1000061035156,True,True
39,3,44,728.2000045776367,728.2000045776367,True,True
39,3,45,500.0,725.2833379109701,True,True
39,3,46,500.0,673.2000045776367,True,True
39,3,47,650.699499852054,650.7000045776367,True,True
40,3,17,620.8000068664551,500.0,True,True
40,3,18,775.8000068664551,500.0,False,False
40,3,20,953.3333409627279,673.1134942231366,False,False
40,3,21,1010.5000076293945,500.0,True,True
40,3,22,1060.5500030517578,500.0,True,True
40,3,25,1468.9560111999513,1472.100009918213,False,False
40,3,26,1387.0000076293945,1371.4364891462808,False,False
40,3,27,1498.0000076293945,1025.5607705002153,True,True
40,3,29,500.0,858.2199998474111,True,True
40,3,30,1545.066676457723,1451.0134797166404,True,True
40,3,31,1425.8666756947835,1433.200008392334,True,True
40,3,32,1404.9253406524656,1421.800006866455,True,True
40,3,33,1422.166674931844,1429.5000076293945,True,True
40,3,34,1272.166674931844,1279.5000076293945,True,True
40,3,35,1302.9666741689045,1310.300006866455,True,True
40,3,36,1292.1000061035156,1292.1000061035156,False,False
40,3,38,1129.300006866455,1129.300006866455,True,True
40,3,39,1024.300006866455,1024.300006866455,True,True
40,3,40,976.933339436849,982.6000061035156,True,True
40,3,41,844.624006652832,855.1000061035156,True,True
40,3,42,844.1000061035156,844.1000061035156,True,True
40,3,43,722.3299427540629,824.9000053405762,True,True
40,3,44,728.2000045776367,728.2000045776367,True,True
40,3,45,500.0,725.2833379109701,True,True
40,3,46,500.0,673.2000045776367,True,True
40,3,47,650.699499852054,650.7000045776367,True,True
41,3,16,555.433339436849,500.0,True,True
41,3,17,620.8000068664551,500.0,True,True
41,3,18,775.8000068664551,500.0,True,True
41,3,20,953.3333409627279,673.1134942231366,True,True
41,3,21,1010.5000076293945,500.0,True,True
41,3,22,1060.5500030517578,500.0,True,True
41,3,24,1430.2172073364259,1450.600009918213,False,False
41,3,28,500.0,1465.1658018747387,True,True
41,3,33,1422.166674931844,1429.5000076293945,True,True
41,3,34,1272.166674931844,1279.5000076293945,True,True
41,3,39,1024.300006866455,1024.300006866455,True,True
41,3,40,976.933339436849,982.6000061035156,True,True
41,3,41,844.624006652832,855.1000061035156,True,True
41,3,45,500.0,725.2833379109701,True,True
41,3,47,650.699499852054,650.7000045776367,True,True
42,3,16,555.433339436849,500.0,True,True
42,3,20,953.3333409627279,673.1134942231366,True,True
42,3,22,1060.5500030517578,500.0,True,True
42,3,26,1387.0000076293945,1371.4364891462808,True,True
42,3,28,500.0,1465.1658018747387,True,True
42,3,29,500.0,858.2199998474111,True,True
42,3,33,1422.166674931844,1429.5000076293945,True,True
42,3,34,1272.166674931844,1279.5000076293945,True,True
42,3,36,1292.1000061035156,1292.1000061035156,True,True
42,3,37,1127.533339436849,1153.6000061035156,True,True
42,3,38,1129.300006866455,1129.300006866455,True,True
42,3,39,1024.300006866455,1024.300006866455,False,False
42,3,40,976.933339436849,982.6000061035156,False,False
42,3,41,844.624006652832,855.1000061035156,True,True
42,3,42,844.1000061035156,844.1000061035156,False,False
42,3,43,722.3299427540629,824.9000053405762,False,False
42,3,44,728.2000045776367,728.2000045776367,False,False
42,3,45,500.0,725.2833379109701,True,True
42,3,46,500.0,673.2000045776367,True,True
42,3,47,650.699499852054,650.7000045776367,True,True
43,3,20,953.3333409627279,673.1134942231366,True,True
43,3,21,1010.5000076293945,500.0,True,True
43,3,22,1060.5500030517578,500.0,True,True
43,3,23,1362.7840118408203,1369.9000091552734,True,True
43,3,26,1387.0000076293945,1371.4364891462808,True,True
43,3,29,500.0,858.2199998474111,True,True
43,3,33,1422.166674931844,1429.5000076293945,True,True
43,3,34,1272.166674931844,1279.5000076293945,True,True
43,3,35,1302.9666741689045,1310.300006866455,True,True
43,3,36,1292.1000061035156,1292.1000061035156,True,True
43,3,37,1127.533339436849,1153.6000061035156,True,True
43,3,38,1129.300006866455,1129.300006866455,True,True
43,3,39,1024.300006866455,1024.300006866455,True,True
43,3,40,976.933339436849,982.6000061035156,True,True
43,3,41,844.624006652832,855.1000061035156,True,True
43,3,45,500.0,725.2833379109701,True,True
43,3,46,500.0,673.2000045776367,True,True
43,3,47,650.699499852054,650.7000045776367,True,True
44,3,16,555.433339436849,500.0,True,True
44,3,17,620.8000068664551,500.0,True,True
44,3,18,775.8000068664551,500.0,True,True
44,3,19,850.0000076293945,795.4000007629381,True,True
44,3,20,953.3333409627279,673.1134942231366,False,False
44,3,21,1010.5000076293945,500.0,True,True
44,3,22,1060.5500030517578,500.0,True,True
44,3,23,1362.7840118408203,1369.9000091552734,False,False
44,3,24,1430.2172073364259,1450.600009918213,False,False
44,3,25,1468.9560111999513,1472.100009918213,False,False
44,3,26,1387.0000076293945,1371.4364891462808,False,False
44,3,27,1498.0000076293945,1025.5607705002153,False,False
44,3,39,1024.300006866455,1024.300006866455,True,True
44,3,40,976.933339436849,982.6000061035156,True,True
44,3,41,844.624006652832,855.1000061035156,True,True
44,3,42,844.1000061035156,844.1000061035156,True,True
44,3,43,722.3299427540629,824.9000053405762,True,True
44,3,44,728.2000045776367,728.2000045776367,True,True
44,3,45,500.0,725.2833379109701,True,True
44,3,46,500.0,673.2000045776367,True,True
44,3,47,650.699499852054,650.7000045776367,True,True
45,3,16,555.433339436849,500.0,False,False
45,3,17,620.8000068664551,500.0,False,False
45,3,18,775.8000068664551,500.0,True,True
45,3,19,850.0000076293945,795.4000007629381,False,False
45,3,20,953.3333409627279,673.1134942231366,True,True
45,3,21,1010.5000076293945,500.0,False,True
45,3,22,1060.5500030517578,500.0,False,False
45,3,23,1362.7840118408203,1369.9000091552734,False,False
45,3,24,1430.2172073364259,1450.600009918213,False,False
45,3,25,1468.9560111999513,1472.100009918213,False,False
45,3,26,1387.0000076293945,1371.4364891462808,False,False
45,3,27,1498.0000076293945,1025.5607705002153,False,False
45,3,28,500.0,1465.1658018747387,False,False
45,3,29,500.0,858.2199998474111,True,True
45,3,36,1292.1000061035156,1292.1000061035156,True,True
45,3,38,1129.300006866455,1129.300006866455,True,True
45,3,39,1024.300006866455,1024.300006866455,True,True
45,3,40,976.933339436849,982.6000061035156,True,True
45,3,41,844.624006652832,855.1000061035156,True,True
45,3,42,844.1000061035156,844.1000061035156,True,True
45,3,43,722.3299427540629,824.9000053405762,True,True
45,3,44,728.2000045776367,728.2000045776367,True,True
45,3,45,500.0,725.2833379109701,True,True
45,3,46,500.0,673.2000045776367,True,True
45,3,47,650.699499852054,650.7000045776367,True,True
46,3,20,953.3333409627279,673.1134942231366,True,True
46,3,21,1010.5000076293945,500.0,True,True
46,3,22,1060.5500030517578,500.0,True,True
46,3,23,1362.7840118408203,1369.9000091552734,True,True
46,3,29,500.0,858.2199998474111,True,True
46,3,30,1545.066676457723,1451.0134797166404,True,True
46,3,31,1425.8666756947835,1433.200008392334,True,True
46,3,33,1422.166674931844,1429.5000076293945,True,True
46,3,34,1272.166674931844,1279.5000076293945,True,True
46,3,44,728.2000045776367,728.2000045776367,True,True
46,3,45,500.0,725.2833379109701,True,True
46,3,46,500.0,673.2000045776367,True,True
46,3,47,650.699499852054,650.7000045776367,True,True
47,3,28,500.0,1465.1658018747387,True,True
47,3,29,500.0,858.2199998474111,True,True
47,3,30,1545.066676457723,1451.0134797166404,True,True
47,3,36,1292.1000061035156,1292.1000061035156,False,False
47,3,37,1127.533339436849,1153.6000061035156,False,False
47,3,38,1129.300006866455,1129.300006866455,False,False
47,3,39,1024.300006866455,1024.300006866455,False,False
47,3,42,844.1000061035156,844.1000061035156,False,False
48,4,27,998.8000106811523,500.0,True,True
48,4,32,945.3333447774252,955.0000114440918,True,True
48,4,33,915.8833440144857,924.8000106811523,True,True
48,4,34,999.0000114440918,999.0000114440918,True,True
48,4,35,886.4000091552734,886.4000091552734,True,True
48,4,36,798.5000076293945,789.333340962728,True,True
49,4,21,728.3333371480306,730.0000038146973,True,True
49,4,22,682.180126295902,726.7000045776367,True,True
49,4,26,500.0,500.0,True,True
49,4,27,998.8000106811523,500.0,True,True
49,4,32,945.3333447774252,955.0000114440918,True,True
49,4,33,915.8833440144857,924.8000106811523,True,True
49,4,34,999.0000114440918,999.0000114440918,True,True
49,4,42,935.6333388010661,549.9100961959264,True,True
49,4,43,825.6333368937175,779.9183258181152,True,True
50,4,20,675.0000038146973,675.0000038146973,True,True
50,4,21,728.3333371480306,730.0000038146973,True,True
50,4,27,998.8000106811523,500.0,True,True
50,4,29,880.8000106811523,880.8000106811523,True,True
50,4,33,915.8833440144857,924.8000106811523,True,True
50,4,35,886.4000091552734,886.4000091552734,True,True
50,4,36,798.5000076293945,789.333340962728,True,True
50,4,37,830.0833409627279,842.0000076293945,True,True
50,4,38,500.0,901.2777854071722,True,True
50,4,40,921.6166721343994,949.700008392334,False,False
50,4,41,924.1333388010661,943.700008392334,False,False
51,4,22,682.180126295902,726.7000045776367,True,True
51,4,25,900.200008392334,507.33553010459246,True,True
51,4,32,945.3333447774252,955.0000114440918,True,True
51,4,33,915.8833440144857,924.8000106811523,True,True
51,4,34,999.0000114440918,999.0000114440918,True,True
51,4,35,886.4000091552734,886.4000091552734,True,True
51,4,37,830.0833409627279,842.0000076293945,True,True
51,4,38,500.0,901.2777854071722,True,True
51,4,39,850.3000068664551,850.3000068664551,True,True
51,4,40,921.6166721343994,949.700008392334,True,True
51,4,41,924.1333388010661,943.700008392334,False,False
51,4,46,771.2333353678385,769.628679938641,True,True
52,4,26,500.0,500.0,True,True
52,4,33,915.8833440144857,924.8000106811523,True,True
52,4,34,999.0000114440918,999.0000114440918,True,True
52,4,35,886.4000091552734,886.4000091552734,True,True
52,4,37,830.0833409627279,842.0000076293945,True,True
52,4,38,500.0,901.2777854071722,True,True
52,4,40,921.6166721343994,949.700008392334,True,True
52,4,42,935.6333388010661,549.9100961959264,True,True
53,4,24,803.5000076293945,803.5000076293945,True,True
53,4,25,900.200008392334,507.33553010459246,True,True
53,4,26,500.0,500.0,True,True
53,4,38,500.0,901.2777854071722,True,True
53,4,41,924.1333388010661,943.700008392334,False,False
53,4,42,935.6333388010661,549.9100961959264,False,False
53,4,44,500.0,732.5000076293945,False,False
53,4,45,500.0,715.967388194094,True,True
53,4,47,691.0333346048991,691.4000053405762,False,False
54,4,25,900.200008392334,507.33553010459246,True,True
54,4,29,880.8000106811523,880.8000106811523,True,True
54,4,30,811.6000099182129,811.6000099182129,True,True
54,4,31,924.2000122070312,924.2000122070312,True,True
54,4,33,915.8833440144857,924.8000106811523,True,True
55,4,28,966.8000106811523,924.2545533613777,True,True
55,4,29,880.8000106811523,880.8000106811523,True,True
55,4,30,811.6000099182129,811.6000099182129,True,True
55,4,31,924.2000122070312,924.2000122070312,True,True
55,4,33,915.8833440144857,924.8000106811523,True,True
55,4,34,999.0000114440918,999.0000114440918,True,True
55,4,42,935.6333388010661,549.9100961959264,True,True
56,4,18,540.4000015258789,551.4000015258789,True,True
56,4,25,900.200008392334,507.33553010459246,True,True
56,4,31,924.2000122070312,924.2000122070312,True,True
56,4,32,945.3333447774252,955.0000114440918,True,True
56,4,36,798.5000076293945,789.333340962728,True,True
56,4,37,830.0833409627279,842.0000076293945,True,True
56,4,38,500.0,901.2777854071722,True,True
57,4,18,540.4000015258789,551.4000015258789,True,True
57,4,30,811.6000099182129,811.6000099182129,True,True
57,4,33,915.8833440144857,924.8000106811523,True,True
57,4,34,999.0000114440918,999.0000114440918,True,True
57,4,38,500.0,901.2777854071722,True,True
57,4,39,850.3000068664551,850.3000068664551,True,True
57,4,41,924.1333388010661,943.700008392334,True,True
57,4,44,500.0,732.5000076293945,True,True
58,4,23,756.8000068664551,500.0,True,True
58,4,33,915.8833440144857,924.8000106811523,True,True
58,4,34,999.0000114440918,999.0000114440918,True,True
58,4,35,886.4000091552734,886.4000091552734,True,True
58,4,36,798.5000076293945,789.333340962728,True,True
58,4,43,825.6333368937175,779.9183258181152,True,True
58,4,44,500.0,732.5000076293945,True,True
58,4,45,500.0,715.967388194094,True,True
58,4,46,771.2333353678385,769.628679938641,True,True
58,4,47,691.0333346048991,691.4000053405762,True,True
59,4,19,500.0,500.0,True,True
59,4,35,886.4000091552734,886.4000091552734,True,True
59,4,44,500.0,732.5000076293945,True,True
