bid_day_index,scenario,seed,feasible_env_band,reason,certify_s
0,10,0,True,,2.100221299973782
0,10,1,True,,3.0281722000217997
0,10,2,True,,2.196423000015784
1,4,0,True,,2.0383666999987327
1,4,1,True,,2.0154368999938015
1,4,2,True,,1.255588700005319
1,8,0,True,,1.444751000002725
1,8,1,True,,1.4581530999857932
1,8,2,True,,1.827377699984936
1,13,0,True,,2.2402844000025652
1,13,1,True,,2.101400100014871
1,13,2,True,,2.021760700008599
1,14,0,True,,1.7497844000172336
1,14,1,True,,2.2781889000034425
1,14,2,True,,2.0367282000079285
1,19,0,True,,1.279613499995321
1,19,1,True,,1.363519600010477
1,19,2,True,,1.8151312999834772
2,1,0,True,,1.9365245000226423
2,1,1,False,,1.7911152000015136
2,1,2,False,,5.963311100000283
2,3,0,False,,1.8542243000119925
2,3,1,True,,2.404175600007875
2,3,2,True,,1.8786628000088967
2,4,0,False,,1.4526756999839563
2,4,1,False,,2.000838899984956
2,4,2,False,,3.318661199999042
2,10,0,True,,2.1982508999935817
2,10,1,False,,3.7378214000200387
2,10,2,False,,4.606048799993005
2,21,0,True,,2.221498300001258
2,21,1,True,,2.810165600007167
2,21,2,False,,3.6005423000024166
3,5,0,True,,3.3821337000117637
3,5,1,True,,2.1118367000017315
3,5,2,True,,2.3607691999932285
3,15,0,True,,2.5129441999888513
3,15,1,True,,2.2833654999849387
3,15,2,True,,2.340674900013255
3,16,0,True,,2.038105799991172
3,16,1,True,,2.732004500023322
3,16,2,True,,3.0718983999977354
