block,baseline_kw,submitted_up_kw,submitted_down_kw,awarded_up_kw,awarded_down_kw,awarded_fraction,offered_up_plus_down_kw
0,0.0,0.0,0.0,0.0,0.0,0.0,0.0
1,0.0,0.0,0.0,0.0,0.0,0.0,0.0
2,0.0,0.0,0.0,0.0,0.0,0.0,0.0
3,0.0,0.0,0.0,0.0,0.0,0.0,0.0
4,0.0,0.0,0.0,0.0,0.0,0.0,0.0
5,0.0,0.0,0.0,0.0,0.0,0.0,0.0
6,0.0,0.0,0.0,0.0,0.0,0.0,0.0
7,0.0,0.0,0.0,0.0,0.0,0.0,0.0
8,0.0,0.0,0.0,0.0,0.0,0.0,0.0
9,0.0,0.0,0.0,0.0,0.0,0.0,0.0
10,0.0,0.0,0.0,0.0,0.0,0.0,0.0
11,0.0,0.0,0.0,0.0,0.0,0.0,0.0
12,0.0,0.0,0.0,0.0,0.0,0.0,0.0
13,0.0,0.0,0.0,0.0,0.0,0.0,0.0
14,0.0,0.0,0.0,0.0,0.0,0.0,0.0
15,0.0,0.0,0.0,0.0,0.0,0.0,0.0
16,36.510000228881836,306.60000228881836,300.10000228881836,306.60000228881836,300.10000228881836,1.0,606.7000045776367
17,7.070504016047312,379.41667048136395,383.50000381469727,379.41667048136395,383.50000381469727,1.0,762.9166742960613
18,-23.270000457763672,504.2000045776367,507.7000045776367,504.2000045776367,507.7000045776367,1.0,1011.9000091552734
19,57.7176475525427,531.7000045776367,535.2000045776367,531.7000045776367,535.2000045776367,1.0,1066.9000091552734
20,65.94000051651884,636.8500053405761,659.4000053405762,636.8500053405761,659.4000053405762,1.0,1296.2500106811522
21,100.59000053405762,672.4000053405762,675.9000053405762,672.4000053405762,675.9000053405762,1.0,1348.3000106811523
22,68.41000061035152,664.1000061035156,684.1000061035156,664.1000061035156,684.1000061035156,1.0,1348.2000122070312
23,70.01000061035154,700.1000061035156,700.1000061035156,700.1000061035156,700.1000061035156,1.0,1400.2000122070312
24,-84.68000068664549,846.8000068664551,846.8000068664551,846.8000068664551,846.8000068664551,1.0,1693.6000137329102
25,76.35208899248993,807.8000068664551,807.8000068664551,807.8000068664551,807.8000068664551,1.0,1615.6000137329102
26,23.814581688924804,977.6000099182129,988.6000099182129,977.6000099182129,988.6000099182129,1.0,1966.2000198364258
27,57.32999992370631,1040.300006866455,1040.300006866455,1040.300006866455,1040.300006866455,1.0,2080.60001373291
28,122.73000144958496,1035.300006866455,1035.300006866455,1035.300006866455,1035.300006866455,1.0,2070.60001373291
29,122.73000144958496,1035.300006866455,1035.300006866455,1035.300006866455,1035.300006866455,1.0,2070.60001373291
30,114.03000068664551,1140.300006866455,1140.300006866455,1140.300006866455,1140.300006866455,1.0,2280.60001373291
31,219.5800010681153,1025.1666768391929,1035.8000106811523,1025.1666768391929,1035.8000106811523,1.0,2060.966687520345
32,118.88000183105466,980.7966740926107,996.8000106811523,980.7966740926107,996.8000106811523,1.0,1977.5966847737632
33,154.96000099182123,427.3670289532315,944.6000099182129,427.3670289532315,944.6000099182129,1.0,1371.9670388714444
34,111.56000099182121,549.7369852300857,1005.6000099182129,549.7369852300857,1005.6000099182129,1.0,1555.3369951482987
35,143.6800018310547,295.914379823507,969.8000106811523,295.914379823507,969.8000106811523,1.0,1265.7143905046594
36,237.6800630210714,640.9138115442446,825.1332709393151,640.9138115442446,825.1332709393151,1.0,1466.0470824835597
37,91.09800104141243,695.185989794495,867.6000099182129,695.185989794495,867.6000099182129,1.0,1562.785999712708
38,102.94000167846683,0.0,837.4000091552734,0.0,837.4000091552734,1.0,837.4000091552734
39,106.72000083923338,689.3254665248596,807.755559709337,689.3254665248596,807.755559709337,1.0,1497.0810262341965
40,159.09285474204572,250.0,611.5634989696127,250.0,611.5634989696127,1.0,861.5634989696127
41,169.59802763504211,770.9000091552734,770.8999763079889,770.9000091552734,770.8999763079889,1.0,1541.7999854632624
42,141.9500015083466,0.0,677.5000076293945,0.0,677.5000076293945,1.0,677.5000076293945
43,116.16000137329108,580.8000068664551,580.8000068664551,580.8000068664551,580.8000068664551,1.0,1161.6000137329102
44,57.78939894910861,492.9000053405762,492.9000053405762,492.9000053405762,492.9000053405762,1.0,985.8000106811523
45,40.5720008341506,407.1000061035156,407.1000061035156,407.1000061035156,407.1000061035156,1.0,814.2000122070312
46,30.640000152585614,398.8000068664551,398.8000068664551,398.8000068664551,398.8000068664551,1.0,797.6000137329102
47,34.08287976489119,360.3000068664551,360.3000068664551,360.3000068664551,360.3000068664551,1.0,720.6000137329102
