bid_day_index,scenario,seed,realized_seed,service_date,evaluation_pipeline,offered_capacity_kw_block,up_pass_rate,down_pass_rate,idle_pass_rate,up_stay_mean,down_stay_mean,idle_stay_mean,global_tracking_rate,market_tracking_rate,assessed_steps,missed_steps,unreachable_sustained,unreachable_step,unreachable_obligated,missed_unreachable_sustained,missed_unreachable_step,missed_unreachable_obligated,missed_though_reachable,controller_pre_system_tracking_rate,central_tracking_rate,controller_pre_system_mae_kw,pre_bess_mae_kw,post_bess_mae_kw,bess_final_soc_pct,bess_max_abs_power_kw,bess_throughput_kwh,bess_power_limit_hits,bess_energy_limit_hits,central_absolute_correction_kwh,central_corrected_ev_steps,central_correction_active_steps,soc_hit_rate,participating_blocks,failed_up_blocks,failed_down_blocks,failed_idle_blocks,failed_tracking_blocks,failed_up_block_count,failed_down_block_count,failed_idle_block_count,failed_tracking_block_count,up_step_pass_rate,down_step_pass_rate,idle_step_pass_rate,up_active_step_count,down_active_step_count,idle_active_step_count,up_step_failed_blocks,down_step_failed_blocks,idle_step_failed_blocks,up_step_failed_block_count,down_step_failed_block_count,idle_step_failed_block_count,departing_evs,departing_evs_soc_met,forced_ev_step_overrides,forced_active_steps,forced_concurrent_max,forced_concurrent_p95,forced_kw_max,forced_kw_mean_active,forced_kw_to_band_max,forced_step_tracking_rate,unforced_step_tracking_rate
0,0,0,1422090,2024-04-01,marl_force_bess,56139.28012839689,0.9090909090909092,0.9142857142857144,1.0,0.9545454545454546,0.9571428571428572,1.0,0.9571428571428572,0.9571428571428572,210,9,2,2,2,2,2,2,7,0.923809523809524,0.923809523809524,38.080458830651786,38.0804749250412,30.62007089091833,10.0,27.9916,142.2914143460058,112,120,0.0069525506993765,3337,288,1.0,35,18;19;20,18;19;20,,18;19;20,3,3,0,3,1.0,0.8953488372093024,1.0,39,86,85,,18;19;20,,0,3,0,78,78,85,61,3,1.6499999999999773,77.20716222879855,14.919644784165358,28614945.781951144,1.0,0.9516129032258064
0,1,0,1423090,2024-04-01,marl_force_bess,56139.28012839689,0.7575757575757576,0.7714285714285715,1.0,0.888888888888889,0.8952380952380952,1.0,0.8952380952380953,0.8952380952380953,210,22,2,1,4,2,1,4,18,0.8380952380952381,0.8380952380952381,56.06507503418696,56.065074262164885,46.92049380259662,11.699077813147005,27.9916,160.36471114476203,143,116,0.0067911868548738,3161,288,1.0,35,19;20;35;37;38;44;45;46,19;20;35;37;38;44;45;46,,19;20;35;37;38;44;45;46,8,8,0,8,0.9191919191919192,0.7941176470588235,1.0,99,68,43,19;38;45,20;35;37;44;45;46,,3,6,0,91,91,320,147,7,4.0,220.14767778116487,21.779922518459514,713324.1313824217,0.8828125,0.9146341463414634
0,2,0,1424090,2024-04-01,marl_force_bess,56139.28012839689,0.7878787878787878,0.8,0.8,0.888888888888889,0.8952380952380953,0.8444444444444444,0.8952380952380953,0.8952380952380953,210,22,6,5,5,6,5,5,17,0.861904761904762,0.861904761904762,66.3562817346482,66.35627523149763,60.41218841367245,10.0,27.9916,118.43040486704936,158,144,0.0066441835745839,3072,288,1.0,35,17;18;30;31;45;46;47,17;18;30;31;45;46;47,45;46;47,17;18;30;31;45;46;47,7,7,3,7,0.9583333333333334,0.918918918918919,0.8409090909090909,48,74,88,30;31,17;18,45;46;47,2,2,3,77,77,247,104,5,4.0,128.4855601355207,31.97962864044737,6717930.517170476,0.8446601941747572,0.9439252336448598
0,3,0,1425090,2024-04-01,marl_force_bess,56139.28012839689,0.696969696969697,0.6857142857142857,1.0,0.8131313131313131,0.8142857142857144,1.0,0.8142857142857143,0.8142857142857143,210,39,23,18,19,22,18,19,20,0.7761904761904762,0.7761904761904762,77.95443987165179,77.95444146792094,68.96688491563367,10.0,27.9916,166.00320112586562,156,120,0.0057723049691655,2649,286,1.0,35,16;17;18;24;29;31;38;45;46;47,0;16;17;18;24;29;31;38;45;46;47,,0;16;17;18;24;29;31;38;45;46;47,10,11,0,11,0.6666666666666666,0.7738095238095238,1.0,60,84,66,18;24;29;38;46;47,0;16;17;18;31;45;46,,6,7,0,81,81,287,126,5,3.0,167.43928101060737,36.77691811237639,44919847.7925499,0.8608695652173913,0.7578947368421053
0,4,0,1426090,2024-04-01,marl_force_bess,56139.28012839689,0.7878787878787878,0.7714285714285715,1.0,0.904040404040404,0.9047619047619048,1.0,0.9047619047619048,0.9047619047619048,210,20,3,0,0,3,0,0,20,0.8714285714285714,0.8714285714285714,59.0439904099419,59.04399538721357,52.50968632400558,12.29188037716901,27.9916,124.06450256877656,140,131,0.0073418208436729,3428,288,1.0,35,18;23;29;32;39;41;43,1;18;23;29;32;39;41;43,,1;18;23;29;32;39;41;43,7,8,0,8,0.7777777777777778,0.9101123595505618,1.0,54,89,67,18;23;29;32;43,1;39;41,,5,3,0,71,71,116,51,6,3.0,141.43758271376703,40.69552717778534,5956374.932741355,0.8974358974358975,0.9064327485380116
0,5,0,1427090,2024-04-01,marl_force_bess,56139.28012839689,0.7878787878787878,0.7428571428571429,0.9375,0.9242424242424242,0.8952380952380953,0.9791666666666666,0.8952380952380953,0.8952380952380953,210,22,12,11,11,12,11,11,11,0.8714285714285714,0.8714285714285714,66.83558010600862,66.83557600293841,59.09978363510238,10.0,27.9916,150.8841780714793,156,132,0.0068179027081593,3176,287,1.0,35,17;18;25;26;28;29;36,0;1;17;18;25;26;28;29;36,1,0;1;17;18;25;26;28;29;36,7,9,1,9,0.9,0.7857142857142857,0.9777777777777776,50,70,90,0;29,0;17;18;25;26;28;36,1,2,7,1,73,73,146,65,5,3.0,96.2142440842926,29.4294204606578,1146668.198619546,0.9047619047619048,0.891156462585034
0,6,0,1428090,2024-04-01,marl_force_bess,56139.28012839689,0.7575757575757576,0.7428571428571429,0.8125,0.8737373737373737,0.861904761904762,0.86875,0.861904761904762,0.861904761904762,210,29,10,4,7,10,4,7,22,0.8333333333333334,0.8333333333333334,55.73594221387591,55.73593779518491,46.94540774809853,10.0,27.9916,169.34208745836062,107,103,0.0062519472230633,2991,287,1.0,35,17;18;19;41;42;43;44;45,0;17;18;19;41;42;43;44;45,41;43;44,0;17;18;19;41;42;43;44;45,8,9,3,9,0.7846153846153846,0.913793103448276,0.8850574712643678,65,58,87,0;18;19;41;43;44;45,17;18;42,41;43;44,7,3,3,86,86,224,46,9,5.649999999999977,371.8943077841727,110.15839627115534,5.745315750000452,0.6086956521739131,0.9329268292682928
0,7,0,1429090,2024-04-01,marl_force_bess,56139.28012839689,0.5757575757575758,0.5428571428571428,0.4285714285714285,0.7222222222222222,0.6809523809523809,0.4857142857142857,0.680952380952381,0.680952380952381,210,67,6,4,4,6,4,4,63,0.6714285714285714,0.6714285714285714,82.43629255104987,82.43628758286081,75.7944774574299,10.0,27.9916,131.73948882939,144,142,0.0061249187432016,2793,286,1.0,35,17;18;19;23;34;35;38;39;40;41;42;43;44;45,0;1;17;18;19;23;34;35;38;39;40;41;42;43;44;45,1;38;39;40;41;43;44;45,0;1;17;18;19;23;34;35;38;39;40;41;42;43;44;45,14,16,8,16,0.8780487804878049,0.6909090909090909,0.4520547945205479,82,55,73,0;19;34;35,0;1;17;18;19;23;40;42,1;38;39;40;41;43;44;45,4,8,8,85,85,281,91,8,5.0,158.62028524477714,47.01365443658687,0.9181826653922334,0.5054945054945055,0.8151260504201681
0,8,0,1430090,2024-04-01,marl_force_bess,56139.28012839689,0.9090909090909092,0.9142857142857144,1.0,0.9545454545454546,0.9571428571428572,1.0,0.9571428571428572,0.9571428571428572,210,9,6,6,6,6,6,6,3,0.9333333333333332,0.9333333333333332,47.71891889572144,47.71891519001552,42.48577882111056,13.373213923469136,27.9916,107.08769809018594,155,156,0.0058586873431825,2790,285,1.0,35,16;18;23,16;18;23,,16;18;23,3,3,0,3,0.8688524590163934,0.9846153846153848,1.0,61,65,84,16;18;23,18,,3,1,0,76,76,217,96,6,3.0,107.46424696172808,30.021411690421164,0.7451112612793899,0.9791666666666666,0.9385964912280702
0,9,0,1431090,2024-04-01,marl_force_bess,56139.28012839689,0.7272727272727273,0.7142857142857143,0.9285714285714286,0.8131313131313131,0.7952380952380952,0.9285714285714286,0.7952380952380952,0.7952380952380952,210,43,4,3,3,4,3,3,40,0.7952380952380952,0.7952380952380952,63.32597270579565,63.32596491859073,58.27200278382532,10.0,27.9916,103.17860015677104,149,150,0.0058382409940046,2564,285,1.0,35,18;23;24;42;43;44;45;46;47,0;18;23;24;42;43;44;45;46;47,47,0;18;23;24;42;43;44;45;46;47,9,10,1,10,0.6464646464646465,0.8837209302325582,0.9558823529411764,99,43,68,0;18;42;43;44;45;46;47,23;24;45,47,8,3,1,75,75,313,110,6,5.0,129.66395706489644,34.83257726215628,3576907.0706437086,0.7431192660550459,0.8514851485148515
0,10,0,1432090,2024-04-01,marl_force_bess,56139.28012839689,0.7575757575757576,0.7714285714285715,1.0,0.8787878787878789,0.8857142857142858,1.0,0.8857142857142857,0.8857142857142857,210,24,9,4,12,9,4,12,12,0.8714285714285714,0.8714285714285714,58.143072557449344,58.14306966009594,49.12363909354012,10.0,27.9916,160.54778895211348,130,110,0.0060274995788252,2796,286,1.0,35,18;19;28;29;44;45;46;47,18;19;28;29;44;45;46;47,,18;19;28;29;44;45;46;47,8,8,0,8,0.7945205479452054,0.8714285714285714,1.0,73,70,67,44;45;46,18;19;28;29;47,,3,5,0,80,80,194,94,5,3.0,148.9924186120307,30.06975221540472,2.301752060639609,0.8191489361702128,0.9396551724137931
0,11,0,1433090,2024-04-01,marl_force_bess,56139.28012839689,0.6363636363636364,0.6571428571428571,1.0,0.8080808080808081,0.819047619047619,1.0,0.819047619047619,0.819047619047619,210,38,11,9,9,10,9,9,29,0.7952380952380952,0.7952380952380952,58.4598640527044,58.45985742126192,52.389827824021786,10.0,27.9916,121.73332958605144,140,142,0.0060423749552379,2736,288,1.0,35,18;19;21;23;25;38;39;40;41;43;46;47,18;19;21;23;25;38;39;40;41;43;46;47,,18;19;21;23;25;38;39;40;41;43;46;47,12,12,0,12,0.7540983606557377,0.7653061224489796,1.0,61,98,51,18;19;23;38;40;41,18;21;23;25;39;41;43;46;47,,6,9,0,76,76,103,82,3,2.0,54.94068683385849,9.358607607514346,0.3921814856406515,0.8048780487804879,0.828125
1,0,0,1522090,2024-04-06,marl_force_bess,35805.302747294234,0.7241379310344828,0.7241379310344828,1.0,0.9195402298850572,0.9195402298850572,1.0,0.9195402298850576,0.9195402298850576,174,14,0,0,0,0,0,0,14,0.8448275862068966,0.8448275862068966,33.87167274540868,33.871674466407164,16.891109091102567,10.275440850493617,27.9916,246.21819794191623,85,29,0.0075957319204462,3623,288,1.0,29,24;25;33;39;40;43;44;47,24;25;33;39;40;43;44;47,,24;25;33;39;40;43;44;47,8,8,0,8,0.9322033898305084,0.8765432098765432,1.0,59,81,34,39;43,24;25;33;39;40;44;47,,2,7,0,79,79,151,107,4,2.0,62.65696824259285,7.818273084360454,17407716.03508967,0.9239130434782608,0.9146341463414634
1,1,0,1523090,2024-04-06,marl_force_bess,35805.302747294234,0.8275862068965517,0.8275862068965517,1.0,0.9367816091954022,0.9367816091954022,1.0,0.9367816091954024,0.9367816091954024,174,11,0,0,0,0,0,0,11,0.8448275862068966,0.8448275862068966,35.4661498124572,35.46615597845494,24.014353244788364,43.91198390953299,27.9916,166.0511396381653,89,79,0.0067770971084731,2938,288,1.0,29,31;33;34;35;39,31;33;34;35;39,,31;33;34;35;39,5,5,0,5,0.8493150684931506,1.0,1.0,73,80,21,31;33;34;35;39,,,5,0,0,81,81,166,99,3,3.0,58.22866931557655,9.80562283156707,22359395.530647527,0.9010989010989012,0.9759036144578314
1,2,0,1524090,2024-04-06,marl_force_bess,35805.302747294234,0.6551724137931034,0.6551724137931034,1.0,0.8275862068965517,0.8275862068965517,1.0,0.8275862068965517,0.8275862068965517,174,30,0,0,0,0,0,0,30,0.7471264367816092,0.7471264367816092,50.54321770284368,50.54321344419458,41.27705592171696,90.0,27.9916,134.35928407592553,101,103,0.0059793307130651,2833,285,1.0,29,20;22;27;28;30;33;34;35;41;46,20;22;27;28;30;33;34;35;41;46,,20;22;27;28;30;33;34;35;41;46,10,10,0,10,0.8372093023255814,0.7714285714285715,1.0,86,70,18,27;30;34;35;46,20;22;28;33;41,,5,5,0,80,80,109,60,3,3.0,72.91942517624932,23.051186680974,59352381.67727422,0.9130434782608696,0.796875
1,3,0,1525090,2024-04-06,marl_force_bess,35805.302747294234,0.7931034482758621,0.7931034482758621,1.0,0.8620689655172413,0.8620689655172413,1.0,0.8620689655172413,0.8620689655172413,174,24,3,1,1,3,1,1,23,0.8448275862068966,0.8448275862068966,43.65784767270088,43.65784599006861,37.28981240292158,87.42073609980595,27.9916,92.33648701363197,115,111,0.0062587060735192,2922,287,1.0,29,26;27;29;30;33;39,26;27;29;30;33;39,,26;27;29;30;33;39,6,6,0,6,0.8275862068965517,0.8783783783783784,1.0,87,74,13,26;27;29;30;39,27;33,,5,2,0,78,78,59,50,2,1.0,54.727258533239365,11.557885906483373,44176628.8223612,0.8723404255319149,0.8582677165354331
1,4,0,1526090,2024-04-06,marl_force_bess,35805.302747294234,0.896551724137931,0.896551724137931,1.0,0.9597701149425288,0.9597701149425288,1.0,0.9597701149425288,0.9597701149425288,174,7,0,0,0,0,0,0,7,0.9367816091954024,0.9367816091954024,25.911863612032484,25.91185674996212,16.469559672228147,10.0,27.9916,136.91330762714256,65,79,0.0064312756391397,3104,288,1.0,29,20;30;39,20;30;39,,20;30;39,3,3,0,3,0.9516129032258064,0.9473684210526316,1.0,62,76,36,30;39,20,,2,1,0,76,76,84,53,3,2.0,61.70791065067835,14.66392695033393,15053371.303536694,0.9583333333333334,0.9603174603174603
1,5,0,1527090,2024-04-06,marl_force_bess,35805.302747294234,0.896551724137931,0.896551724137931,1.0,0.9367816091954022,0.9367816091954022,1.0,0.9367816091954024,0.9367816091954024,174,11,7,4,4,6,4,4,7,0.9080459770114944,0.9080459770114944,42.48294583682356,42.48294331013472,33.274505385747844,50.55427656777562,27.9916,133.52234990360947,110,93,0.0056296896194301,2630,285,1.0,29,27;32;39,27;32;39,,27;32;39,3,3,0,3,0.8333333333333334,0.9767441860465116,1.0,54,86,34,32;39,27,,2,1,0,74,74,132,89,3,2.0,76.0488456505038,13.644022393887436,49169338.89807668,0.942528735632184,0.9310344827586208
1,6,0,1528090,2024-04-06,marl_force_bess,35805.302747294234,0.8620689655172413,0.8620689655172413,1.0,0.896551724137931,0.896551724137931,1.0,0.896551724137931,0.896551724137931,174,18,1,0,4,1,0,4,14,0.8390804597701149,0.8390804597701149,38.165366997664,38.16535803093307,29.66760455741173,14.22157004961872,27.9916,123.2174253660594,92,100,0.0064029409404611,3031,288,1.0,29,21;22;33;39,21;22;33;39,,21;22;33;39,4,4,0,4,0.8529411764705882,0.8933333333333333,1.0,68,75,31,22;33;39,21;33,,3,2,0,77,77,89,55,5,2.0,164.99575431325243,28.38072951709534,26862151.131799083,0.9019607843137256,0.8943089430894309
1,7,0,1529090,2024-04-06,marl_force_bess,35805.302747294234,0.8275862068965517,0.8275862068965517,1.0,0.9195402298850572,0.9195402298850572,1.0,0.9195402298850576,0.9195402298850576,174,14,0,0,0,0,0,0,14,0.9080459770114944,0.9080459770114944,37.84890888477194,37.84889581833762,31.35845021826014,77.30913368504964,27.9916,94.1114612011236,95,99,0.0060016682255081,2696,284,1.0,29,19;21;27;33;39,19;21;27;33;39,,19;21;27;33;39,5,5,0,5,0.98,0.8686868686868687,1.0,50,99,25,39,19;21;27;33,,1,4,0,67,67,74,73,2,1.0,56.68778270483017,15.834957176312226,37636115.68774018,0.875,0.9509803921568628
1,8,0,1530090,2024-04-06,marl_force_bess,35805.302747294234,0.896551724137931,0.896551724137931,1.0,0.971264367816092,0.971264367816092,1.0,0.971264367816092,0.971264367816092,174,5,0,0,0,0,0,0,5,0.913793103448276,0.913793103448276,36.58338342863938,36.58338883279384,24.086739257101534,10.0,27.9916,181.2014188475381,102,74,0.0064826772043791,3032,282,1.0,29,21;33;43,21;33;43,,21;33;43,3,3,0,3,0.9565217391304348,0.9736842105263158,1.0,69,76,29,33;43,21;33,,2,2,0,74,74,57,38,3,1.0,70.45558179242391,30.27905879294236,1987239.7483443047,0.9444444444444444,0.9782608695652174
1,9,0,1531090,2024-04-06,marl_force_bess,35805.302747294234,0.8620689655172413,0.8620689655172413,1.0,0.9655172413793104,0.9655172413793104,1.0,0.9655172413793104,0.9655172413793104,174,6,0,0,0,0,0,0,6,0.942528735632184,0.942528735632184,35.45632689026581,35.4563279371152,26.34458435447509,90.0,27.9916,132.12028194828162,98,86,0.0058190250704986,2670,288,1.0,29,33;39;44;47,33;39;44;47,,33;39;44;47,4,4,0,4,0.9661016949152542,0.9591836734693876,1.0,59,98,17,39,33;44;47,,1,3,0,81,81,74,70,2,1.0,45.59432053267956,8.718230676129592,9375264.084167551,0.9545454545454546,0.9722222222222222
1,10,0,1532090,2024-04-06,marl_force_bess,35805.302747294234,0.6551724137931034,0.6551724137931034,1.0,0.8448275862068966,0.8448275862068966,1.0,0.8448275862068966,0.8448275862068966,174,27,10,9,9,10,9,9,18,0.8160919540229885,0.8160919540229885,53.2786156117231,53.278621246074806,43.1682318123986,90.0,27.9916,146.60064678830497,118,94,0.0057108865657937,2654,285,1.0,29,21;22;27;29;33;37;38;39;40;41,21;22;27;29;33;37;38;39;40;41,,21;22;27;29;33;37;38;39;40;41,10,10,0,10,0.819672131147541,0.8095238095238095,1.0,61,84,29,21;27;29;37;39,22;27;33;38;39;40;41,,5,7,0,86,86,49,45,3,1.0,61.259860137104994,13.759349709301937,29114647.72348105,0.9285714285714286,0.8181818181818182
1,11,0,1533090,2024-04-06,marl_force_bess,35805.302747294234,0.896551724137931,0.896551724137931,1.0,0.9367816091954022,0.9367816091954022,1.0,0.9367816091954024,0.9367816091954024,174,11,3,0,0,3,0,0,11,0.9252873563218392,0.9252873563218392,36.113816628510925,36.113810374819,23.82310255109883,90.0,27.9916,178.21526344394226,90,68,0.0057665712738526,2581,287,1.0,29,27;32;33,27;32;33,,27;32;33,3,3,0,3,0.9074074074074074,0.9230769230769232,1.0,54,78,42,32,27;33,,1,2,0,77,77,112,86,3,2.0,75.61674249917269,11.386615320709994,11056512.632330377,0.8421052631578947,0.9829059829059827
2,0,0,1622090,2024-04-07,marl_force_bess,43320.81851853279,0.8333333333333334,0.8333333333333334,0.8,0.9222222222222222,0.9222222222222222,0.8833333333333334,0.9222222222222224,0.9222222222222224,180,14,2,0,0,2,0,0,14,0.9055555555555556,0.9055555555555556,61.00585016409556,61.00585102770064,52.47012900696466,10.0,27.9916,128.03583031103966,115,116,0.0059356274092958,2758,288,1.0,30,18;36;37;38;41,18;36;37;38;41,36;38,18;36;37;38;41,5,5,2,5,0.9850746268656716,0.84375,0.9387755102040816,67,64,49,37,18;38;41,36;38,1,3,2,68,68,225,94,5,4.0,83.81360421541126,28.60009734064648,0.7167282409178368,0.8723404255319149,0.9767441860465116
2,1,0,1623090,2024-04-07,marl_force_bess,43320.81851853279,0.4666666666666667,0.4666666666666667,0.8181818181818182,0.75,0.75,0.890909090909091,0.75,0.75,180,45,40,38,39,40,38,39,6,0.7277777777777777,0.7277777777777777,116.150067712201,116.1500629544258,101.62726694810902,90.0,27.9916,217.8419400947514,139,69,0.0060983750336163,2847,287,1.0,30,22;30;33;34;35;36;37;38;39;40;41;42;43;44;45;46,22;30;33;34;35;36;37;38;39;40;41;42;43;44;45;46,36;38,22;30;33;34;35;36;37;38;39;40;41;42;43;44;45;46,16,16,2,16,0.7777777777777778,0.5882352941176471,0.9387755102040816,63,68,49,30;33;36;37;38,22;34;35;38;39;40;41;42;43;44;45;46,36;38,5,12,2,73,73,201,57,9,5.0,352.16062755594385,34.94468641920852,4.329488694118854,0.4912280701754385,0.8699186991869918
2,2,0,1624090,2024-04-07,marl_force_bess,43320.81851853279,0.8666666666666667,0.8666666666666667,1.0,0.9166666666666666,0.9166666666666666,1.0,0.9166666666666666,0.9166666666666666,180,15,0,0,0,0,0,0,15,0.8944444444444445,0.8944444444444445,36.79867683913972,36.79867317808999,30.006585994500902,13.797490907342167,27.9916,101.88130775383632,76,104,0.0055786066841392,2554,288,1.0,30,18;34;35;36,18;34;35;36,,18;34;35;36,4,4,0,4,0.9452054794520548,0.8428571428571429,1.0,73,70,37,34,18;34;35;36,,1,4,0,75,75,201,89,5,4.0,115.79666688171709,29.684775849681117,27087004.55113424,0.8414634146341463,0.979591836734694
2,3,0,1625090,2024-04-07,marl_force_bess,43320.81851853279,0.7666666666666667,0.7666666666666667,0.9090909090909092,0.8944444444444443,0.8944444444444443,0.9848484848484848,0.8944444444444445,0.8944444444444445,180,19,1,1,1,1,1,1,18,0.8944444444444445,0.8944444444444445,57.1681407517857,57.168138060304855,47.92606071747684,36.86685334251249,27.9916,138.6311601424202,113,98,0.0050975588777267,2408,259,1.0,30,38;39;40;41;42;43;47,38;39;40;41;42;43;47,43,38;39;40;41;42;43;47,7,7,1,7,0.8529411764705882,0.8461538461538461,0.9833333333333332,68,52,60,38;39;40;42;47,39;41,43,5,2,1,67,67,280,85,7,6.0,118.602401115449,37.00382001700076,1.797493014101213,0.7764705882352941,1.0
2,4,0,1626090,2024-04-07,marl_force_bess,43320.81851853279,0.8666666666666667,0.8666666666666667,1.0,0.9222222222222222,0.9222222222222222,1.0,0.9222222222222224,0.9222222222222224,180,14,5,5,5,5,5,5,9,0.9222222222222224,0.9222222222222224,67.31324704223209,67.31324152151744,61.41304192326607,23.970908590703345,27.9916,88.50299397377047,128,124,0.0055781313906967,2571,273,1.0,30,21;24;30;34,21;24;30;34,,21;24;30;34,4,4,0,4,0.8769230769230769,0.8928571428571429,1.0,65,56,59,30;34,21;24,,2,2,0,74,74,267,113,6,4.0,80.89182706973475,21.29036608147966,11175654.856764248,0.9537037037037036,0.875
2,5,0,1627090,2024-04-07,marl_force_bess,43320.81851853279,0.7666666666666667,0.7666666666666667,0.8181818181818182,0.9111111111111112,0.9111111111111112,0.9393939393939392,0.9111111111111112,0.9111111111111112,180,16,0,0,0,0,0,0,16,0.9111111111111112,0.9111111111111112,67.24306545058886,67.24306646254328,60.727228694610574,10.0,27.9916,97.7375665189906,131,124,0.0064167212331085,3038,288,1.0,30,28;29;38;41;44;45;46,28;29;38;41;44;45;46,38;45,28;29;38;41;44;45;46,7,7,2,7,0.9565217391304348,0.82,0.9344262295081968,69,50,61,28;29,41;44;46,38;45,2,3,2,86,86,221,93,5,4.0,126.246945418894,34.42669817277908,61395804.45293354,0.8390804597701149,0.978494623655914
2,6,0,1628090,2024-04-07,marl_force_bess,43320.81851853279,0.9333333333333332,0.9333333333333332,1.0,0.972222222222222,0.972222222222222,1.0,0.9722222222222222,0.9722222222222222,180,5,0,0,0,0,0,0,5,0.9111111111111112,0.9111111111111112,36.07530628442764,36.07531499995126,24.7020759590331,90.0,27.9916,170.59858561377217,107,86,0.0065902537826332,3252,284,1.0,30,21;22,21;22,,21;22,2,2,0,2,0.9838709677419356,0.9428571428571428,1.0,62,70,48,21,22,,1,1,0,78,78,5,5,1,0.0,24.570513366481197,10.698276813543046,0.5887973552842376,1.0,0.9714285714285714
2,7,0,1629090,2024-04-07,marl_force_bess,43320.81851853279,0.8333333333333334,0.8333333333333334,0.8888888888888888,0.9,0.9,0.8888888888888888,0.9,0.9,180,18,0,0,0,0,0,0,18,0.8611111111111112,0.8611111111111112,55.876478044192,55.87647569179535,45.68112065671693,10.0,27.9916,152.93032552617623,106,80,0.0053618892525264,2515,288,1.0,30,21;41;43;44;46,21;41;43;44;46,43,21;41;43;44;46,5,5,1,5,1.0,0.7857142857142857,0.875,76,56,48,,21;41;44;46,43,0,4,1,78,78,379,88,8,6.0,151.64074826134708,48.32943812757733,0.9907547477643124,0.8068181818181818,0.9891304347826086
2,8,0,1630090,2024-04-07,marl_force_bess,43320.81851853279,0.4,0.4,0.8571428571428571,0.5722222222222223,0.5722222222222223,0.9761904761904762,0.5722222222222222,0.5722222222222222,180,77,16,8,32,16,8,32,45,0.5666666666666667,0.5666666666666667,151.10370611680878,151.10371186004744,145.2330310010181,10.0,27.9916,88.0602128854402,153,135,0.0054681476707022,2455,287,1.0,30,18;22;23;27;28;33;34;36;38;39;40;41;42;43;44;45;46;47,18;22;23;27;28;33;34;36;38;39;40;41;42;43;44;45;46;47,36,18;22;23;27;28;33;34;36;38;39;40;41;42;43;44;45;46;47,18,18,1,18,0.5092592592592593,0.4390243902439024,0.967741935483871,108,41,31,28;34;39;40;42;43;44;45;46;47,18;22;23;27;33;38;41,36,10,7,1,82,82,673,114,14,9.0,611.5249741293071,145.37020772252004,7.786731386793389,0.4561403508771929,0.7727272727272727
2,9,0,1631090,2024-04-07,marl_force_bess,43320.81851853279,0.8666666666666667,0.8666666666666667,0.9,0.9166666666666666,0.9166666666666666,0.9166666666666669,0.9166666666666666,0.9166666666666666,180,15,0,0,0,0,0,0,15,0.8722222222222222,0.8722222222222222,62.847090201245415,62.84708515736792,56.30634762320648,10.0,27.9916,98.11106301242164,143,127,0.0059832679423076,2802,287,1.0,30,25;41;42;43,25;41;42;43,43,25;41;42;43,4,4,1,4,0.9361702127659576,0.9156626506024096,0.9,47,83,50,42,25;41,43,1,2,1,77,77,188,91,6,4.0,83.49530125856401,21.05352295923908,0.6545829262836912,0.8791208791208791,0.9550561797752808
2,10,0,1632090,2024-04-07,marl_force_bess,43320.81851853279,0.8,0.8,1.0,0.9055555555555556,0.9055555555555556,1.0,0.9055555555555556,0.9055555555555556,180,17,0,0,0,0,0,0,17,0.8944444444444445,0.8944444444444445,53.56146346728007,53.56146541701423,48.1639186046546,23.530086423809514,27.9916,80.96320218539455,121,129,0.0064326119730443,3021,288,1.0,30,18;19;21;23;27;43,18;19;21;23;27;43,,18;19;21;23;27;43,6,6,0,6,0.9206349206349206,0.8095238095238095,1.0,63,63,54,19;27;43,18;21;23,,3,3,0,84,84,148,99,4,3.0,70.78738542907354,17.471152978502566,15423585.208398618,0.9166666666666666,0.8928571428571429
2,11,0,1633090,2024-04-07,marl_force_bess,43320.81851853279,0.9,0.9,1.0,0.9666666666666668,0.9666666666666668,1.0,0.9666666666666668,0.9666666666666668,180,6,1,0,1,1,0,1,5,0.9111111111111112,0.9111111111111112,41.83255858421326,41.83255075878567,35.18257508463507,10.0,27.9916,99.74963511225904,109,111,0.0057031622818612,2679,287,1.0,30,21;32;46,21;32;46,,21;32;46,3,3,0,3,0.9848484848484848,0.903846153846154,1.0,66,52,62,32,21;46,,1,2,0,78,78,194,113,4,3.0,69.32484124600887,13.016072275475432,20280833.307448857,0.9587628865979382,0.9759036144578314
3,0,0,1722090,2024-08-01,marl_force_bess,76739.76205152198,0.7872340425531915,0.7872340425531915,1.0,0.8794326241134752,0.8794326241134752,1.0,0.8794326241134752,0.8794326241134752,282,34,15,10,10,15,10,10,24,0.8617021276595744,0.8617021276595744,51.21104810170248,51.21104363431322,42.20917085541679,47.97903373222175,27.9916,225.53981030406595,151,127,0.0069444393739104,3292,283,1.0,47,10;15;17;18;20;22;26;27;39;44,10;15;17;18;20;22;26;27;39;44,,10;15;17;18;20;22;26;27;39;44,10,10,0,10,0.8666666666666667,0.8133333333333334,1.0,45,150,87,18;20;22,10;15;17;18;20;22;26;27;39;44,,3,10,0,71,71,111,74,3,2.0,62.66848574839534,28.52577814633836,10255434.699917069,0.9714285714285714,0.8490566037735849
3,1,0,1723090,2024-08-01,marl_force_bess,76739.76205152198,0.6170212765957447,0.6170212765957447,0.8823529411764706,0.8581560283687943,0.8581560283687943,0.9284313725490196,0.8581560283687943,0.8581560283687943,282,40,16,12,13,16,12,13,27,0.8333333333333334,0.8333333333333334,69.35828898392671,69.3582883582893,60.34674129995728,10.0,27.9916,225.7671558708023,177,171,0.0062578255929111,2920,286,1.0,47,0;3;5;6;7;8;15;17;18;20;27;28;29;38;39;40;43;45,0;3;5;6;7;8;15;17;18;20;27;28;29;38;39;40;43;45,8;38;39;40,0;3;5;6;7;8;15;17;18;20;27;28;29;38;39;40;43;45,18,18,4,18,0.6956521739130435,0.7407407407407407,0.935483870967742,69,27,186,0;3;5;6;7;8;18;20;28;29,15;17;27;40;43;45,8;38;39;40,10,6,4,82,82,361,144,8,5.0,133.97908118568938,28.936329062350644,2.313023552003825,0.8541666666666666,0.8623188405797102
3,2,0,1724090,2024-08-01,marl_force_bess,76739.76205152198,0.7872340425531915,0.7872340425531915,1.0,0.8617021276595744,0.8617021276595744,1.0,0.8617021276595744,0.8617021276595744,282,39,6,5,5,6,5,5,34,0.8226950354609929,0.8226950354609929,58.12283085614232,58.12282849224746,49.23009647233242,10.0,27.9916,215.74655217514007,158,141,0.006361055226686,2970,281,1.0,47,5;14;18;20;22;27;42;44;45;46,5;14;18;20;22;27;42;44;45;46,,5;14;18;20;22;27;42;44;45;46,10,10,0,10,0.7471264367816092,0.8172043010752689,1.0,87,93,102,5;14;20;42;44;46,18;20;22;27;45;46,,6,6,0,78,78,229,121,6,3.0,154.71978293127492,32.7646974943545,1.2200245471813702,0.9421487603305784,0.8012422360248447
3,3,0,1725090,2024-08-01,marl_force_bess,76739.76205152198,0.8297872340425532,0.8297872340425532,1.0,0.9574468085106383,0.9574468085106383,1.0,0.9574468085106383,0.9574468085106383,282,12,8,7,7,8,7,7,5,0.9184397163120568,0.9184397163120568,65.55203455897933,65.55203523196226,58.78308100139293,10.0,27.9916,173.06622441837922,199,184,0.0054748472090674,2437,287,1.0,47,5;14;18;20;21;22;23;30,5;14;18;20;21;22;23;30,,5;14;18;20;21;22;23;30,8,8,0,8,0.8771929824561403,0.8387096774193549,1.0,57,31,194,5;18;20;22;23;30,14;20;21;23,,6,4,0,87,87,168,115,3,2.0,90.76166508186816,32.45518634473338,0.8442335332426966,0.991304347826087,0.934131736526946
3,4,0,1726090,2024-08-01,marl_force_bess,76739.76205152198,0.7446808510638298,0.7446808510638298,0.8333333333333334,0.8829787234042554,0.8829787234042554,0.9,0.8829787234042553,0.8829787234042553,282,33,3,3,3,3,3,3,30,0.8687943262411347,0.8687943262411347,59.95035207313849,59.95035678655543,51.77973161311467,10.0,27.9916,203.67285824252448,175,154,0.0056000304660604,2553,286,1.0,47,3;5;10;14;18;20;30;40;41;42;43;47,3;5;10;14;18;20;30;40;41;42;43;47,40;41;42;43;47,3;5;10;14;18;20;30;40;41;42;43;47,12,12,5,12,0.7719298245614035,0.9107142857142856,0.9112426035502958,57,56,169,3;5;10;14;18;20,30;42;43,40;41;42;43;47,6,3,5,83,83,157,69,5,4.0,102.96241478323935,36.60730752804579,0.9260875874179226,0.7391304347826086,0.9295774647887324
3,5,0,1727090,2024-08-01,marl_force_bess,76739.76205152198,0.6382978723404256,0.6382978723404256,0.8235294117647058,0.8191489361702128,0.8191489361702128,0.91421568627451,0.8191489361702128,0.8191489361702128,282,51,19,14,16,19,14,16,35,0.8191489361702128,0.8191489361702128,94.06244096265615,94.06244585192796,87.8230186514726,10.0,27.9916,156.43324735163836,180,164,0.0062629308073762,2951,285,1.0,47,0;15;17;18;19;20;21;22;24;31;33;35;36;38;39;40;41,0;15;17;18;19;20;21;22;24;31;33;35;36;38;39;40;41,35;36;38;39;40;41,0;15;17;18;19;20;21;22;24;31;33;35;36;38;39;40;41,17,17,6,17,0.7058823529411765,0.5128205128205128,0.9114583333333334,51,39,192,18;20;24;31;33;35,0;15;17;18;19;20;21;22,35;36;38;39;40;41,6,8,6,75,75,364,95,8,7.0,276.2581841617283,44.2885746732194,2.1202245801410293,0.7578947368421053,0.8502673796791443
3,6,0,1728090,2024-08-01,marl_force_bess,76739.76205152198,0.7446808510638298,0.7446808510638298,0.9375,0.847517730496454,0.847517730496454,0.9583333333333331,0.8475177304964538,0.8475177304964538,282,43,16,16,16,16,16,16,27,0.8297872340425532,0.8297872340425532,81.84311567891574,81.84311365151237,73.22372891630559,10.0,27.9916,216.55134127735863,199,150,0.0058690662820784,2743,288,1.0,47,8;10;17;18;19;20;28;29;30;31;32;33,8;10;17;18;19;20;28;29;30;31;32;33,8;10,8;10;17;18;19;20;28;29;30;31;32;33,12,12,2,12,0.6551724137931034,0.5833333333333334,0.9574468085106383,58,36,188,18;19;20;28;31;32;33,17;29;30,8;10,7,3,2,87,87,280,161,5,3.0,102.51855625476811,24.3873455746464,3.1493346887890312,0.7391304347826086,0.9917355371900828
3,7,0,1729090,2024-08-01,marl_force_bess,76739.76205152198,0.8936170212765957,0.8936170212765957,1.0,0.9184397163120568,0.9184397163120568,1.0,0.9184397163120568,0.9184397163120568,282,23,12,7,8,12,7,8,15,0.9148936170212766,0.9148936170212766,71.72392353182988,71.72392121528057,65.26954464426782,10.0,27.9916,165.67364941879953,167,164,0.0052742128160995,2366,287,1.0,47,17;18;20;22;29,17;18;20;22;29,,17;18;20;22;29,5,5,0,5,0.74,0.7297297297297297,1.0,50,37,195,18;20;29,17;18;20;22,,3,4,0,80,80,474,117,7,6.0,113.82243650526254,45.35848617919604,0.5288080958511346,0.9572649572649572,0.8909090909090909
3,8,0,1730090,2024-08-01,marl_force_bess,76739.76205152198,0.7872340425531915,0.7872340425531915,0.8484848484848485,0.8617021276595744,0.8617021276595744,0.8838383838383838,0.8617021276595744,0.8617021276595744,282,39,9,9,9,9,9,9,30,0.8581560283687943,0.8581560283687943,72.73757902442986,72.73757520888714,64.22586260107724,10.0,27.9916,209.60917629465283,182,157,0.0066617447106788,3172,288,1.0,47,20;22;29;30;32;41;42;44;45;46,20;22;29;30;32;41;42;44;45;46,41;42;44;45;46,20;22;29;30;32;41;42;44;45;46,10,10,5,10,0.8245614035087719,0.8,0.882051282051282,57,30,195,20;22;30;32,29,41;42;44;45;46,4,1,5,86,86,269,104,7,5.0,201.6687992124853,63.58033843159167,1.466762898682675,0.7692307692307693,0.9157303370786516
3,9,0,1731090,2024-08-01,marl_force_bess,76739.76205152198,0.7446808510638298,0.7446808510638298,0.90625,0.8333333333333335,0.8333333333333335,0.9677083333333334,0.8333333333333334,0.8333333333333334,282,47,36,35,35,36,35,35,12,0.8262411347517731,0.8262411347517731,77.2489435461396,77.24894626005322,67.69646740865886,10.0,27.9916,234.2531743374072,199,159,0.0059410671771426,2787,286,1.0,47,5;7;8;9;10;12;14;16;18;20;44;46,5;7;8;9;10;12;14;16;18;20;44;46,8;44;46,5;7;8;9;10;12;14;16;18;20;44;46,12,12,3,12,0.7704918032786885,0.4489795918367347,0.9651162790697676,61,49,172,5;9;10;12;16;18;20,5;7;8;9;10;12;14;18;20,8;44;46,7,9,3,65,65,201,101,4,3.0,117.6804688639116,51.62020760356554,0.8939567715704916,0.9405940594059404,0.7734806629834254
3,10,0,1732090,2024-08-01,marl_force_bess,76739.76205152198,0.4893617021276595,0.4893617021276595,0.9696969696969696,0.8085106382978722,0.8085106382978722,0.9818181818181818,0.8085106382978723,0.8085106382978723,282,54,35,31,34,35,31,34,20,0.7836879432624113,0.7836879432624113,108.35334124717306,108.35333354506932,99.01962315395762,10.0,27.9916,220.31198508746527,197,163,0.0066006613572729,3046,287,1.0,47,5;6;8;10;17;19;20;21;23;25;26;27;28;29;30;31;32;34;38;39;42;43;44;46,5;6;8;10;17;19;20;21;23;25;26;27;28;29;30;31;32;34;38;39;42;43;44;46,46,5;6;8;10;17;19;20;21;23;25;26;27;28;29;30;31;32;34;38;39;42;43;44;46,24,24,1,24,0.56,0.6470588235294118,0.9807692307692308,75,51,156,5;6;19;20;25;27;29;30;31;32;34;39;42;43,8;10;17;20;21;23;26;28;38;44,46,14,10,1,80,80,238,94,6,4.0,245.2309606751735,39.13249811840606,2.9728569163035643,0.7021276595744681,0.8617021276595744
3,11,0,1733090,2024-08-01,marl_force_bess,76739.76205152198,0.8936170212765957,0.8936170212765957,1.0,0.950354609929078,0.950354609929078,1.0,0.950354609929078,0.950354609929078,282,14,2,2,2,2,2,2,12,0.9326241134751772,0.9326241134751772,50.70089683295987,50.70088833697299,43.062947851888325,17.262864046788152,27.9916,193.4874013994892,171,156,0.006421586114205,2970,288,1.0,47,10;15;19;20;22,10;15;19;20;22,,10;15;19;20;22,5,5,0,5,0.9245283018867924,0.7142857142857143,1.0,53,35,194,19;20,10;15;22,,2,3,0,84,84,186,108,5,4.0,131.74395944625013,26.229613985968225,0.5163055133384108,0.9722222222222222,0.9367816091954024
4,0,0,1822090,2024-08-03,marl_force_bess,58362.84052873991,0.6304347826086957,0.6304347826086957,0.9047619047619048,0.746376811594203,0.746376811594203,0.9444444444444444,0.7463768115942029,0.7463768115942029,276,70,15,15,15,15,15,15,55,0.7246376811594203,0.7246376811594203,87.35417813926503,87.35418109358221,79.51954738855615,10.0,27.9916,194.192375215599,181,173,0.0052942268145367,2501,288,1.0,46,1;8;16;17;23;29;30;34;35;36;40;42;43;44;45;46;47,1;8;16;17;23;29;30;34;35;36;40;42;43;44;45;46;47,35;40,1;8;16;17;23;29;30;34;35;36;40;42;43;44;45;46;47,17,17,2,17,0.6444444444444445,0.6395348837209303,0.93,90,86,100,17;23;29;30;34;43;45;47,1;8;16;36;42;44;46;47,35;40,8,8,2,75,75,311,113,6,4.0,165.07532187994815,53.397484327132,2.0339491674643155,0.5398230088495575,0.8895705521472392
4,1,0,1823090,2024-08-03,marl_force_bess,58362.84052873991,0.5217391304347826,0.5217391304347826,0.9523809523809524,0.7644927536231884,0.7644927536231884,0.9761904761904762,0.7644927536231884,0.7644927536231884,276,65,18,18,18,18,18,18,47,0.7028985507246377,0.7028985507246377,72.43707117913426,72.4370681107908,62.024419026476025,10.0,27.9916,250.01369814410043,173,151,0.0059549783157611,2791,288,1.0,46,1;2;3;4;5;8;9;12;14;16;18;19;31;36;38;39;41;42;43;44;45;46,1;2;3;4;5;8;9;12;14;16;18;19;31;36;38;39;41;42;43;44;45;46,2,1;2;3;4;5;8;9;12;14;16;18;19;31;36;38;39;41;42;43;44;45;46,22,22,1,22,0.7441860465116279,0.5280898876404494,0.99009900990099,86,89,101,4;5;31;38;39;43;45;46,1;2;3;8;9;12;14;16;18;19;36;41;42;43;44,2,8,15,1,71,71,282,71,8,6.0,263.81900224479136,70.19977105489433,1.8688423321673089,0.5211267605633803,0.848780487804878
4,2,0,1824090,2024-08-03,marl_force_bess,58362.84052873991,0.8695652173913043,0.8695652173913043,1.0,0.9528985507246376,0.9528985507246376,1.0,0.9528985507246376,0.9528985507246376,276,13,0,0,0,0,0,0,13,0.9347826086956522,0.9347826086956522,38.7783403068349,38.77834184014279,32.02598453810593,10.0,27.9916,169.3000179468475,129,153,0.0061862241673225,2746,287,1.0,46,4;17;21;25;35;44,4;17;21;25;35;44,,4;17;21;25;35;44,6,6,0,6,0.9855072463768116,0.8823529411764706,1.0,69,102,105,4,17;21;25;35;44,,1,5,0,78,78,157,89,4,2.0,86.3311086118222,22.388488181225817,0.591884223181784,0.9438202247191012,0.9572192513368984
4,3,0,1825090,2024-08-03,marl_force_bess,58362.84052873991,0.4565217391304347,0.4565217391304347,0.8823529411764706,0.7427536231884058,0.7427536231884058,0.931372549019608,0.7427536231884058,0.7427536231884058,276,71,16,14,16,15,14,16,55,0.7101449275362319,0.7101449275362319,89.1820422048154,89.18203826399817,80.51063750411276,10.0,27.9916,213.20715012646735,188,166,0.0061101653051688,2821,288,1.0,46,5;12;13;14;15;18;19;20;21;22;23;30;31;32;33;34;35;37;38;39;40;41;44;45;47,5;12;13;14;15;18;19;20;21;22;23;30;31;32;33;34;35;37;38;39;40;41;44;45;47,37;38,5;12;13;14;15;18;19;20;21;22;23;30;31;32;33;34;35;37;38;39;40;41;44;45;47,25,25,2,25,0.7653061224489796,0.5794392523364486,0.9577464788732394,98,107,71,30;31;32;33;35;38;39;45,5;12;13;14;15;18;19;20;21;22;23;34;35;39;40;41;44;47,37;38,8,18,2,82,82,379,88,11,6.0,411.91913417023,55.29643543507462,4.844397742958972,0.5340909090909091,0.8404255319148937
4,4,0,1826090,2024-08-03,marl_force_bess,58362.84052873991,0.8478260869565217,0.8478260869565217,1.0,0.927536231884058,0.927536231884058,1.0,0.927536231884058,0.927536231884058,276,20,1,0,0,0,0,0,20,0.9094202898550724,0.9094202898550724,42.22235533724661,42.22235671938329,34.47279918153335,10.0,27.9916,182.2702516655253,142,163,0.0062495623084638,2853,288,1.0,46,8;13;14;33;36;37;46,8;13;14;33;36;37;46,,8;13;14;33;36;37;46,7,7,0,7,0.9186046511627908,0.8395061728395061,1.0,86,81,109,8;46,13;14;33;36;37,,2,5,0,86,86,220,138,6,3.0,115.28942484510613,20.9114354633458,59084578.00762225,0.8914728682170543,0.9591836734693876
4,5,0,1827090,2024-08-03,marl_force_bess,58362.84052873991,0.8260869565217391,0.8260869565217391,1.0,0.8804347826086957,0.8804347826086957,1.0,0.8804347826086957,0.8804347826086957,276,33,7,7,7,7,7,7,26,0.8804347826086957,0.8804347826086957,63.5728810939236,63.57288147401118,52.99150480156673,10.0,27.9916,257.36746346622186,186,150,0.0055681107308676,2717,279,1.0,46,12;15;30;41;42;43;44;45,12;15;30;41;42;43;44;45,,12;15;30;41;42;43;44;45,8,8,0,8,0.825,0.7076923076923077,1.0,80,65,131,12;30;43;45,15;41;42;44,,4,4,0,74,74,225,87,5,4.0,159.20864415655686,60.593203971527096,1.0870204900729084,0.7471264367816092,0.9417989417989416
4,6,0,1828090,2024-08-03,marl_force_bess,58362.84052873991,0.6956521739130435,0.6956521739130435,0.9565217391304348,0.8731884057971014,0.8731884057971014,0.9855072463768116,0.8731884057971014,0.8731884057971014,276,35,4,4,4,4,4,4,31,0.8586956521739131,0.8586956521739131,46.26008315362792,46.26008353371551,36.075635800715965,10.0,27.9916,249.75010949333813,166,134,0.0060838716526632,2820,288,1.0,46,2;7;8;9;12;14;16;21;25;27;30;31;33;34,2;7;8;9;12;14;16;21;25;27;30;31;33;34,2,2;7;8;9;12;14;16;21;25;27;30;31;33;34,14,14,1,14,0.9104477611940298,0.6823529411764706,0.9838709677419356,67,85,124,9;25,7;8;12;14;16;21;27;30;31;33;34,2,2,11,1,86,86,79,65,3,1.0,80.18583536673687,24.459830612599823,0.9779041033687558,0.9076923076923076,0.8625592417061612
4,7,0,1829090,2024-08-03,marl_force_bess,58362.84052873991,0.5434782608695652,0.5434782608695652,1.0,0.8007246376811593,0.8007246376811593,1.0,0.8007246376811594,0.8007246376811594,276,55,7,2,4,7,2,4,51,0.7789855072463768,0.7789855072463768,63.16183351692946,63.16183465719223,54.66961396131634,10.0,27.9916,201.81646474868836,172,157,0.0054738929381225,2456,288,1.0,46,2;3;6;7;8;15;16;17;29;33;35;36;38;39;41;42;43;44;45;46;47,2;3;6;7;8;15;16;17;29;33;35;36;38;39;41;42;43;44;45;46;47,,2;3;6;7;8;15;16;17;29;33;35;36;38;39;41;42;43;44;45;46;47,21,21,0,21,0.8110236220472441,0.6666666666666666,1.0,127,93,56,7;15;16;17;38;43;45;47,2;3;6;8;29;33;35;36;39;41;42;44;45;46,,8,14,0,84,84,339,152,6,4.0,296.9966041974868,44.49921106311845,4.297862250182279,0.7302631578947368,0.8870967741935484
4,8,0,1830090,2024-08-03,marl_force_bess,58362.84052873991,0.8913043478260869,0.8913043478260869,0.9545454545454546,0.927536231884058,0.927536231884058,0.9772727272727272,0.927536231884058,0.927536231884058,276,20,5,5,5,5,5,5,15,0.9239130434782608,0.9239130434782608,53.73496334621872,53.73495487717614,45.97213143136023,10.0,27.9916,192.40427378376975,173,160,0.0049859151865045,2370,288,1.0,46,2;8;9;21;25,2;8;9;21;25,2,2;8;9;21;25,5,5,1,5,1.0,0.8,0.9736842105263158,77,85,114,,8;9;21;25,2,0,4,1,74,74,115,78,3,2.0,93.9231055498123,32.41211359631479,0.6794042378225954,1.0,0.898989898989899
4,9,0,1831090,2024-08-03,marl_force_bess,58362.84052873991,0.6086956521739131,0.6086956521739131,1.0,0.8079710144927535,0.8079710144927535,1.0,0.8079710144927537,0.8079710144927537,276,53,10,10,11,10,10,11,42,0.7753623188405797,0.7753623188405797,56.44747836304747,56.447475030802295,46.7734535232225,10.0,27.9916,233.53124451933095,160,144,0.0067431496633313,3209,288,1.0,46,0;1;5;6;14;15;19;20;21;22;26;27;28;39;40;45;46;47,0;1;5;6;14;15;19;20;21;22;26;27;28;39;40;45;46;47,,0;1;5;6;14;15;19;20;21;22;26;27;28;39;40;45;46;47,18,18,0,18,0.7123287671232876,0.7142857142857143,1.0,73,112,91,5;26;27;39;40;45;46,0;1;6;14;15;19;20;21;22;27;28;47,,7,12,0,78,78,265,79,8,6.0,207.7788527414265,60.9201414448219,2.0001946330981637,0.6962025316455697,0.8527918781725888
4,10,0,1832090,2024-08-03,marl_force_bess,58362.84052873991,0.2826086956521739,0.2826086956521739,0.9333333333333332,0.5253623188405797,0.5253623188405797,0.9333333333333332,0.5253623188405797,0.5253623188405797,276,131,83,77,90,82,77,90,41,0.463768115942029,0.463768115942029,223.35201662519705,223.35199860213456,213.38700207654583,10.0,27.9916,243.1907200885412,210,145,0.0048796219368038,2307,288,1.0,46,2;3;4;5;7;9;12;13;14;16;17;20;22;24;26;27;28;29;30;31;32;33;34;35;36;37;38;39;40;41;45;46;47,2;3;4;5;7;9;12;13;14;16;17;20;22;24;26;27;28;29;30;31;32;33;34;35;36;37;38;39;40;41;45;46;47,40,2;3;4;5;7;9;12;13;14;16;17;20;22;24;26;27;28;29;30;31;32;33;34;35;36;37;38;39;40;41;45;46;47,33,33,1,33,0.3666666666666666,0.4239130434782608,0.96875,120,92,64,5;12;13;16;24;26;27;28;29;30;31;32;33;34;35;39;40;45;46,2;3;4;7;9;14;17;20;22;35;36;37;38;41;47,40,19,15,1,83,83,1227,153,18,14.0,751.1200444161566,195.4161937579721,7.841057820751124,0.3594771241830065,0.7317073170731707
4,11,0,1833090,2024-08-03,marl_force_bess,58362.84052873991,0.8260869565217391,0.8260869565217391,0.9583333333333334,0.898550724637681,0.898550724637681,0.9791666666666666,0.8985507246376812,0.8985507246376812,276,28,0,0,0,0,0,0,28,0.8731884057971014,0.8731884057971014,54.926240506163545,54.92624444892441,44.80946567065282,10.0,27.9916,244.15436075927025,152,132,0.0049016986795322,2245,287,1.0,46,15;35;36;41;42;43;44;47,15;35;36;41;42;43;44;47,35,15;35;36;41;42;43;44;47,8,8,1,8,0.9166666666666666,0.7391304347826086,0.975609756097561,84,69,123,15;43,15;36;41;42;44;47,35,2,6,1,86,86,420,163,8,6.0,238.9143088485133,50.62592156715945,1.8501910179563672,0.8404907975460123,0.9823008849557522
