episode,service_date,step,block,tracking_enabled,target_kw,actual_kw,pre_central_kw,tolerance_kw,baseline_kw,up_kw,down_kw,station_1_kw,station_2_kw,station_3_kw,station_4_kw,station_5_kw,station_6_kw,station_7_kw
4,2024-08-01,1,0,0,0.0,0.0,0.0,1e-06,0.0,0.0,0.0,0.0,0.0,0.0,0.0,0.0,0.0,0.0
4,2024-08-01,2,0,0,0.0,0.0,0.0,1e-06,0.0,0.0,0.0,0.0,0.0,0.0,0.0,0.0,0.0,0.0
4,2024-08-01,3,0,0,0.0,0.0,0.0,1e-06,0.0,0.0,0.0,0.0,0.0,0.0,0.0,0.0,0.0,0.0
4,2024-08-01,4,0,0,0.0,0.0,0.0,1e-06,0.0,0.0,0.0,0.0,0.0,0.0,0.0,0.0,0.0,0.0
4,2024-08-01,5,0,0,0.0,0.0,0.0,1e-06,0.0,0.0,0.0,0.0,0.0,0.0,0.0,0.0,0.0,0.0
4,2024-08-01,6,0,0,0.0,0.0,0.0,1e-06,0.0,0.0,0.0,0.0,0.0,0.0,0.0,0.0,0.0,0.0
4,2024-08-01,7,1,0,0.0,0.0,0.0,1e-06,0.0,0.0,0.0,0.0,0.0,0.0,0.0,0.0,0.0,0.0
4,2024-08-01,8,1,0,0.0,0.0,0.0,1e-06,0.0,0.0,0.0,0.0,0.0,0.0,0.0,0.0,0.0,0.0
4,2024-08-01,9,1,0,0.0,0.0,0.0,1e-06,0.0,0.0,0.0,0.0,0.0,0.0,0.0,0.0,0.0,0.0
4,2024-08-01,10,1,0,0.0,0.0,0.0,1e-06,0.0,0.0,0.0,0.0,0.0,0.0,0.0,0.0,0.0,0.0
4,2024-08-01,11,1,0,0.0,0.0,0.0,1e-06,0.0,0.0,0.0,0.0,0.0,0.0,0.0,0.0,0.0,0.0
4,2024-08-01,12,1,0,0.0,0.0,0.0,1e-06,0.0,0.0,0.0,0.0,0.0,0.0,0.0,0.0,0.0,0.0
4,2024-08-01,13,2,0,0.0,0.0,0.0,1e-06,0.0,0.0,0.0,0.0,0.0,0.0,0.0,0.0,0.0,0.0
4,2024-08-01,14,2,0,0.0,0.0,0.0,1e-06,0.0,0.0,0.0,0.0,0.0,0.0,0.0,0.0,0.0,0.0
4,2024-08-01,15,2,0,0.0,0.0,0.0,1e-06,0.0,0.0,0.0,0.0,0.0,0.0,0.0,0.0,0.0,0.0
4,2024-08-01,16,2,0,0.0,0.0,0.0,1e-06,0.0,0.0,0.0,0.0,0.0,0.0,0.0,0.0,0.0,0.0
4,2024-08-01,17,2,0,0.0,0.0,0.0,1e-06,0.0,0.0,0.0,0.0,0.0,0.0,0.0,0.0,0.0,0.0
4,2024-08-01,18,2,0,0.0,0.0,0.0,1e-06,0.0,0.0,0.0,0.0,0.0,0.0,0.0,0.0,0.0,0.0
4,2024-08-01,19,3,0,0.0,0.0,0.0,1e-06,0.0,0.0,0.0,0.0,0.0,0.0,0.0,0.0,0.0,0.0
4,2024-08-01,20,3,0,0.0,0.0,0.0,1e-06,0.0,0.0,0.0,0.0,0.0,0.0,0.0,0.0,0.0,0.0
4,2024-08-01,21,3,0,0.0,0.0,0.0,1e-06,0.0,0.0,0.0,0.0,0.0,0.0,0.0,0.0,0.0,0.0
4,2024-08-01,22,3,0,0.0,0.0,0.0,1e-06,0.0,0.0,0.0,0.0,0.0,0.0,0.0,0.0,0.0,0.0
4,2024-08-01,23,3,0,0.0,0.0,0.0,1e-06,0.0,0.0,0.0,0.0,0.0,0.0,0.0,0.0,0.0,0.0
4,2024-08-01,24,3,0,0.0,0.0,0.0,1e-06,0.0,0.0,0.0,0.0,0.0,0.0,0.0,0.0,0.0,0.0
4,2024-08-01,25,4,0,0.0,0.0,0.0,1e-06,0.0,0.0,0.0,0.0,0.0,0.0,0.0,0.0,0.0,0.0
4,2024-08-01,26,4,0,0.0,0.0,0.0,1e-06,0.0,0.0,0.0,0.0,0.0,0.0,0.0,0.0,0.0,0.0
4,2024-08-01,27,4,0,0.0,0.0,0.0,1e-06,0.0,0.0,0.0,0.0,0.0,0.0,0.0,0.0,0.0,0.0
4,2024-08-01,28,4,0,0.0,0.0,0.0,1e-06,0.0,0.0,0.0,0.0,0.0,0.0,0.0,0.0,0.0,0.0
4,2024-08-01,29,4,0,0.0,0.0,0.0,1e-06,0.0,0.0,0.0,0.0,0.0,0.0,0.0,0.0,0.0,0.0
4,2024-08-01,30,4,0,0.0,0.0,0.0,1e-06,0.0,0.0,0.0,0.0,0.0,0.0,0.0,0.0,0.0,0.0
4,2024-08-01,31,5,0,0.0,0.0,0.0,1e-06,0.0,0.0,0.0,0.0,0.0,0.0,0.0,0.0,0.0,0.0
4,2024-08-01,32,5,0,0.0,0.0,0.0,1e-06,0.0,0.0,0.0,0.0,0.0,0.0,0.0,0.0,0.0,0.0
4,2024-08-01,33,5,0,0.0,0.0,0.0,1e-06,0.0,0.0,0.0,0.0,0.0,0.0,0.0,0.0,0.0,0.0
4,2024-08-01,34,5,0,0.0,0.0,0.0,1e-06,0.0,0.0,0.0,0.0,0.0,0.0,0.0,0.0,0.0,0.0
4,2024-08-01,35,5,0,0.0,0.0,0.0,1e-06,0.0,0.0,0.0,0.0,0.0,0.0,0.0,0.0,0.0,0.0
4,2024-08-01,36,5,0,0.0,0.0,0.0,1e-06,0.0,0.0,0.0,0.0,0.0,0.0,0.0,0.0,0.0,0.0
4,2024-08-01,37,6,0,0.0,0.0,0.0,1e-06,0.0,0.0,0.0,0.0,0.0,0.0,0.0,0.0,0.0,0.0
4,2024-08-01,38,6,0,0.0,0.0,0.0,1e-06,0.0,0.0,0.0,0.0,0.0,0.0,0.0,0.0,0.0,0.0
4,2024-08-01,39,6,0,0.0,0.0,0.0,1e-06,0.0,0.0,0.0,0.0,0.0,0.0,0.0,0.0,0.0,0.0
4,2024-08-01,40,6,0,0.0,0.0,0.0,1e-06,0.0,0.0,0.0,0.0,0.0,0.0,0.0,0.0,0.0,0.0
4,2024-08-01,41,6,0,0.0,0.0,0.0,1e-06,0.0,0.0,0.0,0.0,0.0,0.0,0.0,0.0,0.0,0.0
4,2024-08-01,42,6,0,0.0,0.0,0.0,1e-06,0.0,0.0,0.0,0.0,0.0,0.0,0.0,0.0,0.0,0.0
4,2024-08-01,43,7,0,0.0,0.0,0.0,1e-06,0.0,0.0,0.0,0.0,0.0,0.0,0.0,0.0,0.0,0.0
4,2024-08-01,44,7,0,0.0,0.0,0.0,1e-06,0.0,0.0,0.0,0.0,0.0,0.0,0.0,0.0,0.0,0.0
4,2024-08-01,45,7,0,0.0,0.0,0.0,1e-06,0.0,0.0,0.0,0.0,0.0,0.0,0.0,0.0,0.0,0.0
4,2024-08-01,46,7,0,0.0,19.841995239257812,19.841991424560547,1e-06,0.0,0.0,0.0,19.841995239257812,0.0,0.0,0.0,0.0,0.0,0.0
4,2024-08-01,47,7,0,0.0,50.000003814697266,49.99999237060547,1e-06,0.0,0.0,0.0,50.000003814697266,0.0,0.0,0.0,0.0,0.0,0.0
4,2024-08-01,48,7,0,0.0,49.99998092651367,49.99998092651367,1e-06,0.0,0.0,0.0,49.99998092651367,0.0,0.0,0.0,0.0,0.0,0.0
4,2024-08-01,49,8,0,0.0,50.00001525878906,50.0,1e-06,0.0,0.0,0.0,50.00001525878906,0.0,0.0,0.0,0.0,0.0,0.0
4,2024-08-01,50,8,0,0.0,0.0,0.0,1e-06,0.0,0.0,0.0,0.0,0.0,0.0,0.0,0.0,0.0,0.0
4,2024-08-01,51,8,0,0.0,0.0,0.0,1e-06,0.0,0.0,0.0,0.0,0.0,0.0,0.0,0.0,0.0,0.0
4,2024-08-01,52,8,0,0.0,0.0,0.0,1e-06,0.0,0.0,0.0,0.0,0.0,0.0,0.0,0.0,0.0,0.0
4,2024-08-01,53,8,0,0.0,0.0,0.0,1e-06,0.0,0.0,0.0,0.0,0.0,0.0,0.0,0.0,0.0,0.0
4,2024-08-01,54,8,0,0.0,0.0,0.0,1e-06,0.0,0.0,0.0,0.0,0.0,0.0,0.0,0.0,0.0,0.0
4,2024-08-01,55,9,0,0.0,0.0,0.0,1e-06,0.0,0.0,0.0,0.0,0.0,0.0,0.0,0.0,0.0,0.0
4,2024-08-01,56,9,0,0.0,0.0,0.0,1e-06,0.0,0.0,0.0,0.0,0.0,0.0,0.0,0.0,0.0,0.0
4,2024-08-01,57,9,0,0.0,0.0,0.0,1e-06,0.0,0.0,0.0,0.0,0.0,0.0,0.0,0.0,0.0,0.0
4,2024-08-01,58,9,0,0.0,0.0,0.0,1e-06,0.0,0.0,0.0,0.0,0.0,0.0,0.0,0.0,0.0,0.0
4,2024-08-01,59,9,0,0.0,0.0,0.0,1e-06,0.0,0.0,0.0,0.0,0.0,0.0,0.0,0.0,0.0,0.0
4,2024-08-01,60,9,0,0.0,0.0,0.0,1e-06,0.0,0.0,0.0,0.0,0.0,0.0,0.0,0.0,0.0,0.0
4,2024-08-01,61,10,0,0.0,0.0,0.0,1e-06,0.0,0.0,0.0,0.0,0.0,0.0,0.0,0.0,0.0,0.0
4,2024-08-01,62,10,0,0.0,0.0,0.0,1e-06,0.0,0.0,0.0,0.0,0.0,0.0,0.0,0.0,0.0,0.0
4,2024-08-01,63,10,0,0.0,0.0,0.0,1e-06,0.0,0.0,0.0,0.0,0.0,0.0,0.0,0.0,0.0,0.0
4,2024-08-01,64,10,0,0.0,0.0,0.0,1e-06,0.0,0.0,0.0,0.0,0.0,0.0,0.0,0.0,0.0,0.0
4,2024-08-01,65,10,0,0.0,0.0,0.0,1e-06,0.0,0.0,0.0,0.0,0.0,0.0,0.0,0.0,0.0,0.0
4,2024-08-01,66,10,0,0.0,0.0,0.0,1e-06,0.0,0.0,0.0,0.0,0.0,0.0,0.0,0.0,0.0,0.0
4,2024-08-01,67,11,0,0.0,0.0,0.0,1e-06,0.0,0.0,0.0,0.0,0.0,0.0,0.0,0.0,0.0,0.0
4,2024-08-01,68,11,0,0.0,0.0,0.0,1e-06,0.0,0.0,0.0,0.0,0.0,0.0,0.0,0.0,0.0,0.0
4,2024-08-01,69,11,0,0.0,0.0,0.0,1e-06,0.0,0.0,0.0,0.0,0.0,0.0,0.0,0.0,0.0,0.0
4,2024-08-01,70,11,0,0.0,0.0,0.0,1e-06,0.0,0.0,0.0,0.0,0.0,0.0,0.0,0.0,0.0,0.0
4,2024-08-01,71,11,0,0.0,0.0,0.0,1e-06,0.0,0.0,0.0,0.0,0.0,0.0,0.0,0.0,0.0,0.0
4,2024-08-01,72,11,0,0.0,0.0,0.0,1e-06,0.0,0.0,0.0,0.0,0.0,0.0,0.0,0.0,0.0,0.0
4,2024-08-01,73,12,0,0.0,7.799983978271484,7.799975395202637,1e-06,0.0,0.0,0.0,0.0,0.0,0.0,7.799983978271484,0.0,0.0,0.0
4,2024-08-01,74,12,0,0.0,10.999992370605469,10.999991416931152,1e-06,0.0,0.0,0.0,0.0,0.0,0.0,10.999992370605469,0.0,0.0,0.0
4,2024-08-01,75,12,0,0.0,10.999992370605469,10.999999046325684,1e-06,0.0,0.0,0.0,0.0,0.0,0.0,10.999992370605469,0.0,0.0,0.0
4,2024-08-01,76,12,0,0.0,10.999992370605469,11.0,1e-06,0.0,0.0,0.0,0.0,0.0,0.0,10.999992370605469,0.0,0.0,0.0
4,2024-08-01,77,12,0,0.0,10.999992370605469,11.0,1e-06,0.0,0.0,0.0,0.0,0.0,0.0,10.999992370605469,0.0,0.0,0.0
4,2024-08-01,78,12,0,0.0,10.999992370605469,11.0,1e-06,0.0,0.0,0.0,0.0,0.0,0.0,10.999992370605469,0.0,0.0,0.0
4,2024-08-01,79,13,0,0.0,10.999992370605469,11.0,1e-06,0.0,0.0,0.0,0.0,0.0,0.0,10.999992370605469,0.0,0.0,0.0
4,2024-08-01,80,13,0,0.0,10.999992370605469,11.0,1e-06,0.0,0.0,0.0,0.0,0.0,0.0,10.999992370605469,0.0,0.0,0.0
4,2024-08-01,81,13,0,0.0,10.999992370605469,11.0,1e-06,0.0,0.0,0.0,0.0,0.0,0.0,10.999992370605469,0.0,0.0,0.0
4,2024-08-01,82,13,0,0.0,10.999992370605469,11.0,1e-06,0.0,0.0,0.0,0.0,0.0,0.0,10.999992370605469,0.0,0.0,0.0
4,2024-08-01,83,13,0,0.0,10.999992370605469,11.0,1e-06,0.0,0.0,0.0,0.0,0.0,0.0,10.999992370605469,0.0,0.0,0.0
4,2024-08-01,84,13,0,0.0,15.199996948242188,15.199995994567871,1e-06,0.0,0.0,0.0,0.0,0.0,0.0,15.199996948242188,0.0,0.0,0.0
4,2024-08-01,85,14,0,0.0,30.199974060058594,30.199993133544922,1e-06,0.0,0.0,0.0,0.0,0.0,0.0,30.199974060058594,0.0,0.0,0.0
4,2024-08-01,86,14,0,0.0,30.199974060058594,30.200000762939453,1e-06,0.0,0.0,0.0,0.0,0.0,0.0,30.199974060058594,0.0,0.0,0.0
4,2024-08-01,87,14,0,0.0,30.199974060058594,30.200000762939453,1e-06,0.0,0.0,0.0,0.0,0.0,0.0,30.199974060058594,0.0,0.0,0.0
4,2024-08-01,88,14,0,0.0,30.200008392333984,30.200000762939453,1e-06,0.0,0.0,0.0,0.0,0.0,0.0,30.200008392333984,0.0,0.0,0.0
4,2024-08-01,89,14,0,0.0,30.199974060058594,30.200000762939453,1e-06,0.0,0.0,0.0,0.0,0.0,0.0,30.199974060058594,0.0,0.0,0.0
4,2024-08-01,90,14,0,0.0,10.999992370605469,11.0,1e-06,0.0,0.0,0.0,0.0,0.0,0.0,10.999992370605469,0.0,0.0,0.0
4,2024-08-01,91,15,0,0.0,0.0,0.0,1e-06,0.0,0.0,0.0,0.0,0.0,0.0,0.0,0.0,0.0,0.0
4,2024-08-01,92,15,0,0.0,0.0,0.0,1e-06,0.0,0.0,0.0,0.0,0.0,0.0,0.0,0.0,0.0,0.0
4,2024-08-01,93,15,0,0.0,21.96158790588379,21.961597442626953,1e-06,0.0,0.0,0.0,0.0,0.0,0.0,0.0,21.96158790588379,0.0,0.0
4,2024-08-01,94,15,0,0.0,50.00001525878906,50.0,1e-06,0.0,0.0,0.0,0.0,0.0,0.0,0.0,50.00001525878906,0.0,0.0
4,2024-08-01,95,15,0,0.0,0.0,0.0,1e-06,0.0,0.0,0.0,0.0,0.0,0.0,0.0,0.0,0.0,0.0
4,2024-08-01,96,15,0,0.0,0.0,0.0,1e-06,0.0,0.0,0.0,0.0,0.0,0.0,0.0,0.0,0.0,0.0
4,2024-08-01,97,16,0,0.0,0.0,0.0,1e-06,0.0,0.0,0.0,0.0,0.0,0.0,0.0,0.0,0.0,0.0
4,2024-08-01,98,16,0,0.0,0.0,0.0,1e-06,0.0,0.0,0.0,0.0,0.0,0.0,0.0,0.0,0.0,0.0
4,2024-08-01,99,16,0,0.0,0.0,0.0,1e-06,0.0,0.0,0.0,0.0,0.0,0.0,0.0,0.0,0.0,0.0
4,2024-08-01,100,16,0,0.0,0.0,0.0,1e-06,0.0,0.0,0.0,0.0,0.0,0.0,0.0,0.0,0.0,0.0
4,2024-08-01,101,16,0,0.0,0.0,0.0,1e-06,0.0,0.0,0.0,0.0,0.0,0.0,0.0,0.0,0.0,0.0
4,2024-08-01,102,16,0,0.0,0.0,0.0,1e-06,0.0,0.0,0.0,0.0,0.0,0.0,0.0,0.0,0.0,0.0
4,2024-08-01,103,17,0,0.0,21.614402770996094,21.614398956298828,1e-06,0.0,0.0,0.0,0.0,0.0,0.0,21.614402770996094,0.0,0.0,0.0
4,2024-08-01,104,17,0,0.0,27.500009536743164,27.5,1e-06,0.0,0.0,0.0,0.0,0.0,0.0,27.500009536743164,0.0,0.0,0.0
4,2024-08-01,105,17,0,0.0,27.499988555908203,27.499990463256836,1e-06,0.0,0.0,0.0,0.0,0.0,0.0,27.499988555908203,0.0,0.0,0.0
4,2024-08-01,106,17,0,0.0,27.500003814697266,27.5,1e-06,0.0,0.0,0.0,0.0,0.0,0.0,27.500003814697266,0.0,0.0,0.0
4,2024-08-01,107,17,0,0.0,27.500003814697266,27.499998092651367,1e-06,0.0,0.0,0.0,0.0,0.0,0.0,27.500003814697266,0.0,0.0,0.0
4,2024-08-01,108,17,0,0.0,27.499988555908203,27.499996185302734,1e-06,0.0,0.0,0.0,0.0,0.0,0.0,27.499988555908203,0.0,0.0,0.0
4,2024-08-01,109,18,1,-22.5242919921875,-22.524274826049805,27.5,28.399999618530273,49.514595123025835,284.00000381469727,303.2000045776367,-11.122527122497559,0.0,0.0,16.53264808654785,-11.775431632995605,-16.158966064453125,0.0
4,2024-08-01,110,18,1,-51.61711502075195,-51.61709976196289,26.16994857788086,28.399999618530273,49.514595123025835,284.00000381469727,303.2000045776367,-19.38306427001953,0.0,0.0,7.502819061279297,-20.538469314575195,-19.198389053344727,0.0
4,2024-08-01,111,18,1,-51.61711502075195,-51.61716079711914,27.5,28.399999618530273,49.514595123025835,284.00000381469727,303.2000045776367,-19.08548927307129,0.0,0.0,8.054813385009766,-21.387706756591797,-19.198774337768555,0.0
4,2024-08-01,112,18,1,-51.61711502075195,-51.61713409423828,27.5,28.399999618530273,49.514595123025835,284.00000381469727,303.2000045776367,-19.049983978271484,0.0,0.0,8.033506393432617,-21.402210235595703,-19.198444366455078,0.0
4,2024-08-01,113,18,1,-51.61711502075195,-51.61716842651367,27.5,28.399999618530273,49.514595123025835,284.00000381469727,303.2000045776367,-13.390804290771484,-17.716690063476562,0.0,13.773272514343262,-15.083625793457031,-19.199323654174805,0.0
4,2024-08-01,114,18,1,-51.61711502075195,-51.617042541503906,27.5,28.399999618530273,49.514595123025835,284.00000381469727,303.2000045776367,-13.237375259399414,-17.58913803100586,0.0,13.887151718139648,-15.477972984313965,-19.199710845947266,0.0
4,2024-08-01,115,19,1,51.38431167602539,51.38434600830078,34.80839157104492,81.63999938964844,51.384312767992085,408.2000045776367,408.2000045776367,4.909973621368408,2.8914918899536133,0.0,31.430158615112305,10.091523170471191,2.0612001419067383,0.0
4,2024-08-01,116,19,1,51.38431167602539,51.38433837890625,54.088478088378906,81.63999938964844,51.384312767992085,408.2000045776367,408.2000045776367,8.290194511413574,-0.5738365650177002,0.0,27.058456420898438,17.28996467590332,-0.6804382801055908,0.0
4,2024-08-01,117,19,1,51.38431167602539,51.384315490722656,57.70000076293945,81.63999938964844,51.384312767992085,408.2000045776367,408.2000045776367,9.934365272521973,-1.3422751426696777,0.0,26.4716796875,17.913724899291992,-1.5931824445724487,0.0
4,2024-08-01,118,19,1,51.38431167602539,51.38429641723633,57.70000076293945,81.63999938964844,51.384312767992085,408.2000045776367,408.2000045776367,9.934555053710938,-1.3431403636932373,0.0,26.475622177124023,17.91307830810547,-1.5958192348480225,0.0
4,2024-08-01,119,19,1,81.97810363769531,81.97807312011719,58.566341400146484,40.81999969482422,51.384312767992085,408.2000045776367,408.2000045776367,18.5947322845459,4.3959455490112305,0.0,33.66322326660156,22.1981258392334,3.1260502338409424,0.0
4,2024-08-01,120,19,1,74.4102783203125,74.4102783203125,66.13990020751953,40.81999969482422,51.384312767992085,408.2000045776367,408.2000045776367,21.62936782836914,1.5898795127868652,0.0,29.764692306518555,20.296066284179688,1.130273461341858,0.0
4,2024-08-01,121,20,1,66.41659545898438,66.41664123535156,40.365020751953125,33.073150634765625,53.51000061035154,535.1000061035156,330.7315138909781,27.745725631713867,5.15754508972168,0.0,7.071444034576416,22.779464721679688,3.6624577045440674,0.0
4,2024-08-01,122,20,1,66.41659545898438,66.41659545898438,40.365013122558594,33.073150634765625,53.51000061035154,535.1000061035156,330.7315138909781,28.121517181396484,3.895188808441162,0.0,7.3958892822265625,23.242448806762695,3.76155424118042,0.0
4,2024-08-01,123,20,1,66.41659545898438,66.41665649414062,40.36500549316406,33.073150634765625,53.51000061035154,535.1000061035156,330.7315138909781,28.225950241088867,3.851545572280884,0.0,7.413661003112793,23.22557830810547,3.699920654296875,0.0
4,2024-08-01,124,20,1,66.41659545898438,66.41666412353516,40.36499786376953,33.073150634765625,53.51000061035154,535.1000061035156,330.7315138909781,28.345609664916992,3.8041396141052246,0.0,7.426969528198242,23.204734802246094,3.63521146774292,0.0
4,2024-08-01,125,20,1,53.51000213623047,53.510009765625,40.364990234375,86.5831527709961,53.51000061035154,535.1000061035156,330.7315138909781,24.848901748657227,1.8882339000701904,0.0,3.741170883178711,21.236812591552734,1.794891357421875,0.0
4,2024-08-01,126,20,1,53.51000213623047,53.50996017456055,40.36498260498047,86.5831527709961,53.51000061035154,535.1000061035156,330.7315138909781,24.936424255371094,1.858605146408081,0.0,3.7351160049438477,21.218433380126953,1.761383056640625,0.0
4,2024-08-01,127,21,1,60.11000061035156,60.109989166259766,40.36497497558594,85.11000061035156,60.110000610351555,250.0,601.1000050102175,26.809663772583008,2.654749870300293,0.0,5.415436744689941,22.721906661987305,2.5082337856292725,0.0
4,2024-08-01,128,21,1,60.11000061035156,60.11000442504883,40.364967346191406,85.11000061035156,60.110000610351555,250.0,601.1000050102175,26.997356414794922,2.5922651290893555,0.0,5.3750457763671875,22.7059326171875,2.4394044876098633,0.0
4,2024-08-01,129,21,1,75.70010375976562,75.7001724243164,40.364959716796875,60.11000061035156,60.110000610351555,250.0,601.1000050102175,32.061370849609375,4.502293586730957,0.0,9.498466491699219,25.418031692504883,4.220013618469238,0.0
4,2024-08-01,130,21,1,74.7709732055664,74.77094268798828,52.32406234741211,60.11000061035156,60.110000610351555,250.0,601.1000050102175,40.12082290649414,2.8106322288513184,0.0,6.04727840423584,23.174331665039062,2.617877244949341,0.0
4,2024-08-01,131,21,1,170.32186889648438,170.32177734375,66.03384399414062,60.11000061035156,60.110000610351555,250.0,601.1000050102175,77.44343566894531,13.220672607421875,0.0,29.021873474121094,38.375064849853516,12.2607421875,0.0
4,2024-08-01,132,21,1,171.53341674804688,171.5333709716797,66.03388977050781,60.11000061035156,60.110000610351555,250.0,601.1000050102175,77.42930603027344,13.223130226135254,0.0,29.84334945678711,38.98167037963867,12.055902481079102,0.0
4,2024-08-01,133,22,1,-183.27474975585938,-183.2747802734375,40.36499786376953,56.345001220703125,5.89020032115541,563.4500076293946,578.4997626150863,-24.91436767578125,-64.05341339111328,0.0,-42.17583465576172,-32.93242645263672,-19.198719024658203,0.0
4,2024-08-01,134,22,1,263.1846618652344,263.18463134765625,41.50615310668945,57.8499755859375,5.89020032115541,563.4500076293946,578.4997626150863,88.53872680664062,28.76998519897461,0.0,64.08793640136719,62.588653564453125,19.199323654174805,0.0
4,2024-08-01,135,22,1,-233.714111328125,-233.71414184570312,41.50616455078125,56.345001220703125,5.89020032115541,563.4500076293946,578.4997626150863,-41.281944274902344,-68.30463409423828,-17.999340057373047,-45.10081481933594,-41.82809066772461,-19.199323654174805,0.0
4,2024-08-01,136,22,1,263.1846618652344,263.1846618652344,92.18009185791016,57.8499755859375,5.89020032115541,563.4500076293946,578.4997626150863,81.72991180419922,20.32195281982422,19.199050903320312,52.75996017456055,69.97473907470703,19.19904899597168,0.0
4,2024-08-01,137,22,1,263.1846618652344,263.18463134765625,92.18008422851562,57.8499755859375,5.89020032115541,563.4500076293946,578.4997626150863,81.17424011230469,20.007312774658203,19.199275970458984,54.33234405517578,69.98082733154297,18.490650177001953,0.0
4,2024-08-01,138,22,1,263.1846618652344,263.1846618652344,72.98008728027344,57.8499755859375,5.89020032115541,563.4500076293946,578.4997626150863,83.89579772949219,21.762521743774414,22.22947883605957,62.44046401977539,53.65779113769531,19.198612213134766,0.0
4,2024-08-01,139,23,1,459.9670715332031,459.9671630859375,90.55148315429688,60.87000274658203,82.8700008392334,608.700008392334,608.700008392334,127.62356567382812,42.59319305419922,42.70051574707031,144.26571655273438,83.58475494384766,19.19943618774414,0.0
4,2024-08-01,140,23,1,459.9670715332031,459.967041015625,101.18649291992188,60.87000274658203,82.8700008392334,608.700008392334,608.700008392334,124.81903076171875,41.17363357543945,39.10801696777344,152.36480712890625,83.30157470703125,19.19998550415039,0.0
4,2024-08-01,141,23,1,-127.94805145263672,-127.94795227050781,101.18649291992188,60.87000274658203,82.8700008392334,608.700008392334,608.700008392334,5.270626068115234,-47.04564666748047,-45.08776092529297,-2.6897544860839844,-19.19664192199707,-19.198774337768555,0.0
4,2024-08-01,142,23,1,-127.94805145263672,-127.94818115234375,77.0,60.87000274658203,82.8700008392334,608.700008392334,608.700008392334,11.33267593383789,-41.68036651611328,-42.89154815673828,-26.288944244384766,-9.220939636230469,-19.19904899597168,0.0
4,2024-08-01,143,23,1,-127.94805145263672,-127.94808197021484,49.5,60.87000274658203,82.8700008392334,608.700008392334,608.700008392334,23.03894805908203,-28.181568145751953,-28.918563842773438,-17.48358917236328,-24.77423858642578,-19.19723892211914,-32.43183135986328
4,2024-08-01,144,23,1,138.10198974609375,138.10198974609375,49.5,60.87000274658203,82.8700008392334,608.700008392334,608.700008392334,63.662437438964844,9.896897315979004,8.929458618164062,26.718353271484375,12.949372291564941,8.479358673095703,7.466119766235352
4,2024-08-01,145,24,1,85.08438873291016,85.08436584472656,30.29106903076172,65.81999969482422,65.82000083923324,658.200008392334,658.200008392334,30.829837799072266,6.155495643615723,5.6224164962768555,24.615951538085938,8.132545471191406,5.166815280914307,4.561300277709961
4,2024-08-01,146,24,1,81.1475830078125,81.1474609375,45.742584228515625,65.81999969482422,65.82000083923324,658.200008392334,658.200008392334,27.88268280029297,3.6699323654174805,3.795044422149658,33.954002380371094,5.461302757263184,3.38911771774292,2.995370864868164
4,2024-08-01,147,24,1,62.60926818847656,62.60926818847656,47.155269622802734,65.81999969482422,65.82000083923324,658.200008392334,658.200008392334,24.45779800415039,1.685023546218872,1.611159324645996,29.458168029785156,2.3013367652893066,1.8582274913787842,1.237558364868164
4,2024-08-01,148,24,1,62.60926818847656,62.60929870605469,48.5312614440918,65.81999969482422,65.82000083923324,658.200008392334,658.200008392334,24.227338790893555,1.5268707275390625,1.4892768859863281,30.473201751708984,2.1048429012298584,1.6746598482131958,1.1131038665771484
4,2024-08-01,149,24,1,62.60926818847656,62.60930633544922,48.63207244873047,65.81999969482422,65.82000083923324,658.200008392334,658.200008392334,24.193592071533203,1.5037879943847656,1.5007017850875854,30.58962059020996,2.0931973457336426,1.6401762962341309,1.0882301330566406
4,2024-08-01,150,24,1,62.60926818847656,62.6093635559082,48.65015411376953,65.81999969482422,65.82000083923324,658.200008392334,658.200008392334,24.17068099975586,1.48846435546875,1.5251179933547974,30.649351119995117,2.0927987098693848,1.6140153408050537,1.0689353942871094
4,2024-08-01,151,25,1,587.6622314453125,587.662109375,48.663734436035156,73.56999969482422,587.6622387977707,735.700008392334,0.0,108.11439514160156,63.76976013183594,62.43537139892578,188.9209747314453,83.93120574951172,38.39828872680664,42.09217834472656
4,2024-08-01,152,25,1,587.6622314453125,587.6622314453125,48.66374969482422,73.56999969482422,587.6622387977707,735.700008392334,0.0,109.04121398925781,65.11502075195312,60.95623016357422,190.09332275390625,85.52970886230469,38.39900207519531,38.527732849121094
4,2024-08-01,153,25,1,587.6622314453125,587.6622314453125,48.66375732421875,73.56999969482422,587.6622387977707,735.700008392334,0.0,107.71617126464844,59.28504943847656,58.69403839111328,186.76449584960938,84.89755249023438,56.093746185302734,34.211219787597656
4,2024-08-01,154,25,1,587.6622314453125,587.662353515625,48.66376876831055,73.56999969482422,587.6622387977707,735.700008392334,0.0,108.74984741210938,61.000553131103516,57.80670166015625,187.59780883789062,86.57007598876953,54.777862548828125,31.159526824951172
4,2024-08-01,155,25,1,587.6622314453125,587.6622314453125,48.663780212402344,73.56999969482422,587.6622387977707,735.700008392334,0.0,109.89936828613281,62.890663146972656,56.538482666015625,188.21112060546875,88.34101104736328,53.51136016845703,28.270259857177734
4,2024-08-01,156,25,1,271.8917541503906,271.8916931152344,48.66379165649414,73.56999969482422,587.6622387977707,735.700008392334,0.0,58.75532150268555,26.782215118408203,23.722625732421875,93.36827087402344,37.185123443603516,21.553817749023438,10.52431869506836
4,2024-08-01,157,26,1,376.5379943847656,376.5379943847656,48.66380310058594,134.58799743652344,376.5380036544802,835.700008392334,510.18000526428204,75.88484954833984,39.54003143310547,35.11158752441406,125.40203094482422,54.97031784057617,31.01325225830078,14.615936279296875
4,2024-08-01,158,26,1,376.5379943847656,376.5380554199219,38.86381530761719,134.58799743652344,376.5380036544802,835.700008392334,510.18000526428204,61.2076416015625,42.138427734375,38.085548400878906,130.59609985351562,58.33938217163086,31.90862274169922,14.262313842773438
4,2024-08-01,159,26,1,376.5379943847656,376.5379638671875,37.66382598876953,134.58799743652344,376.5380036544802,835.700008392334,510.18000526428204,61.86212158203125,42.994781494140625,36.925777435302734,130.9423828125,59.20423126220703,31.369178771972656,13.239486694335938
4,2024-08-01,160,26,1,376.5379943847656,376.5380859375,26.663837432861328,134.58799743652344,376.5380036544802,835.700008392334,510.18000526428204,53.218177795410156,45.322261810302734,37.3392333984375,134.13327026367188,62.03207015991211,31.83393096923828,12.659168243408203
4,2024-08-01,161,26,1,376.5379943847656,376.5379638671875,26.663848876953125,134.58799743652344,376.5380036544802,835.700008392334,510.18000526428204,53.51047897338867,45.93135070800781,37.197906494140625,134.9302978515625,62.3994255065918,31.003952026367188,11.564552307128906
4,2024-08-01,162,26,1,376.5379943847656,376.5379638671875,26.66385841369629,134.58799743652344,376.5380036544802,835.700008392334,510.18000526428204,52.780914306640625,45.672088623046875,43.29095458984375,133.30917358398438,61.540836334228516,29.607906341552734,10.336109161376953
4,2024-08-01,163,27,1,225.8329315185547,225.8329620361328,30.021255493164062,149.4130096435547,225.83293547050775,816.5000076293945,677.6300810242515,27.74941635131836,26.341875076293945,27.533950805664062,87.38894653320312,35.114463806152344,16.363338470458984,5.340969085693359
4,2024-08-01,164,27,1,225.8329315185547,225.83291625976562,26.663881301879883,149.4130096435547,225.83293547050775,816.5000076293945,677.6300810242515,28.058156967163086,26.823497772216797,24.268417358398438,89.76570892333984,35.71090316772461,16.1400146484375,5.0662078857421875
4,2024-08-01,165,27,1,225.8329315185547,225.8328857421875,26.66389274597168,149.4130096435547,225.83293547050775,816.5000076293945,677.6300810242515,27.97246551513672,25.87012481689453,24.0096435546875,91.56283569335938,35.82524108886719,15.860483169555664,4.732086181640625
4,2024-08-01,166,27,1,225.8329315185547,225.83285522460938,28.370058059692383,149.4130096435547,225.83293547050775,816.5000076293945,677.6300810242515,27.4108829498291,25.525312423706055,23.342992782592773,94.32030487060547,35.35690689086914,15.53400993347168,4.342449188232422
4,2024-08-01,167,27,1,225.8329315185547,225.83285522460938,41.80449295043945,149.4130096435547,225.83293547050775,816.5000076293945,677.6300810242515,25.987289428710938,24.371789932250977,21.957599639892578,101.93603515625,33.8095703125,14.734189987182617,3.0363807678222656
4,2024-08-01,168,27,1,225.8329315185547,225.8328857421875,26.663925170898438,149.4130096435547,225.83293547050775,816.5000076293945,677.6300810242515,28.38321304321289,26.81494903564453,23.807126998901367,93.35820770263672,37.358665466308594,16.11042022705078,0.000308990478515625
4,2024-08-01,169,28,1,-155.96658325195312,-155.9665069580078,26.663936614990234,104.83000183105469,104.83000106811521,1048.3000106811523,1048.3000106811523,-25.386436462402344,-26.48500633239746,-26.499622344970703,7.469203948974609,-24.06621551513672,-30.61502456665039,-30.383411407470703
4,2024-08-01,170,28,1,-109.94365692138672,-109.94364929199219,45.76976776123047,104.83000183105469,104.83000106811521,1048.3000106811523,1048.3000106811523,-21.51013946533203,-22.38548469543457,-22.423900604248047,29.944034576416016,-21.90800666809082,-25.93096351623535,-25.729190826416016
4,2024-08-01,171,28,1,-94.6026840209961,-94.60269165039062,44.90223693847656,104.83000183105469,104.83000106811521,1048.3000106811523,1048.3000106811523,-19.32817840576172,-20.030935287475586,-20.12137222290039,5.406057357788086,5.888065338134766,-23.30040740966797,-23.115921020507812
4,2024-08-01,172,28,1,-58.80707550048828,-58.80718994140625,27.4999942779541,104.83000183105469,104.83000106811521,1048.3000106811523,1048.3000106811523,-12.019441604614258,-12.363306045532227,-12.493491172790527,-8.264856338500977,15.203598022460938,-14.49280834197998,-14.376880645751953
4,2024-08-01,173,28,1,-23.011463165283203,-23.011545181274414,27.5,104.83000183105469,104.83000106811521,1048.3000106811523,1048.3000106811523,-7.046848297119141,-7.385247707366943,-7.313755512237549,-4.630622863769531,20.30706214904785,-8.504873275756836,-8.437259674072266
4,2024-08-01,174,28,1,-53.693416595458984,-53.6934814453125,51.82281494140625,104.83000183105469,104.83000106811521,1048.3000106811523,1048.3000106811523,-14.686893463134766,8.369291305541992,-15.219562530517578,-9.342698097229004,12.550373077392578,-17.75115966796875,-17.612834930419922
4,2024-08-01,175,29,1,203.9212188720703,203.92129516601562,65.71244049072266,104.83000183105469,132.3300010681153,1048.3000106811523,1048.3000106811523,18.109386444091797,42.47727966308594,16.00991439819336,64.67456817626953,44.455841064453125,11.03465461730957,7.1596527099609375
4,2024-08-01,176,29,1,203.9212188720703,203.92138671875,39.99760818481445,104.83000183105469,132.3300010681153,1048.3000106811523,1048.3000106811523,21.39296531677246,19.748981475830078,18.95431137084961,75.11542510986328,47.826290130615234,12.774888038635254,8.108528137207031
4,2024-08-01,177,29,1,234.60317993164062,234.60321044921875,39.997596740722656,104.83000183105469,132.3300010681153,1048.3000106811523,1048.3000106811523,25.527523040771484,23.92901611328125,22.638978958129883,86.7357177734375,51.657386779785156,14.898242950439453,9.216361999511719
4,2024-08-01,178,29,1,166.69537353515625,166.69549560546875,31.908626556396484,104.83000183105469,132.3300010681153,1048.3000106811523,1048.3000106811523,17.89874267578125,16.75351333618164,15.882213592529297,52.49504470825195,47.386775970458984,10.174273490905762,6.104930877685547
4,2024-08-01,179,29,1,147.6709747314453,147.6710205078125,19.216190338134766,104.83000183105469,132.3300010681153,1048.3000106811523,1048.3000106811523,17.413742065429688,16.253276824951172,15.553140640258789,66.8886489868164,15.10641860961914,10.765214920043945,5.690574645996094
4,2024-08-01,180,29,1,137.44366455078125,137.44361877441406,35.47151565551758,104.83000183105469,132.3300010681153,1048.3000106811523,1048.3000106811523,14.229121208190918,12.530269622802734,12.810121536254883,72.35942840576172,12.396946907043457,8.660056114196777,4.457668304443359
4,2024-08-01,181,30,1,237.49940490722656,237.49952697753906,50.68524932861328,95.40088653564453,228.1920024374983,1064.4333432515461,954.0088980485044,27.63872528076172,24.251850128173828,25.18798828125,111.1949462890625,24.303878784179688,16.57503318786621,8.347103118896484
4,2024-08-01,182,30,1,237.49940490722656,237.49932861328125,34.20478820800781,95.40088653564453,228.1920024374983,1064.4333432515461,954.0088980485044,33.32440948486328,29.213655471801758,30.377056121826172,86.49950408935547,29.036527633666992,19.588953018188477,9.459228515625
4,2024-08-01,183,30,1,228.19200134277344,228.19198608398438,34.204776763916016,201.84422302246094,228.1920024374983,1064.4333432515461,954.0088980485044,33.789615631103516,29.62846565246582,30.6522216796875,77.49895477294922,28.28799057006836,19.422897338867188,8.911834716796875
4,2024-08-01,184,30,1,228.19200134277344,228.19198608398438,34.20476150512695,201.84422302246094,228.1920024374983,1064.4333432515461,954.0088980485044,34.25775146484375,30.047273635864258,30.86152458190918,77.49458312988281,27.9028377532959,19.247032165527344,8.380989074707031
4,2024-08-01,185,30,1,228.19200134277344,228.19195556640625,35.404788970947266,201.84422302246094,228.1920024374983,1064.4333432515461,954.0088980485044,34.28376770019531,30.079710006713867,30.57260513305664,77.4993896484375,29.12206268310547,18.868141174316406,7.766269683837891
4,2024-08-01,186,30,1,228.19200134277344,228.19198608398438,34.2048225402832,201.84422302246094,228.1920024374983,1064.4333432515461,954.0088980485044,32.9520263671875,28.91845703125,29.016176223754883,77.495361328125,26.850549697875977,26.054241180419922,6.905181884765625
4,2024-08-01,187,31,1,395.20806884765625,395.2080078125,34.20485305786133,195.03688049316406,395.2080789283301,1111.600009918213,838.7688122109807,73.06228637695312,64.64111328125,63.63718795776367,61.70347595214844,60.06153869628906,57.797523498535156,14.304885864257812
4,2024-08-01,188,31,1,395.20806884765625,395.2080993652344,1.1999999284744263,195.03688049316406,395.2080789283301,1111.600009918213,838.7688122109807,83.37543487548828,74.71479797363281,61.68672180175781,28.698875427246094,68.15615844726562,64.67488861083984,13.901241302490234
4,2024-08-01,189,31,1,395.20806884765625,395.20806884765625,0.0,195.03688049316406,395.2080789283301,1111.600009918213,838.7688122109807,88.33155822753906,80.59602355957031,59.061805725097656,27.499282836914062,72.07698059082031,66.70138549804688,0.9410476684570312
4,2024-08-01,190,31,1,395.20806884765625,395.20819091796875,0.0,195.03688049316406,395.2080789283301,1111.600009918213,838.7688122109807,78.65333557128906,73.34759521484375,67.03880310058594,54.997589111328125,63.84626007080078,57.32459259033203,0.0
4,2024-08-01,191,31,1,395.20806884765625,395.2080993652344,2.4000000953674316,195.03688049316406,395.2080789283301,1111.600009918213,838.7688122109807,79.20498657226562,74.99848937988281,69.27690887451172,54.999603271484375,62.78201675415039,53.94609451293945,0.0
4,2024-08-01,192,31,1,395.20806884765625,395.20794677734375,0.0,195.03688049316406,395.2080789283301,1111.600009918213,838.7688122109807,82.22566223144531,78.2108154296875,65.73904418945312,54.99845886230469,63.208290100097656,50.82565689086914,0.0
4,2024-08-01,193,32,1,343.0490417480469,343.0489501953125,1.2000000476837158,199.52899169921875,343.0490337769564,1119.9000091552734,875.3899726425747,71.09616088867188,68.1705551147461,57.316078186035156,54.9976806640625,51.712547302246094,39.755943298339844,0.0
4,2024-08-01,194,32,1,343.0490417480469,343.04913330078125,1.1999999284744263,199.52899169921875,343.0490337769564,1119.9000091552734,875.3899726425747,72.07044982910156,70.40478515625,56.8695182800293,54.99726867675781,51.3864631652832,37.320640563964844,0.0
4,2024-08-01,195,32,1,343.0490417480469,343.0487976074219,0.0,199.52899169921875,343.0490337769564,1119.9000091552734,875.3899726425747,73.3658447265625,72.79983520507812,57.65302276611328,54.99763488769531,48.852935791015625,35.3795280456543,0.0
4,2024-08-01,196,32,1,343.0490417480469,343.04913330078125,0.0,199.52899169921875,343.0490337769564,1119.9000091552734,875.3899726425747,74.25092315673828,74.2253646850586,58.374698638916016,54.99787902832031,47.114463806152344,34.08580780029297,0.0
4,2024-08-01,197,32,1,343.0490417480469,343.0490417480469,1.2000205516815186,199.52899169921875,343.0490337769564,1119.9000091552734,875.3899726425747,75.13002014160156,74.99626159667969,58.833248138427734,56.197940826416016,44.63180160522461,33.259761810302734,0.0
4,2024-08-01,198,32,1,343.0490417480469,343.0489501953125,0.0,199.52899169921875,343.0490337769564,1119.9000091552734,875.3899726425747,73.40020751953125,73.02381896972656,57.381927490234375,54.99833679199219,40.34375,43.900917053222656,0.0
4,2024-08-01,199,33,1,110.34000396728516,110.33992004394531,0.0,219.32994079589844,110.3400009155272,1089.8993375142416,1103.4000091552734,16.179349899291992,15.965103149414062,12.608012199401855,48.79161071777344,7.3198747634887695,9.475973129272461,0.0
4,2024-08-01,200,33,1,110.34000396728516,110.34024047851562,0.0,219.32994079589844,110.3400009155272,1089.8993375142416,1103.4000091552734,16.531654357910156,16.19563102722168,12.741398811340332,47.17414855957031,7.170158386230469,10.527250289916992,0.0
4,2024-08-01,201,33,1,110.34000396728516,110.33992004394531,0.0,219.32994079589844,110.3400009155272,1089.8993375142416,1103.4000091552734,17.140399932861328,16.663284301757812,13.044848442077637,46.07450866699219,7.125608921051025,10.29127311706543,0.0
4,2024-08-01,202,33,1,110.34000396728516,110.3401870727539,0.0,219.32994079589844,110.3400009155272,1089.8993375142416,1103.4000091552734,17.746129989624023,17.11017417907715,13.278314590454102,44.66853332519531,7.070704936981201,10.466331481933594,0.0
4,2024-08-01,203,33,1,110.34000396728516,110.34000396728516,0.0,219.32994079589844,110.3400009155272,1089.8993375142416,1103.4000091552734,18.421772003173828,17.603620529174805,13.510196685791016,43.10105895996094,7.043417453765869,10.65993881225586,0.0
4,2024-08-01,204,33,1,110.34000396728516,110.34020233154297,0.0,219.32994079589844,110.3400009155272,1089.8993375142416,1103.4000091552734,19.18122100830078,18.151897430419922,13.804945945739746,41.31990051269531,7.007272720336914,10.874963760375977,0.0
4,2024-08-01,205,34,1,127.06999969482422,127.06993865966797,0.0,214.9229278564453,127.07000160217288,1070.529343922933,1078.700008392334,23.102983474731445,21.63113021850586,16.31218719482422,45.24613952636719,7.9646897315979,12.812809944152832,0.0
4,2024-08-01,206,34,1,127.06999969482422,127.07000732421875,1.2000000476837158,214.9229278564453,127.07000160217288,1070.529343922933,1078.700008392334,25.213640213012695,22.23210334777832,16.61777114868164,44.1016960144043,5.951486110687256,12.953315734863281,0.0
4,2024-08-01,207,34,1,127.06999969482422,127.07006072998047,0.0,214.9229278564453,127.07000160217288,1070.529343922933,1078.700008392334,29.482927322387695,27.04977035522461,20.10289192199707,35.01118469238281,0.0010986328125,15.422191619873047,0.0
4,2024-08-01,208,34,1,127.06999969482422,127.07010650634766,1.1999999284744263,214.9229278564453,127.07000160217288,1070.529343922933,1078.700008392334,31.814212799072266,28.982921600341797,22.652496337890625,27.499168395996094,6.866455078125e-05,16.121232986450195,0.0
4,2024-08-01,209,34,1,127.06999969482422,127.06998443603516,1.2000000476837158,214.9229278564453,127.07000160217288,1070.529343922933,1078.700008392334,32.09584045410156,29.063194274902344,21.430992126464844,27.496444702148438,1.1999988555908203,15.783517837524414,0.0
4,2024-08-01,210,34,1,127.06999969482422,127.07008361816406,1.1999999284744263,214.9229278564453,127.07000160217288,1070.529343922933,1078.700008392334,32.473670959472656,29.273380279541016,21.502132415771484,26.003196716308594,0.0,17.817699432373047,0.0
4,2024-08-01,211,35,1,0.3609524071216583,0.3608851134777069,1.2000000476837158,95.16999816894531,145.17000083923338,951.700008392334,951.700008392334,1.0936663150787354,-0.11181794106960297,-0.1215110793709755,-0.11501312255859375,-0.11656495183706284,-0.14585724472999573,-0.12201690673828125
4,2024-08-01,212,35,1,-13.566365242004395,-13.566410064697266,0.0,95.16999816894531,145.17000083923338,951.700008392334,951.700008392334,-1.7108596563339233,-1.8050765991210938,-1.9662070274353027,-1.8614044189453125,-1.8863252401351929,-2.3609206676483154,-1.975616455078125
4,2024-08-01,213,35,1,-686.7200317382812,-686.7200317382812,0.0,95.16999816894531,145.17000083923338,951.700008392334,951.700008392334,-101.63196563720703,-107.88094329833984,-117.77532958984375,-54.999847412109375,-112.96165466308594,-141.47039794921875,-49.9998779296875
4,2024-08-01,214,35,1,-686.7200317382812,-686.7199096679688,0.0,95.16999816894531,145.17000083923338,951.700008392334,951.700008392334,-97.72074890136719,-109.38981628417969,-121.01714324951172,-52.89136505126953,-112.6908187866211,-143.01181030273438,-49.99822998046875
4,2024-08-01,215,35,1,0.3609524071216583,0.36097145080566406,29.962324142456055,95.16999816894531,145.17000083923338,951.700008392334,951.700008392334,-1.1477622985839844,-3.923412561416626,-4.353870391845703,23.118759155273438,-3.966256618499756,-5.0998077392578125,-4.2666778564453125
4,2024-08-01,216,35,1,-97.13026428222656,-97.13031768798828,80.43173217773438,95.16999816894531,145.17000083923338,951.700008392334,951.700008392334,30.02392578125,-23.32984161376953,-25.976165771484375,1.4080352783203125,-23.56512451171875,-30.25680160522461,-25.434345245361328
4,2024-08-01,217,36,1,518.8822021484375,518.882080078125,27.5,94.41000366210938,113.61000137329093,944.1000061035156,944.1000061035156,130.00131225585938,87.85493469238281,66.2569580078125,27.499969482421875,80.78530883789062,76.483642578125,49.99994659423828
4,2024-08-01,218,36,1,518.8822021484375,518.8821411132812,0.0,94.41000366210938,113.61000137329093,944.1000061035156,944.1000061035156,104.49876403808594,98.1503677368164,109.67223358154297,27.49969482421875,80.49256134033203,56.01083755493164,42.55767059326172
4,2024-08-01,219,36,1,518.8822021484375,518.8821411132812,1.1999999284744263,94.41000366210938,113.61000137329093,944.1000061035156,944.1000061035156,102.93229675292969,105.3739242553711,117.12063598632812,27.499237060546875,79.00852966308594,55.136322021484375,31.811187744140625
4,2024-08-01,220,36,1,518.8822021484375,518.882080078125,0.0,94.41000366210938,113.61000137329093,944.1000061035156,944.1000061035156,71.6636962890625,146.40817260742188,162.19110107421875,4.043609619140625,51.80345153808594,75.34417724609375,7.4278564453125
4,2024-08-01,221,36,1,518.8822021484375,518.8821411132812,1.1999999284744263,94.41000366210938,113.61000137329093,944.1000061035156,944.1000061035156,99.50050354003906,148.219970703125,172.04173278808594,0.00018310546875,19.200847625732422,79.91876220703125,0.0001373291015625
4,2024-08-01,222,36,1,-162.71194458007812,-162.71197509765625,0.0,94.41000366210938,113.61000137329093,944.1000061035156,944.1000061035156,-21.239967346191406,-21.22646713256836,-21.712902069091797,-23.61859130859375,-22.030664443969727,-29.774410247802734,-23.108985900878906
4,2024-08-01,223,37,1,-122.2736587524414,-122.27349853515625,0.0,104.08000183105469,131.58000068664546,1040.800006866455,1040.800006866455,-15.984296798706055,-15.967937469482422,-16.314037322998047,-17.65118408203125,-16.482816696166992,-22.526161193847656,-17.347068786621094
4,2024-08-01,224,37,1,-122.2736587524414,-122.27375793457031,0.0,104.08000183105469,131.58000068664546,1040.800006866455,1040.800006866455,-16.006210327148438,-15.970666885375977,-16.29233169555664,-17.591949462890625,-16.391162872314453,-22.6727237701416,-17.348716735839844
4,2024-08-01,225,37,1,-122.2736587524414,-122.27363586425781,0.0,104.08000183105469,131.58000068664546,1040.800006866455,1040.800006866455,-16.0428409576416,-15.973450660705566,-16.266605377197266,-17.546356201171875,-16.229114532470703,-22.84925079345703,-17.36602020263672
4,2024-08-01,226,37,1,-122.2736587524414,-122.2737808227539,0.0,104.08000183105469,131.58000068664546,1040.800006866455,1040.800006866455,-15.9271821975708,-15.802324295043945,-17.081884384155273,-17.331939697265625,-16.094738006591797,-22.817630767822266,-17.218082427978516
4,2024-08-01,227,37,1,131.5800018310547,131.57981872558594,35.61014938354492,208.16000366210938,131.58000068664546,1040.800006866455,1040.800006866455,19.18003273010254,16.526996612548828,34.18205642700195,10.004608154296875,35.512535095214844,7.626705169677734,8.546882629394531
4,2024-08-01,228,37,1,131.5800018310547,131.57981872558594,27.479249954223633,208.16000366210938,131.58000068664546,1040.800006866455,1040.800006866455,21.846529006958008,19.85363006591797,36.001895904541016,10.532318115234375,25.626644134521484,8.573368072509766,9.145431518554688
4,2024-08-01,229,38,1,101.06999969482422,101.07003784179688,21.26570701599121,202.13999938964844,101.07000083923333,1010.700008392334,1010.700008392334,16.666242599487305,16.307525634765625,32.544410705566406,7.34564208984375,15.243352890014648,6.461055278778076,6.501811981201172
4,2024-08-01,230,38,1,101.06999969482422,101.07003784179688,22.016855239868164,202.13999938964844,101.07000083923333,1010.700008392334,1010.700008392334,16.82758140563965,18.403594970703125,33.230709075927734,6.90655517578125,13.069631576538086,6.429020881652832,6.202949523925781
4,2024-08-01,231,38,1,101.06999969482422,101.06986999511719,55.31587219238281,202.13999938964844,101.07000083923333,1010.700008392334,1010.700008392334,9.981353759765625,43.49802780151367,28.77007484436035,3.80950927734375,7.780655384063721,3.7570908069610596,3.473155975341797
4,2024-08-01,232,38,1,101.06999969482422,101.06990051269531,70.95787048339844,202.13999938964844,101.07000083923333,1010.700008392334,1010.700008392334,7.251471042633057,51.4962272644043,28.94864273071289,2.635894775390625,5.63487434387207,2.6781463623046875,2.4246482849121094
4,2024-08-01,233,38,1,101.06999969482422,101.0699462890625,25.30381202697754,202.13999938964844,101.07000083923333,1010.700008392334,1010.700008392334,19.08602523803711,12.764689445495605,36.558349609375,6.664947509765625,12.925675392150879,6.898553848266602,6.1717071533203125
4,2024-08-01,234,38,1,101.06999969482422,101.07025909423828,0.0,202.13999938964844,101.07000083923333,1010.700008392334,1010.700008392334,28.884267807006836,16.51398468017578,14.765941619873047,7.945037841796875,16.67463493347168,8.797591209411621,7.488796234130859
4,2024-08-01,235,39,1,158.1199951171875,158.11984252929688,0.0,184.44000244140625,158.12000236511233,922.200008392334,922.200008392334,45.901798248291016,26.207660675048828,23.74274444580078,11.3419189453125,26.435504913330078,13.5424165725708,10.947807312011719
4,2024-08-01,236,39,1,158.1199951171875,158.1200408935547,9.59199333190918,184.44000244140625,158.12000236511233,922.200008392334,922.200008392334,45.11522674560547,25.562576293945312,28.6729679107666,9.32830810546875,26.899023056030273,13.165310859680176,9.376625061035156
4,2024-08-01,237,39,1,158.1199951171875,158.11978149414062,1.1999999284744263,184.44000244140625,158.12000236511233,922.200008392334,922.200008392334,48.74523162841797,27.47031021118164,21.841136932373047,8.438507080078125,28.691162109375,14.096586227416992,8.83685302734375
4,2024-08-01,238,39,1,158.1199951171875,158.1199493408203,0.0,184.44000244140625,158.12000236511233,922.200008392334,922.200008392334,50.16847229003906,28.09356117248535,22.51592254638672,7.1195068359375,28.025224685668945,14.388213157653809,7.809047698974609
4,2024-08-01,239,39,1,158.1199951171875,158.1201171875,0.0,184.44000244140625,158.12000236511233,922.200008392334,922.200008392334,52.453529357910156,29.235607147216797,23.657733917236328,1.6669921875,29.089954376220703,16.55371856689453,5.462574005126953
4,2024-08-01,240,39,1,158.1199951171875,158.1199951171875,0.0,184.44000244140625,158.12000236511233,922.200008392334,922.200008392334,53.553775787353516,29.772151947021484,28.257598876953125,0.00018310546875,29.584163665771484,16.95154571533203,0.000583648681640625
4,2024-08-01,241,40,1,89.13999938964844,89.1399917602539,0.0,178.27999877929688,89.14000091552737,891.4000091552734,891.4000091552734,29.84920883178711,17.162063598632812,16.04326629638672,0.0,16.52462387084961,9.560833930969238,0.0
4,2024-08-01,242,40,1,89.13999938964844,89.13992309570312,0.0,178.27999877929688,89.14000091552737,891.4000091552734,891.4000091552734,29.620155334472656,17.802305221557617,15.959413528442383,0.0,16.284486770629883,9.473564147949219,0.0
4,2024-08-01,243,40,1,89.13999938964844,89.14028930664062,0.0,178.27999877929688,89.14000091552737,891.4000091552734,891.4000091552734,29.83263397216797,17.91128158569336,15.909178733825684,0.0,16.079730987548828,9.407466888427734,0.0
4,2024-08-01,244,40,1,36.960487365722656,36.96046447753906,0.0,89.13999938964844,89.14000091552737,891.4000091552734,891.4000091552734,12.51391887664795,7.46542501449585,6.546805381774902,0.0,6.568741321563721,3.8655717372894287,0.0
4,2024-08-01,245,40,1,89.13999938964844,89.14012145996094,0.0,178.27999877929688,89.14000091552737,891.4000091552734,891.4000091552734,30.465383529663086,18.247482299804688,15.623760223388672,0.0,15.60031509399414,9.203184127807617,0.0
4,2024-08-01,246,40,1,89.13999938964844,89.13992309570312,1.1999999284744263,178.27999877929688,89.14000091552737,891.4000091552734,891.4000091552734,27.771358489990234,16.80367660522461,15.337501525878906,0.0,14.02039909362793,8.323177337646484,6.883814334869385
4,2024-08-01,247,41,1,228.64553833007812,228.6457061767578,0.0,172.02133178710938,228.6455311440809,855.7133344014485,864.5000038146973,72.21036529541016,44.67670440673828,36.748817443847656,0.0,36.198402404785156,21.618610382080078,17.192806243896484
4,2024-08-01,248,41,1,228.64553833007812,228.64537048339844,1.2000000476837158,172.02133178710938,228.6455311440809,855.7133344014485,864.5000038146973,70.58528137207031,44.32859802246094,38.14907455444336,0.0,36.673851013183594,22.60696792602539,16.301597595214844
4,2024-08-01,249,41,1,228.64553833007812,228.64559936523438,1.2000000476837158,172.02133178710938,228.6455311440809,855.7133344014485,864.5000038146973,64.68731689453125,47.8235969543457,39.73283386230469,0.0,37.19429397583008,23.76348304748535,15.444085121154785
4,2024-08-01,250,41,1,228.64553833007812,228.64544677734375,0.0,172.02133178710938,228.6455311440809,855.7133344014485,864.5000038146973,60.734012603759766,49.150962829589844,41.475040435791016,0.0,37.69061279296875,25.029333114624023,14.565482139587402
4,2024-08-01,251,41,1,228.64553833007812,228.6456298828125,0.0,172.02133178710938,228.6455311440809,855.7133344014485,864.5000038146973,57.05874252319336,51.196250915527344,43.080833435058594,0.0,37.676666259765625,26.1375732421875,13.495551109313965
4,2024-08-01,252,41,1,228.64553833007812,228.64553833007812,0.0,172.02133178710938,228.6455311440809,855.7133344014485,864.5000038146973,52.957454681396484,53.36829376220703,44.78520202636719,0.0,37.63772201538086,27.44595718383789,12.45091724395752
4,2024-08-01,253,42,1,97.9000015258789,97.89994812011719,0.0,157.39999389648438,97.9000011444092,787.0000038146973,787.0000038146973,21.23558807373047,23.748289108276367,19.656749725341797,0.0,16.028949737548828,12.352778434753418,4.877599716186523
4,2024-08-01,254,42,1,97.9000015258789,97.90011596679688,0.0,157.39999389648438,97.9000011444092,787.0000038146973,787.0000038146973,17.505374908447266,20.770008087158203,16.649953842163086,0.0,28.558372497558594,10.513982772827148,3.90242600440979
4,2024-08-01,255,42,1,97.9000015258789,97.90000915527344,0.0,157.39999389648438,97.9000011444092,787.0000038146973,787.0000038146973,17.118839263916016,21.65485382080078,16.631149291992188,0.0,28.275463104248047,10.51313591003418,3.7065675258636475
4,2024-08-01,256,42,1,97.9000015258789,97.89991760253906,0.0,157.39999389648438,97.9000011444092,787.0000038146973,787.0000038146973,16.283008575439453,22.911643981933594,16.634958267211914,0.0,28.031835556030273,10.514009475708008,3.5244691371917725
4,2024-08-01,257,42,1,97.9000015258789,97.90007781982422,1.1999999284744263,157.39999389648438,97.9000011444092,787.0000038146973,787.0000038146973,15.226213455200195,24.35620880126953,16.646697998046875,0.0,27.801116943359375,10.518239974975586,3.3515989780426025
4,2024-08-01,258,42,1,97.9000015258789,97.90001678466797,1.2000000476837158,157.39999389648438,97.9000011444092,787.0000038146973,787.0000038146973,12.013309478759766,26.593095779418945,16.73151206970215,0.0,27.690799713134766,11.76878833770752,3.102511405944824
4,2024-08-01,259,43,1,73.19999694824219,73.20018005371094,33.4219856262207,146.39999389648438,73.20000038146975,732.0000038146973,732.0000038146973,4.791309356689453,42.44938659667969,7.935262203216553,0.0,13.012179374694824,5.011384010314941,0.0006591796409338713
4,2024-08-01,260,43,1,73.19999694824219,73.19993591308594,1.2000000476837158,146.39999389648438,73.20000038146975,732.0000038146973,732.0000038146973,9.373865127563477,16.73824691772461,14.425373077392578,0.0,23.625699996948242,9.036745071411133,0.0
4,2024-08-01,261,43,1,73.19999694824219,73.2000503540039,1.2000000476837158,146.39999389648438,73.20000038146975,732.0000038146973,732.0000038146973,7.052021026611328,17.27745819091797,15.871397018432617,0.0,23.85689926147461,9.142274856567383,0.0
4,2024-08-01,262,43,1,73.19999694824219,73.199951171875,0.0,146.39999389648438,73.20000038146975,732.0000038146973,732.0000038146973,3.8941726684570312,18.70674705505371,15.64712905883789,0.0,25.254554748535156,9.697345733642578,0.0
4,2024-08-01,263,43,1,73.19999694824219,73.2000732421875,0.0,146.39999389648438,73.20000038146975,732.0000038146973,732.0000038146973,0.000858306884765625,20.057016372680664,16.519317626953125,0.0,26.43706512451172,10.185815811157227,0.0
4,2024-08-01,264,43,1,73.19999694824219,73.19999694824219,1.2000000476837158,146.39999389648438,73.20000038146975,732.0000038146973,732.0000038146973,1.199981689453125,20.035369873046875,16.25107192993164,0.0,25.7469539642334,9.966615676879883,0.0
4,2024-08-01,265,44,1,57.70000076293945,57.699974060058594,1.1999999284744263,115.4000015258789,57.70000038146975,577.0000038146973,577.0000038146973,1.199981689453125,15.990266799926758,12.770455360412598,0.0,19.975540161132812,7.763729095458984,0.0
4,2024-08-01,266,44,1,57.70000076293945,57.69995880126953,0.0,115.4000015258789,57.70000038146975,577.0000038146973,577.0000038146973,0.0,16.75540542602539,12.988870620727539,0.0,20.148174285888672,7.8075079917907715,0.0
4,2024-08-01,267,44,1,57.70000076293945,57.70001983642578,1.2000000476837158,115.4000015258789,57.70000038146975,577.0000038146973,577.0000038146973,0.0,16.919036865234375,12.637277603149414,0.0,19.43703842163086,7.506647109985352,1.2000160217285156
4,2024-08-01,268,44,1,57.70000076293945,57.70009231567383,7.108887195587158,115.4000015258789,57.70000038146975,577.0000038146973,577.0000038146973,0.0,22.31576919555664,11.368911743164062,0.0,17.34868621826172,6.66672420501709,0.0
4,2024-08-01,269,44,1,57.70000076293945,57.70001983642578,0.0,115.4000015258789,57.70000038146975,577.0000038146973,577.0000038146973,0.0,17.985013961791992,12.826814651489258,0.0,19.471471786499023,7.41671895980835,0.0
4,2024-08-01,270,44,1,57.70000076293945,57.700077056884766,0.0,115.4000015258789,57.70000038146975,577.0000038146973,577.0000038146973,0.0,18.817575454711914,12.610645294189453,0.0,19.06175994873047,7.2100982666015625,0.0
4,2024-08-01,271,45,1,-7.990837097167969,-7.991005897521973,1.2000000476837158,102.19999694824219,-7.990836929518053,511.00000381469727,511.00000381469727,-0.060390472412109375,-1.1403717994689941,-1.2098808288574219,-1.207855224609375,-1.2352718114852905,-1.6131844520568848,-1.5240509510040283
4,2024-08-01,272,45,1,-7.990837097167969,-7.990861892700195,23.142993927001953,102.19999694824219,-7.990836929518053,511.00000381469727,511.00000381469727,-4.2705230712890625,19.25361442565918,-4.091864585876465,-4.060546875,-4.164666175842285,-5.480173110961914,-5.176702499389648
4,2024-08-01,273,45,1,-97.72742462158203,-97.72740173339844,23.444293975830078,51.099998474121094,-7.990836929518053,511.00000381469727,511.00000381469727,-16.57891845703125,7.7584991455078125,-15.91331672668457,-15.12451171875,-16.15874671936035,-21.452896118164062,-20.257511138916016
4,2024-08-01,274,45,1,-85.26400756835938,-85.26385498046875,5.626225471496582,51.099998474121094,-7.990836929518053,511.00000381469727,511.00000381469727,-12.633407592773438,-11.689413070678711,-8.293729782104492,-5.906890869140625,-13.892579078674316,-16.905778884887695,-15.942054748535156
4,2024-08-01,275,45,1,-7.990837097167969,-7.990998268127441,70.35581970214844,102.19999694824219,-7.990836929518053,511.00000381469727,511.00000381469727,-11.336288452148438,7.080242156982422,-11.396041870117188,27.499786376953125,10.548849105834961,-15.647862434387207,-14.739683151245117
4,2024-08-01,276,45,1,-7.990837097167969,-7.990911483764648,27.5,102.19999694824219,-7.990836929518053,511.00000381469727,511.00000381469727,-5.0057373046875,-5.505239963531494,-5.136209011077881,0.0,21.52712631225586,-7.146256446838379,-6.7245941162109375
4,2024-08-01,277,46,1,77.45000457763672,77.44977569580078,27.5,94.5,77.45000114440916,472.50000381469727,472.50000381469727,11.4327392578125,10.786964416503906,13.214344024658203,0.0,34.22431945800781,5.026192665100098,2.7652175426483154
4,2024-08-01,278,46,1,77.45000457763672,77.44989013671875,27.5,94.5,77.45000114440916,472.50000381469727,472.50000381469727,10.168167114257812,10.837898254394531,14.286168098449707,0.0,34.31395721435547,5.094522953033447,2.7491774559020996
4,2024-08-01,279,46,1,77.45000457763672,77.4499282836914,27.499988555908203,94.5,77.45000114440916,472.50000381469727,472.50000381469727,8.467391967773438,10.341408729553223,14.983856201171875,2.096933126449585,34.05931854248047,4.90567684173584,2.595341444015503
4,2024-08-01,280,46,1,77.45000457763672,77.45003509521484,27.499971389770508,94.5,77.45000114440916,472.50000381469727,472.50000381469727,7.1883544921875,10.11867904663086,16.830142974853516,1.9873720407485962,33.973602294921875,4.839999198913574,2.5118865966796875
4,2024-08-01,281,46,1,63.620731353759766,63.62077331542969,59.60032272338867,47.25,77.45000114440916,472.50000381469727,472.50000381469727,0.5484466552734375,0.9023575186729431,33.259395599365234,0.1716614067554474,28.082317352294922,0.43503111600875854,0.22156676650047302
4,2024-08-01,282,46,1,77.45000457763672,77.44995880126953,27.499942779541016,94.5,77.45000114440916,472.50000381469727,472.50000381469727,7.0171051025390625,10.980592727661133,14.926682472229004,2.0482635498046875,34.587440490722656,5.231494903564453,2.6583755016326904
4,2024-08-01,283,47,1,515.979736328125,515.9799194335938,27.49992561340332,48.40999984741211,48.410000610351574,484.1000061035156,484.1000061035156,6.2630767822265625,65.99980163574219,90.37555694580078,9.593332290649414,155.24462890625,140.77667236328125,47.72682189941406
4,2024-08-01,284,47,1,515.979736328125,515.9798583984375,27.49991226196289,48.40999984741211,48.410000610351574,484.1000061035156,484.1000061035156,27.491363525390625,65.99988555908203,80.81954193115234,27.499603271484375,159.49887084960938,129.0658416748047,25.604721069335938
4,2024-08-01,285,47,1,515.979736328125,515.979736328125,28.69989776611328,48.40999984741211,48.410000610351574,484.1000061035156,484.1000061035156,27.499786376953125,65.99977111816406,94.4486312866211,27.499797821044922,115.25662231445312,142.74815368652344,42.526947021484375
4,2024-08-01,286,47,1,433.32855224609375,433.32855224609375,0.0,48.40999984741211,48.410000610351574,484.1000061035156,484.1000061035156,27.499465942382812,65.99949645996094,81.27197265625,27.499483108520508,59.62958526611328,135.6231689453125,35.80537414550781
4,2024-08-01,287,47,1,468.75048828125,468.7506103515625,0.0,48.40999984741211,48.410000610351574,484.1000061035156,484.1000061035156,27.4991455078125,65.9991683959961,67.97747802734375,27.4991397857666,82.8136215209961,140.50723266601562,56.454795837402344
4,2024-08-01,288,47,1,515.979736328125,515.979736328125,0.0,48.40999984741211,48.410000610351574,484.1000061035156,484.1000061035156,27.499923706054688,65.99993896484375,74.73944854736328,27.499906539916992,90.81083679199219,151.92999267578125,77.49972534179688
