episode,service_date,step,block,tracking_enabled,target_kw,actual_kw,tolerance_kw,baseline_kw,up_kw,down_kw,station_1_kw,station_2_kw,station_3_kw,station_4_kw,station_5_kw,station_6_kw,station_7_kw
3,2024-04-07,1,0,1,-250.760009765625,-146.2432861328125,25.940000534057617,-250.7600023905436,0.0,259.4000015258789,-6.038662910461426,0.0,-61.77692413330078,0.0,-29.763219833374023,-22.523723602294922,-26.14076042175293
3,2024-04-07,2,0,1,-250.760009765625,-146.78567504882812,25.940000534057617,-250.7600023905436,0.0,259.4000015258789,-6.32213830947876,0.0,-61.513587951660156,0.0,-30.015613555908203,-22.708053588867188,-26.226247787475586
3,2024-04-07,3,0,1,-250.760009765625,-147.05519104003906,25.940000534057617,-250.7600023905436,0.0,259.4000015258789,-6.492453575134277,0.0,-62.02461242675781,0.0,-30.364412307739258,-22.296031951904297,-25.877668380737305
3,2024-04-07,4,0,1,-250.760009765625,-142.82510375976562,25.940000534057617,-250.7600023905436,0.0,259.4000015258789,-6.6674652099609375,0.0,-62.693023681640625,0.0,-25.98837661743164,-21.816822052001953,-25.65935707092285
3,2024-04-07,5,0,1,-250.760009765625,-134.42489624023438,25.940000534057617,-250.7600023905436,0.0,259.4000015258789,-6.80405330657959,0.0,-64.12459564208984,0.0,-16.562789916992188,-21.464109420776367,-25.46933364868164
3,2024-04-07,6,0,1,-250.760009765625,-112.11034393310547,25.940000534057617,-250.7600023905436,0.0,259.4000015258789,-6.877606391906738,0.0,-44.9498176574707,0.0,-13.646293640136719,-21.1285457611084,-25.508054733276367
3,2024-04-07,7,1,1,-125.95999908447266,-70.43379211425781,27.860000610351562,-125.95999946594247,0.0,278.60000228881836,-4.960574626922607,0.0,-40.86003494262695,0.0,-9.541458129882812,-11.263835906982422,-3.8078956604003906
3,2024-04-07,8,1,1,-125.95999908447266,-20.846763610839844,27.860000610351562,-125.95999946594247,0.0,278.60000228881836,-5.379731178283691,0.0,-9.608346939086914,0.0,-9.438421249389648,-31.19758415222168,34.77730178833008
3,2024-04-07,9,1,1,-125.95999908447266,-4.636604309082031,27.860000610351562,-125.95999946594247,0.0,278.60000228881836,-6.1107330322265625,0.0,5.842103958129883,0.0,-9.815773010253906,-32.952239990234375,38.399993896484375
3,2024-04-07,10,1,1,-125.95999908447266,-7.609272003173828,27.860000610351562,-125.95999946594247,0.0,278.60000228881836,-6.949841499328613,0.0,5.825662612915039,0.0,-10.239501953125,-34.64558792114258,38.399993896484375
3,2024-04-07,11,1,1,-125.95999908447266,-1.8363685607910156,27.860000610351562,-125.95999946594247,0.0,278.60000228881836,-0.6752197742462158,0.0,5.986381530761719,0.0,-10.5833740234375,-34.96421813964844,38.4000244140625
3,2024-04-07,12,1,1,-125.95999908447266,9.016727447509766,27.860000610351562,-125.95999946594247,0.0,278.60000228881836,10.702470779418945,0.0,6.282827377319336,0.0,-10.9404296875,-35.42811584472656,38.4000244140625
3,2024-04-07,13,2,0,0.0,8.985240936279297,1e-06,0.0,0.0,0.0,10.999979019165039,0.0,7.01807975769043,0.0,-10.329761505126953,1.29693603515625,0.0
3,2024-04-07,14,2,0,0.0,12.232099533081055,1e-06,0.0,0.0,0.0,11.000006675720215,0.0,7.817768096923828,0.0,-10.843320846557617,4.257641315460205,0.0
3,2024-04-07,15,2,0,0.0,-11.395739555358887,1e-06,0.0,0.0,0.0,11.000006675720215,0.0,-14.865883827209473,0.0,-11.764627456665039,4.234735488891602,0.0
3,2024-04-07,16,2,0,0.0,-4.54930305480957,1e-06,0.0,0.0,0.0,11.000006675720215,0.0,-14.897595405578613,0.0,-5.518865585327148,4.867136001586914,0.0
3,2024-04-07,17,2,0,0.0,23.77739715576172,1e-06,0.0,0.0,0.0,10.999979019165039,0.0,-15.07595443725586,0.0,10.270109176635742,17.583290100097656,0.0
3,2024-04-07,18,2,0,0.0,40.17997360229492,1e-06,0.0,0.0,0.0,11.000006675720215,0.0,-15.442282676696777,0.0,17.65033721923828,26.971900939941406,0.0
3,2024-04-07,19,3,0,0.0,42.956180572509766,1e-06,0.0,0.0,0.0,11.000006675720215,0.0,-15.586140632629395,0.0,17.693506240844727,29.84879493713379,0.0
3,2024-04-07,20,3,0,0.0,14.299989700317383,1e-06,0.0,0.0,0.0,11.000006675720215,0.0,-16.36897087097168,0.0,17.480701446533203,2.1882619857788086,0.0
3,2024-04-07,21,3,0,0.0,13.749483108520508,1e-06,0.0,0.0,0.0,11.000006675720215,0.0,-17.257308959960938,0.0,17.33057975769043,2.676218032836914,0.0
3,2024-04-07,22,3,0,0.0,22.107013702392578,1e-06,0.0,0.0,0.0,10.999979019165039,0.0,-18.22848129272461,0.0,17.19328498840332,12.142210006713867,0.0
3,2024-04-07,23,3,0,0.0,12.232200622558594,1e-06,0.0,0.0,0.0,11.000006675720215,0.0,-19.061803817749023,0.0,7.076642990112305,13.217376708984375,0.0
3,2024-04-07,24,3,0,0.0,20.857425689697266,1e-06,0.0,0.0,0.0,11.000006675720215,0.0,-11.672846794128418,0.0,6.832376480102539,14.69791316986084,0.0
3,2024-04-07,25,4,0,0.0,59.688663482666016,1e-06,0.0,0.0,0.0,11.000006675720215,0.0,18.94469451904297,0.0,6.173128128051758,23.570858001708984,0.0
3,2024-04-07,26,4,0,0.0,66.35575103759766,1e-06,0.0,0.0,0.0,11.000006675720215,0.0,25.230289459228516,0.0,6.099188804626465,24.02629280090332,0.0
3,2024-04-07,27,4,0,0.0,57.80286407470703,1e-06,0.0,0.0,0.0,0.0,0.0,26.85086441040039,0.0,6.085430145263672,24.866592407226562,0.0
3,2024-04-07,28,4,0,0.0,59.320640563964844,1e-06,0.0,0.0,0.0,0.0,0.0,27.294702529907227,0.0,6.006560325622559,26.01940155029297,0.0
3,2024-04-07,29,4,0,0.0,59.638206481933594,1e-06,0.0,0.0,0.0,0.0,0.0,27.433996200561523,0.0,5.89284610748291,26.311363220214844,0.0
3,2024-04-07,30,4,0,0.0,60.03708267211914,1e-06,0.0,0.0,0.0,0.0,0.0,27.48114776611328,0.0,5.819157600402832,26.736774444580078,0.0
3,2024-04-07,31,5,0,0.0,65.48834228515625,1e-06,0.0,0.0,0.0,0.0,0.0,27.493619918823242,0.0,6.028881072998047,31.965858459472656,0.0
3,2024-04-07,32,5,0,0.0,65.166015625,1e-06,0.0,0.0,0.0,0.0,0.0,27.49999237060547,0.0,6.001655578613281,31.664348602294922,0.0
3,2024-04-07,33,5,0,0.0,65.11226654052734,1e-06,0.0,0.0,0.0,0.0,0.0,27.49999237060547,0.0,6.042631149291992,31.569591522216797,0.0
3,2024-04-07,34,5,0,0.0,71.89337158203125,1e-06,0.0,0.0,0.0,0.0,0.0,27.49999237060547,0.0,12.87509536743164,31.51825714111328,0.0
3,2024-04-07,35,5,0,0.0,40.558494567871094,1e-06,0.0,0.0,0.0,-8.645252227783203,0.0,0.0,0.0,17.18309211730957,32.02063751220703,0.0
3,2024-04-07,36,5,0,0.0,42.99394989013672,1e-06,0.0,0.0,0.0,-8.586255073547363,0.0,0.0,0.0,18.54425811767578,33.03593444824219,0.0
3,2024-04-07,37,6,0,0.0,39.66363525390625,1e-06,0.0,0.0,0.0,-7.90850830078125,0.0,0.0,0.0,18.986391067504883,28.585731506347656,0.0
3,2024-04-07,38,6,0,0.0,40.406375885009766,1e-06,0.0,0.0,0.0,-7.877362251281738,0.0,0.0,0.0,19.128185272216797,29.15550994873047,0.0
3,2024-04-07,39,6,0,0.0,40.777503967285156,1e-06,0.0,0.0,0.0,-7.848797798156738,0.0,0.0,0.0,19.17572021484375,29.450576782226562,0.0
3,2024-04-07,40,6,0,0.0,41.325462341308594,1e-06,0.0,0.0,0.0,-7.806665897369385,0.0,0.0,0.0,19.19093132019043,29.94116973876953,0.0
3,2024-04-07,41,6,0,0.0,56.052947998046875,1e-06,0.0,0.0,0.0,-7.74920654296875,0.0,0.0,0.0,33.05740737915039,30.74471092224121,0.0
3,2024-04-07,42,6,0,0.0,62.14470672607422,1e-06,0.0,0.0,0.0,-7.6957855224609375,0.0,0.0,0.0,38.39998245239258,31.440475463867188,0.0
3,2024-04-07,43,7,0,0.0,63.531341552734375,1e-06,0.0,0.0,0.0,-7.68883752822876,0.0,0.0,0.0,38.399986267089844,32.82017135620117,0.0
3,2024-04-07,44,7,0,0.0,64.19184875488281,1e-06,0.0,0.0,0.0,-7.561808109283447,0.0,0.0,0.0,38.399986267089844,33.353694915771484,0.0
3,2024-04-07,45,7,0,0.0,45.54731750488281,1e-06,0.0,0.0,0.0,-7.42620849609375,0.0,0.0,0.0,19.200002670288086,33.77350997924805,0.0
3,2024-04-07,46,7,0,0.0,46.308921813964844,1e-06,0.0,0.0,0.0,-7.263034343719482,0.0,0.0,0.0,19.200002670288086,34.37196350097656,0.0
3,2024-04-07,47,7,0,0.0,46.692684173583984,1e-06,0.0,0.0,0.0,-7.124386787414551,0.0,0.0,0.0,19.200010299682617,34.617095947265625,0.0
3,2024-04-07,48,7,0,0.0,46.85701370239258,1e-06,0.0,0.0,0.0,-6.9856438636779785,0.0,0.0,0.0,19.200010299682617,34.64263916015625,0.0
3,2024-04-07,49,8,0,0.0,45.29322814941406,1e-06,0.0,0.0,0.0,-6.8701629638671875,0.0,0.0,0.0,19.200010299682617,32.963417053222656,0.0
3,2024-04-07,50,8,0,0.0,45.785545349121094,1e-06,0.0,0.0,0.0,-6.724649906158447,0.0,0.0,0.0,19.200010299682617,33.31018829345703,0.0
3,2024-04-07,51,8,0,0.0,45.69156265258789,1e-06,0.0,0.0,0.0,-6.5782012939453125,0.0,0.0,0.0,19.200010299682617,33.06977844238281,0.0
3,2024-04-07,52,8,0,0.0,46.02189254760742,1e-06,0.0,0.0,0.0,-6.445555686950684,0.0,0.0,0.0,19.200010299682617,33.267425537109375,0.0
3,2024-04-07,53,8,0,0.0,46.10092544555664,1e-06,0.0,0.0,0.0,-6.339674949645996,0.0,0.0,0.0,19.200010299682617,33.24061584472656,0.0
3,2024-04-07,54,8,0,0.0,46.40476989746094,1e-06,0.0,0.0,0.0,-6.272040367126465,0.0,0.0,0.0,19.200010299682617,33.47679901123047,0.0
3,2024-04-07,55,9,0,0.0,35.47071075439453,1e-06,0.0,0.0,0.0,-5.449301242828369,0.0,0.0,0.0,19.200010299682617,21.719970703125,0.0
3,2024-04-07,56,9,0,0.0,35.846092224121094,1e-06,0.0,0.0,0.0,-5.409709453582764,0.0,0.0,0.0,19.200010299682617,22.055809020996094,0.0
3,2024-04-07,57,9,0,0.0,30.568679809570312,1e-06,0.0,0.0,0.0,-5.4022111892700195,0.0,0.0,0.0,19.200010299682617,16.770931243896484,0.0
3,2024-04-07,58,9,0,0.0,30.718406677246094,1e-06,0.0,0.0,0.0,-5.385896682739258,0.0,0.0,0.0,19.200010299682617,16.904346466064453,0.0
3,2024-04-07,59,9,0,0.0,24.86775779724121,1e-06,0.0,0.0,0.0,-5.378467082977295,0.0,0.0,0.0,19.200010299682617,11.04620361328125,0.0
3,2024-04-07,60,9,0,0.0,24.94936752319336,1e-06,0.0,0.0,0.0,-5.36922550201416,0.0,0.0,0.0,19.200010299682617,11.118549346923828,0.0
3,2024-04-07,61,10,0,0.0,26.19152069091797,1e-06,0.0,0.0,0.0,-7.3118133544921875,0.0,0.0,0.0,19.200010299682617,14.303292274475098,0.0
3,2024-04-07,62,10,0,0.0,26.131973266601562,1e-06,0.0,0.0,0.0,-7.327455997467041,0.0,0.0,0.0,19.200010299682617,14.259456634521484,0.0
3,2024-04-07,63,10,0,0.0,26.094694137573242,1e-06,0.0,0.0,0.0,-7.325848579406738,0.0,0.0,0.0,19.200010299682617,14.220565795898438,0.0
3,2024-04-07,64,10,0,0.0,26.060718536376953,1e-06,0.0,0.0,0.0,-7.319407939910889,0.0,0.0,0.0,19.200010299682617,14.180108070373535,0.0
3,2024-04-07,65,10,0,0.0,26.04330825805664,1e-06,0.0,0.0,0.0,-7.305243015289307,0.0,0.0,0.0,19.200010299682617,14.148550987243652,0.0
3,2024-04-07,66,10,0,0.0,26.061248779296875,1e-06,0.0,0.0,0.0,-7.292937755584717,0.0,0.0,0.0,19.19998550415039,14.154152870178223,0.0
3,2024-04-07,67,11,0,0.0,22.425254821777344,1e-06,0.0,0.0,0.0,-3.94392728805542,0.0,0.0,0.0,19.19998550415039,7.169155597686768,0.0
3,2024-04-07,68,11,0,0.0,20.764633178710938,1e-06,0.0,0.0,0.0,-3.9378228187561035,0.0,0.0,0.0,19.19998550415039,5.502420425415039,0.0
3,2024-04-07,69,11,0,0.0,19.30941390991211,1e-06,0.0,0.0,0.0,-3.933833599090576,0.0,0.0,0.0,19.19998550415039,4.043243408203125,0.0
3,2024-04-07,70,11,0,0.0,18.249971389770508,1e-06,0.0,0.0,0.0,-3.9298646450042725,0.0,0.0,0.0,19.19998550415039,2.9798216819763184,0.0
3,2024-04-07,71,11,0,0.0,17.475980758666992,1e-06,0.0,0.0,0.0,-3.926046848297119,0.0,0.0,0.0,19.19998550415039,2.2019896507263184,0.0
3,2024-04-07,72,11,0,0.0,16.90537452697754,1e-06,0.0,0.0,0.0,-3.9275436401367188,0.0,0.0,0.0,19.19998550415039,1.6329528093338013,0.0
3,2024-04-07,73,12,0,0.0,15.192540168762207,1e-06,0.0,0.0,0.0,-5.484354496002197,0.0,0.0,0.0,19.19998550415039,1.4768919944763184,0.0
3,2024-04-07,74,12,0,0.0,14.722484588623047,1e-06,0.0,0.0,0.0,-5.499619483947754,0.0,0.0,0.0,19.19998550415039,1.0221405029296875,0.0
3,2024-04-07,75,12,0,0.0,14.400880813598633,1e-06,0.0,0.0,0.0,-5.508620738983154,0.0,0.0,0.0,19.19998550415039,0.7095245122909546,0.0
3,2024-04-07,76,12,0,0.0,14.178138732910156,1e-06,0.0,0.0,0.0,-5.516290664672852,0.0,0.0,0.0,19.19998550415039,0.4944671392440796,0.0
3,2024-04-07,77,12,0,0.0,9.447640419006348,1e-06,0.0,0.0,0.0,-5.50123929977417,0.0,0.0,-4.596954345703125,19.19998550415039,0.34582212567329407,0.0
3,2024-04-07,78,12,0,0.0,6.878676891326904,1e-06,0.0,0.0,0.0,-5.498990535736084,0.0,0.0,-7.065829753875732,19.19998550415039,0.2434844970703125,0.0
3,2024-04-07,79,13,0,0.0,1.4864282608032227,1e-06,0.0,0.0,0.0,-4.859847068786621,0.0,0.0,-13.188648223876953,19.19998550415039,0.3349456787109375,0.0
3,2024-04-07,80,13,0,0.0,1.1876201629638672,1e-06,0.0,0.0,0.0,-4.903915882110596,0.0,0.0,-13.254648208618164,19.19998550415039,0.14617308974266052,0.0
3,2024-04-07,81,13,0,0.0,0.9609718322753906,1e-06,0.0,0.0,0.0,-4.952122688293457,0.0,0.0,-13.35080623626709,19.19998550415039,0.06394043564796448,0.0
3,2024-04-07,82,13,0,0.0,0.7998790740966797,1e-06,0.0,0.0,0.0,-4.999768257141113,0.0,0.0,-13.428300857543945,19.19998550415039,0.02793274261057377,0.0
3,2024-04-07,83,13,0,0.0,-9.179142951965332,1e-06,0.0,0.0,0.0,-5.046542644500732,0.0,0.0,-23.34491729736328,19.19998550415039,0.012277222238481045,0.0
3,2024-04-07,84,13,0,0.0,-11.951041221618652,1e-06,0.0,0.0,0.0,-7.532595634460449,0.0,0.0,-23.623958587646484,19.19998550415039,0.005520629696547985,0.0
3,2024-04-07,85,14,0,0.0,-3.578582763671875,1e-06,0.0,0.0,0.0,-6.720216751098633,0.0,0.0,-16.05974578857422,19.19998550415039,0.001400756766088307,0.0
3,2024-04-07,86,14,0,0.0,-4.082544326782227,1e-06,0.0,0.0,0.0,-6.818728923797607,0.0,0.0,-16.464771270751953,19.19998550415039,0.0009063720353879035,0.0
3,2024-04-07,87,14,0,0.0,-19.5179443359375,1e-06,0.0,0.0,0.0,-2.7295961380004883,0.0,0.0,-16.789005279541016,0.0,0.0006591796409338713,0.0
3,2024-04-07,88,14,0,0.0,-1.243351936340332,1e-06,0.0,0.0,0.0,15.701456069946289,0.0,0.0,-16.94523048400879,0.0,0.0004119873046875,0.0
3,2024-04-07,89,14,0,0.0,-0.7702140808105469,1e-06,0.0,0.0,0.0,16.62811279296875,0.0,0.0,-17.398622512817383,0.0,0.0002471923653502017,0.0
3,2024-04-07,90,14,0,0.0,4.928933143615723,1e-06,0.0,0.0,0.0,16.56485366821289,2.283285140991211,0.0,-13.919458389282227,0.0,0.0002471923653502017,0.0
3,2024-04-07,91,15,0,0.0,8.469138145446777,1e-06,0.0,0.0,0.0,15.659482955932617,-0.0705099105834961,0.0,-7.119873046875,0.0,8.239745511673391e-05,0.0
3,2024-04-07,92,15,0,0.0,9.455572128295898,1e-06,0.0,0.0,0.0,17.84033203125,-0.8170738220214844,0.0,-7.5677490234375,0.0,0.0,0.0
3,2024-04-07,93,15,0,0.0,18.669397354125977,1e-06,0.0,0.0,0.0,27.408676147460938,-0.8076152801513672,0.0,-7.931671142578125,0.0,0.0,0.0
3,2024-04-07,94,15,0,0.0,32.42267990112305,1e-06,0.0,0.0,0.0,30.20000648498535,10.211912155151367,0.0,-7.9892578125,0.0,0.0,0.0
3,2024-04-07,95,15,0,0.0,40.71769714355469,1e-06,0.0,0.0,0.0,30.20001220703125,19.19999885559082,0.0,-8.68231201171875,0.0,0.0,0.0
3,2024-04-07,96,15,0,0.0,40.07509994506836,1e-06,0.0,0.0,0.0,30.19998550415039,19.199989318847656,0.0,-9.324920654296875,0.0,0.0,0.0
3,2024-04-07,97,16,0,0.0,28.754934310913086,1e-06,0.0,0.0,0.0,24.682018280029297,19.19999885559082,0.0,-15.127166748046875,0.0,8.239745511673391e-05,0.0
3,2024-04-07,98,16,0,0.0,11.323184967041016,1e-06,0.0,0.0,0.0,24.440017700195312,19.19999885559082,-11.920074462890625,-20.3968505859375,0.0,8.239745511673391e-05,0.0
3,2024-04-07,99,16,0,0.0,28.019685745239258,1e-06,0.0,0.0,0.0,24.288652420043945,19.19999885559082,7.483495712280273,-22.95245361328125,0.0,8.239745511673391e-05,0.0
3,2024-04-07,100,16,0,0.0,30.897140502929688,1e-06,0.0,0.0,0.0,24.111251831054688,19.19999885559082,14.198942184448242,-26.61309814453125,0.0,8.239745511673391e-05,0.0
3,2024-04-07,101,16,0,0.0,20.426692962646484,1e-06,0.0,0.0,0.0,17.375059127807617,19.19999885559082,13.830350875854492,-29.978763580322266,0.0,0.0,0.0
3,2024-04-07,102,16,0,0.0,-0.9557371139526367,1e-06,0.0,0.0,0.0,14.379249572753906,0.0,13.263032913208008,-28.59803009033203,0.0,0.0,0.0
3,2024-04-07,103,17,1,93.70000457763672,94.70775604248047,54.119998931884766,93.70000457763669,291.2000045776367,250.0,25.899953842163086,0.0,24.52126121520996,30.53167724609375,13.754847526550293,0.0,0.0
3,2024-04-07,104,17,1,93.70000457763672,97.30995178222656,54.119998931884766,93.70000457763669,291.2000045776367,250.0,25.473573684692383,0.0,23.7469425201416,26.723642349243164,21.365764617919922,0.0,0.0
3,2024-04-07,105,17,1,93.70000457763672,101.20521545410156,54.119998931884766,93.70000457763669,291.2000045776367,250.0,25.024919509887695,0.0,22.727685928344727,30.083229064941406,23.369369506835938,0.0,0.0
3,2024-04-07,106,17,1,93.70000457763672,112.14619445800781,54.119998931884766,93.70000457763669,291.2000045776367,250.0,21.722951889038086,0.0,22.384340286254883,44.39653396606445,23.642324447631836,0.0,0.0
3,2024-04-07,107,17,1,93.70000457763672,112.43927764892578,54.119998931884766,93.70000457763669,291.2000045776367,250.0,20.89032554626465,0.0,21.91963005065918,45.81488800048828,23.81442642211914,0.0,0.0
3,2024-04-07,108,17,1,93.70000457763672,110.45191192626953,54.119998931884766,93.70000457763669,291.2000045776367,250.0,19.86433982849121,0.0,21.53923988342285,45.07436752319336,23.97394561767578,0.0,0.0
3,2024-04-07,109,18,1,35.42570114135742,67.73440551757812,30.770000457763672,49.976773977307424,307.7000045776367,307.70000084809726,19.67885398864746,0.0,14.956609725952148,13.408287048339844,19.690624237060547,0.0,0.0
3,2024-04-07,110,18,1,49.97677230834961,77.1012191772461,61.540000915527344,49.976773977307424,307.7000045776367,307.70000084809726,21.472097396850586,0.0,15.27070426940918,18.101665496826172,22.25667381286621,0.0,0.0
3,2024-04-07,111,18,1,49.97677230834961,78.15664672851562,61.540000915527344,49.976773977307424,307.7000045776367,307.70000084809726,20.59829330444336,2.5135345458984375,13.915861129760742,18.912670135498047,22.216190338134766,0.0,0.0
3,2024-04-07,112,18,1,-103.87322998046875,-43.39047622680664,30.770000457763672,49.976773977307424,307.7000045776367,307.70000084809726,-6.542606353759766,-0.6468372344970703,-0.9721469879150391,-17.379730224609375,-8.291510581970215,-9.557693481445312,0.0
3,2024-04-07,113,18,1,-103.87322998046875,-74.72142028808594,30.770000457763672,49.976773977307424,307.7000045776367,307.70000084809726,-7.880878448486328,-0.7160167694091797,-2.9668521881103516,-44.3896598815918,-9.008874893188477,-9.759237289428711,0.0
3,2024-04-07,114,18,1,-103.87322998046875,-95.37333679199219,30.770000457763672,49.976773977307424,307.7000045776367,307.70000084809726,-8.740633010864258,-0.6716938018798828,-4.323406219482422,-62.75069808959961,-9.314775466918945,-9.572113037109375,0.0
3,2024-04-07,115,19,1,56.064998626708984,65.12700653076172,68.58833312988281,56.0650005340576,354.4000053405762,331.48333867390954,28.494831085205078,2.879688262939453,12.770756721496582,1.6226844787597656,13.126141548156738,6.232874393463135,0.0
3,2024-04-07,116,19,1,56.064998626708984,63.375694274902344,68.58833312988281,56.0650005340576,354.4000053405762,331.48333867390954,27.157817840576172,2.8832759857177734,13.302515029907227,1.6093406677246094,13.279956817626953,5.142755508422852,0.0
3,2024-04-07,117,19,1,56.064998626708984,58.780853271484375,68.58833312988281,56.0650005340576,354.4000053405762,331.48333867390954,26.27877426147461,2.889078140258789,15.817228317260742,1.20001220703125,8.61251163482666,3.98317551612854,0.0
3,2024-04-07,118,19,1,56.064998626708984,55.28657913208008,68.58833312988281,56.0650005340576,354.4000053405762,331.48333867390954,25.732547760009766,2.896820068359375,15.146753311157227,-0.3123283386230469,8.737961769104004,3.0847959518432617,0.0
3,2024-04-07,119,19,1,56.064998626708984,50.3398551940918,68.58833312988281,56.0650005340576,354.4000053405762,331.48333867390954,23.429489135742188,2.901437759399414,14.783449172973633,-1.9496116638183594,8.792344093322754,2.382687568664551,0.0
3,2024-04-07,120,19,1,56.064998626708984,43.40988540649414,68.58833312988281,56.0650005340576,354.4000053405762,331.48333867390954,22.983882904052734,2.9077720642089844,14.869829177856445,-7.985683441162109,8.791767120361328,1.8423247337341309,0.0
3,2024-04-07,121,20,1,45.880001068115234,32.19603729248047,91.76000213623047,45.88000068664555,458.8000068664551,458.8000068664551,18.524394989013672,4.211780548095703,13.627927780151367,4.2622222900390625,-8.930663108825684,0.5003173351287842,0.0
3,2024-04-07,122,20,1,45.880001068115234,27.531475067138672,91.76000213623047,45.88000068664555,458.8000068664551,458.8000068664551,17.919391632080078,4.207523345947266,13.570232391357422,0.4841575622558594,-9.111495971679688,0.46167299151420593,0.0
3,2024-04-07,123,20,1,45.880001068115234,30.49071502685547,91.76000213623047,45.88000068664555,458.8000068664551,458.8000068664551,17.375614166259766,4.215127944946289,13.901470184326172,3.9948201179504395,-9.423542022705078,0.4271484911441803,0.0
3,2024-04-07,124,20,1,45.880001068115234,41.816986083984375,91.76000213623047,45.88000068664555,458.8000068664551,458.8000068664551,16.836048126220703,4.201498031616211,14.245659828186035,15.93560791015625,-9.794480323791504,0.3926239013671875,0.0
3,2024-04-07,125,20,1,45.880001068115234,40.40087127685547,91.76000213623047,45.88000068664555,458.8000068664551,458.8000068664551,16.258968353271484,4.163835525512695,15.193513870239258,14.592693328857422,-10.166998863220215,0.3589233160018921,0.0
3,2024-04-07,126,20,1,45.880001068115234,25.25543785095215,91.76000213623047,45.88000068664555,458.8000068664551,458.8000068664551,16.01724624633789,6.676474571228027,-0.7970307469367981,13.721405029296875,-10.694448471069336,0.3317321538925171,0.0
3,2024-04-07,127,21,1,64.52000427246094,68.23347473144531,90.63999938964844,64.52000160217287,453.200008392334,453.200008392334,25.680133819580078,9.330853462219238,-11.386999130249023,50.37017059326172,-3.1520190238952637,-2.608621120452881,0.0
3,2024-04-07,128,21,1,64.52000427246094,59.597896575927734,90.63999938964844,64.52000160217287,453.200008392334,453.200008392334,25.356353759765625,9.157215118408203,-13.26236629486084,50.652793884277344,-9.523531913757324,-2.782562255859375,0.0
3,2024-04-07,129,21,1,64.52000427246094,58.34126281738281,90.63999938964844,64.52000160217287,453.200008392334,453.200008392334,25.152254104614258,9.111154556274414,-15.494513511657715,51.46435546875,-9.124723434448242,-2.7672362327575684,0.0
3,2024-04-07,130,21,1,64.52000427246094,52.0550651550293,90.63999938964844,64.52000160217287,453.200008392334,453.200008392334,24.92388916015625,9.108270645141602,-19.09874153137207,49.24190139770508,-9.343162536621094,-2.777041435241699,0.0
3,2024-04-07,131,21,1,64.52000427246094,68.46878814697266,90.63999938964844,64.52000160217287,453.200008392334,453.200008392334,26.99532127380371,9.142000198364258,-2.493682861328125,47.24211883544922,-9.639999389648438,-2.7769594192504883,0.0
3,2024-04-07,132,21,1,64.52000427246094,69.44888305664062,90.63999938964844,64.52000160217287,453.200008392334,453.200008392334,26.812562942504883,9.089621543884277,0.3543510437011719,45.99313735961914,-9.884422302246094,-2.9163756370544434,0.0
3,2024-04-07,133,22,1,53.0816764831543,29.416370391845703,105.45999908447266,53.081676239418,523.9000015258789,530.700008392334,19.637928009033203,10.337228775024414,2.4416332244873047,1.2864151000976562,-2.9459609985351562,-1.3409361839294434,0.0
3,2024-04-07,134,22,1,53.0816764831543,32.502193450927734,105.45999908447266,53.081676239418,523.9000015258789,530.700008392334,18.853609085083008,12.972753524780273,3.1502685546875,2.0156402587890625,-3.3700332641601562,-1.1200286149978638,0.0
3,2024-04-07,135,22,1,53.0816764831543,66.24484252929688,105.45999908447266,53.081676239418,523.9000015258789,530.700008392334,18.968223571777344,13.354623794555664,17.543594360351562,12.59915828704834,4.940044403076172,-1.1608153581619263,0.0
3,2024-04-07,136,22,1,53.0816764831543,72.12635803222656,105.45999908447266,53.081676239418,523.9000015258789,530.700008392334,18.85208511352539,13.440591812133789,18.956384658813477,13.497698783874512,8.846349716186523,-1.4667572975158691,0.0
3,2024-04-07,137,22,1,53.0816764831543,91.66905975341797,105.45999908447266,53.081676239418,523.9000015258789,530.700008392334,18.869882583618164,16.392974853515625,25.795705795288086,13.890398979187012,18.256431579589844,-1.5363006591796875,0.0
3,2024-04-07,138,22,1,53.0816764831543,108.30766296386719,105.45999908447266,53.081676239418,523.9000015258789,530.700008392334,18.684818267822266,16.378446578979492,43.069725036621094,14.118151664733887,17.77783966064453,-1.7213655710220337,0.0
3,2024-04-07,139,23,1,348.6199951171875,389.1014404296875,50.31999969482422,97.02000160217284,503.200008392334,503.200008392334,71.87284851074219,39.69327163696289,63.398521423339844,133.36093139648438,70.24749755859375,10.528335571289062,0.0
3,2024-04-07,140,23,1,247.98001098632812,316.2532958984375,50.31999969482422,97.02000160217284,503.200008392334,503.200008392334,54.21444320678711,36.890830993652344,52.65459442138672,112.73338317871094,55.23469161987305,4.5252685546875,0.0
3,2024-04-07,141,23,1,117.14800262451172,189.97329711914062,50.31999969482422,97.02000160217284,503.200008392334,503.200008392334,27.899898529052734,13.007786750793457,37.932579040527344,76.24479675292969,34.06114959716797,0.8271058201789856,0.0
3,2024-04-07,142,23,1,117.14800262451172,194.14218139648438,50.31999969482422,97.02000160217284,503.200008392334,503.200008392334,28.204723358154297,12.744333267211914,43.5341796875,76.06608581542969,32.82066345214844,0.7721466422080994,0.0
3,2024-04-07,143,23,1,107.08399963378906,161.97879028320312,50.31999969482422,97.02000160217284,503.200008392334,503.200008392334,26.04165267944336,10.323221206665039,22.365009307861328,72.80342102050781,29.897674560546875,0.5477783679962158,0.0
3,2024-04-07,144,23,1,107.08399963378906,159.96376037597656,50.31999969482422,97.02000160217284,503.200008392334,503.200008392334,26.482162475585938,9.969928741455078,21.668502807617188,72.33430480957031,28.944438934326172,0.5643401741981506,0.0
3,2024-04-07,145,24,1,63.84000015258789,106.52486419677734,126.81999969482422,63.840000915527256,629.8000091552734,638.4000091552734,8.602458953857422,39.78464889526367,23.10477066040039,24.919464111328125,12.875091552734375,-2.7616331577301025,0.0
3,2024-04-07,146,24,1,76.60800170898438,116.890869140625,63.84000015258789,63.840000915527256,629.8000091552734,638.4000091552734,10.846471786499023,41.592037200927734,23.421791076660156,28.536331176757812,13.769573211669922,-1.2753891944885254,0.0
3,2024-04-07,147,24,1,76.60800170898438,111.31742858886719,63.84000015258789,63.840000915527256,629.8000091552734,638.4000091552734,10.907730102539062,39.62464141845703,21.501693725585938,28.174057006835938,12.348731994628906,-1.2394225597381592,0.0
3,2024-04-07,148,24,1,63.84000015258789,92.47148132324219,126.81999969482422,63.840000915527256,629.8000091552734,638.4000091552734,8.319259643554688,35.935760498046875,18.22336196899414,23.78309440612793,8.737354278564453,-2.5273361206054688,0.0
3,2024-04-07,149,24,1,76.60800170898438,104.69161987304688,63.84000015258789,63.840000915527256,629.8000091552734,638.4000091552734,10.873809814453125,37.59337615966797,18.915374755859375,27.029361724853516,11.389627456665039,-1.1099762916564941,0.0
3,2024-04-07,150,24,1,63.84000015258789,94.10826110839844,126.81999969482422,63.840000915527256,629.8000091552734,638.4000091552734,8.043182373046875,34.59295654296875,15.191349029541016,22.63227653503418,16.08786964416504,-2.4393768310546875,0.0
3,2024-04-07,151,25,1,111.80799865722656,117.2745361328125,61.09000015258789,99.59000091552731,610.9000091552734,610.9000091552734,10.558492660522461,6.260610580444336,21.021608352661133,47.672935485839844,28.244922637939453,3.515899658203125,0.0
3,2024-04-07,152,25,1,111.80799865722656,114.58856201171875,61.09000015258789,99.59000091552731,610.9000091552734,610.9000091552734,10.103759765625,5.338665008544922,20.285804748535156,47.38461685180664,28.191816329956055,3.283785820007324,0.0
3,2024-04-07,153,25,1,99.59000396728516,97.03983306884766,122.18000030517578,99.59000091552731,610.9000091552734,610.9000091552734,6.8510284423828125,-0.015003204345703125,18.75933074951172,44.78388977050781,24.029151916503906,2.6313629150390625,0.0
3,2024-04-07,154,25,1,111.80799865722656,109.89049530029297,61.09000015258789,99.59000091552731,610.9000091552734,610.9000091552734,8.0548095703125,1.9195622205734253,23.149585723876953,48.09438705444336,25.878110885620117,2.794015407562256,0.0
3,2024-04-07,155,25,1,111.80799865722656,113.54864501953125,61.09000015258789,99.59000091552731,610.9000091552734,610.9000091552734,3.189852714538574,0.14139403402805328,34.50353240966797,48.28619384765625,24.756013870239258,2.671613931655884,0.0
3,2024-04-07,156,25,1,111.80799865722656,98.1947021484375,61.09000015258789,99.59000091552731,610.9000091552734,610.9000091552734,2.9566588401794434,16.517871856689453,2.712985038757324,48.454490661621094,24.859697341918945,2.692996025085449,0.0
3,2024-04-07,157,26,1,69.9400405883789,66.295654296875,139.87998962402344,69.94004374657202,699.4000091552734,699.3999615652239,-14.877365112304688,23.01335334777832,8.832144737243652,49.01675796508789,3.8791627883911133,-3.5684280395507812,0.0
3,2024-04-07,158,26,1,83.92803955078125,77.37722778320312,69.93999481201172,69.94004374657202,699.4000091552734,699.3999615652239,-13.723823547363281,25.10399627685547,11.545703887939453,51.17993927001953,6.291306495666504,-3.0199906826019287,0.0
3,2024-04-07,159,26,1,69.9400405883789,57.87091827392578,139.87998962402344,69.94004374657202,699.4000091552734,699.3999615652239,-19.44964599609375,20.574508666992188,9.272787094116211,46.88003921508789,4.33758544921875,-3.744387626647949,0.0
3,2024-04-07,160,26,1,83.92803955078125,68.89493560791016,69.93999481201172,69.94004374657202,699.4000091552734,699.3999615652239,-18.184661865234375,23.58885383605957,11.047079086303711,48.49483871459961,7.04936408996582,-3.100534200668335,0.0
3,2024-04-07,161,26,1,83.92803955078125,64.73853302001953,69.93999481201172,69.94004374657202,699.4000091552734,699.3999615652239,-20.304840087890625,22.745159149169922,10.745298385620117,47.46406555175781,7.217660903930664,-3.1288375854492188,0.0
3,2024-04-07,162,26,1,83.92803955078125,60.52505874633789,69.93999481201172,69.94004374657202,699.4000091552734,699.3999615652239,-22.653076171875,21.952468872070312,10.495170593261719,46.377933502197266,7.505681037902832,-3.153104066848755,0.0
3,2024-04-07,163,27,1,71.59000396728516,53.309139251708984,143.1800079345703,71.59000091552724,715.9000091552734,715.9000091552734,2.09783935546875,4.408853530883789,-10.106550216674805,52.358497619628906,10.674192428588867,-6.123697757720947,0.0
3,2024-04-07,164,27,1,85.90800476074219,93.026611328125,71.59000396728516,71.59000091552724,715.9000091552734,715.9000091552734,16.321746826171875,17.083759307861328,-3.2483367919921875,54.97162628173828,13.216621398925781,-5.318756103515625,0.0
3,2024-04-07,165,27,1,71.59000396728516,120.54129028320312,143.1800079345703,71.59000091552724,715.9000091552734,715.9000091552734,47.70323181152344,22.763486862182617,-9.358108520507812,51.84541702270508,10.759002685546875,-3.1716434955596924,0.0
3,2024-04-07,166,27,1,85.90800476074219,133.95045471191406,71.59000396728516,71.59000091552724,715.9000091552734,715.9000091552734,53.50823211669922,25.18047523498535,-6.9683074951171875,54.64015197753906,12.901254653930664,-5.311298847198486,0.0
3,2024-04-07,167,27,1,85.90800476074219,97.03945922851562,71.59000396728516,71.59000091552724,715.9000091552734,715.9000091552734,16.676918029785156,25.931640625,-6.76629638671875,54.744537353515625,11.787378311157227,-5.334658622741699,0.0
3,2024-04-07,168,27,1,71.59000396728516,65.51713562011719,143.1800079345703,71.59000091552724,715.9000091552734,715.9000091552734,12.346216201782227,11.447351455688477,-10.94476318359375,50.192291259765625,8.19192886352539,-5.715870380401611,0.0
3,2024-04-07,169,28,1,95.4717788696289,69.40497589111328,70.50321197509766,81.37113339591518,715.9000091552734,705.0320841770645,-20.09247589111328,9.189128875732422,-17.384719848632812,74.06623840332031,28.07750129699707,-4.450657367706299,0.0
3,2024-04-07,170,28,1,95.4717788696289,72.63090515136719,70.50321197509766,81.37113339591518,715.9000091552734,705.0320841770645,-22.774402618408203,9.408830642700195,-10.80838394165039,73.45445251464844,27.714357376098633,-4.363975524902344,0.0
3,2024-04-07,171,28,1,81.37113189697266,74.37456512451172,142.0932159423828,81.37113339591518,715.9000091552734,705.0320841770645,-28.659862518310547,5.025104522705078,6.037519454956055,71.32064056396484,25.358339309692383,-4.707119464874268,0.0
3,2024-04-07,172,28,1,95.4717788696289,94.39542388916016,70.50321197509766,81.37113339591518,715.9000091552734,705.0320841770645,-17.856510162353516,8.479103088378906,7.728818893432617,73.0157241821289,27.377695083618164,-4.349431991577148,0.0
3,2024-04-07,173,28,1,95.4717788696289,126.93655395507812,70.50321197509766,81.37113339591518,715.9000091552734,705.0320841770645,24.886184692382812,4.307464599609375,7.281583786010742,73.3192367553711,21.4577579498291,-4.315690994262695,0.0
3,2024-04-07,174,28,1,81.37113189697266,88.71089172363281,142.0932159423828,81.37113339591518,715.9000091552734,705.0320841770645,18.440378189086914,-1.8326568603515625,-13.178878784179688,70.86746215820312,19.204301834106445,-4.789764404296875,0.0
3,2024-04-07,175,29,1,87.88809204101562,114.28961181640625,73.239990234375,73.24009747053746,732.4000091552734,732.3999018719289,26.71063232421875,18.10596466064453,-5.2945404052734375,75.75497436523438,3.169710159301758,-4.157075881958008,0.0
3,2024-04-07,176,29,1,87.88809204101562,112.22579193115234,73.239990234375,73.24009747053746,732.4000091552734,732.3999018719289,26.598554611206055,17.141441345214844,-5.47906494140625,75.94680786132812,2.147329330444336,-4.129266738891602,0.0
3,2024-04-07,177,29,1,102.53609466552734,123.32220458984375,73.239990234375,73.24009747053746,732.4000091552734,732.3999018719289,28.65088653564453,19.74051284790039,-3.4438934326171875,79.0276870727539,3.042509078979492,-3.695443868637085,0.0
3,2024-04-07,178,29,1,73.24009704589844,112.00462341308594,146.47999572753906,73.24009747053746,732.4000091552734,732.3999018719289,25.853641510009766,10.236740112304688,9.065853118896484,74.9473876953125,-3.778857707977295,-4.320098876953125,0.0
3,2024-04-07,179,29,1,87.88809204101562,145.9580078125,73.239990234375,73.24009747053746,732.4000091552734,732.3999018719289,42.08479309082031,13.181602478027344,20.541109085083008,78.06694793701172,-3.9807865619659424,-3.935755729675293,0.0
3,2024-04-07,180,29,1,73.24009704589844,100.89620971679688,146.47999572753906,73.24009747053746,732.4000091552734,732.3999018719289,11.793465614318848,7.2186126708984375,18.294164657592773,75.96136474609375,-8.09637451171875,-4.274986267089844,0.0
3,2024-04-07,181,30,1,128.60400390625,160.60157775878906,75.16999816894531,113.57000236511233,742.5266787211101,751.700008392334,22.837553024291992,24.426727294921875,18.647266387939453,82.62862396240234,16.649642944335938,-4.588220596313477,0.0
3,2024-04-07,182,30,1,128.60400390625,169.4404754638672,75.16999816894531,113.57000236511233,742.5266787211101,751.700008392334,24.275775909423828,31.788230895996094,18.567623138427734,84.72180938720703,17.75835609436035,-7.671409606933594,0.0
3,2024-04-07,183,30,1,113.56999969482422,159.4496612548828,149.42266845703125,113.57000236511233,742.5266787211101,751.700008392334,21.967134475708008,32.607582092285156,14.951957702636719,84.66940307617188,14.022581100463867,-8.76906681060791,0.0
3,2024-04-07,184,30,1,128.60400390625,158.39068603515625,75.16999816894531,113.57000236511233,742.5266787211101,751.700008392334,23.873674392700195,39.189239501953125,16.96539306640625,71.12010192871094,15.137456893920898,-7.89516019821167,0.0
3,2024-04-07,185,30,1,113.56999969482422,133.37371826171875,149.42266845703125,113.57000236511233,742.5266787211101,751.700008392334,20.8701171875,34.76567840576172,12.248908996582031,66.17373657226562,8.146780967712402,-8.831441879272461,0.0
3,2024-04-07,186,30,1,128.60400390625,147.33079528808594,75.16999816894531,113.57000236511233,742.5266787211101,751.700008392334,22.40127944946289,44.06584167480469,12.883463859558105,68.7470932006836,7.095279693603516,-7.8620781898498535,0.0
3,2024-04-07,187,31,1,160.63856506347656,200.5751953125,70.66607666015625,146.50534281302987,762.3266779581706,706.6607386848495,36.933799743652344,54.3281135559082,37.697227478027344,70.88971710205078,12.019207000732422,-11.29286003112793,0.0
3,2024-04-07,188,31,1,146.50534057617188,206.70327758789062,146.89874267578125,146.50534281302987,762.3266779581706,706.6607386848495,34.227882385253906,50.41021728515625,33.28175354003906,70.18338012695312,28.375978469848633,-9.775882720947266,0.0
3,2024-04-07,189,31,1,160.63856506347656,214.33265686035156,70.66607666015625,146.50534281302987,762.3266779581706,706.6607386848495,35.89669418334961,51.65222930908203,31.084007263183594,72.71136474609375,20.53278350830078,2.4556174278259277,0.0
3,2024-04-07,190,31,1,160.63856506347656,221.13230895996094,70.66607666015625,146.50534281302987,762.3266779581706,706.6607386848495,35.49019241333008,52.75068664550781,30.470626831054688,69.67406463623047,20.43592071533203,12.310811996459961,0.0
3,2024-04-07,191,31,1,146.50534057617188,214.74737548828125,146.89874267578125,146.50534281302987,762.3266779581706,706.6607386848495,33.05475616455078,46.557472229003906,37.98651123046875,66.62080383300781,18.583538055419922,11.944225311279297,0.0
3,2024-04-07,192,31,1,160.63856506347656,230.68206787109375,70.66607666015625,146.50534281302987,762.3266779581706,706.6607386848495,35.62977600097656,52.8244514465332,39.89189147949219,68.53302001953125,21.324382781982422,12.478572845458984,0.0
3,2024-04-07,193,32,1,94.75,172.49420166015625,83.75,94.75000076293951,0.0,837.5000076293945,39.5281982421875,36.451263427734375,4.360198974609375,62.25096130371094,15.859918594360352,14.043590545654297,0.0
3,2024-04-07,194,32,1,94.75,111.92489624023438,83.75,94.75000076293951,0.0,837.5000076293945,21.49717140197754,19.52435302734375,2.4479827880859375,62.292144775390625,9.309391021728516,-3.1460790634155273,0.0
3,2024-04-07,195,32,1,94.75,109.44804382324219,83.75,94.75000076293951,0.0,837.5000076293945,21.868886947631836,20.86095428466797,0.8196029663085938,61.1374626159668,7.726261138916016,-2.9650726318359375,0.0
3,2024-04-07,196,32,1,94.75,116.92931365966797,83.75,94.75000076293951,0.0,837.5000076293945,22.155771255493164,20.938156127929688,-1.8798980712890625,72.18342590332031,6.508975982666016,-2.977102518081665,0.0
3,2024-04-07,197,32,1,94.75,108.59796142578125,83.75,94.75000076293951,0.0,837.5000076293945,22.401891708374023,16.275644302368164,-4.1044206619262695,72.18452453613281,4.862159729003906,-3.0218446254730225,0.0
3,2024-04-07,198,32,1,94.75,108.00370788574219,83.75,94.75000076293951,0.0,837.5000076293945,22.603435516357422,15.598783493041992,-1.7811660766601562,72.22994232177734,2.3667526245117188,-3.0140371322631836,0.0
3,2024-04-07,199,33,1,139.57000732421875,148.09994506835938,168.55966186523438,139.57000083923333,839.8966757456461,845.700008392334,5.563623905181885,26.99582862854004,24.96894073486328,82.21298217773438,12.10165786743164,-3.743048667907715,0.0
3,2024-04-07,200,33,1,139.57000732421875,143.50225830078125,168.55966186523438,139.57000083923333,839.8966757456461,845.700008392334,5.491386413574219,25.704402923583984,22.732545852661133,82.89252471923828,10.390274047851562,-3.7088334560394287,0.0
3,2024-04-07,201,33,1,139.57000732421875,137.29342651367188,168.55966186523438,139.57000083923333,839.8966757456461,845.700008392334,5.223559856414795,24.208751678466797,18.906389236450195,83.56895446777344,9.061363220214844,-3.675565481185913,0.0
3,2024-04-07,202,33,1,139.57000732421875,143.97442626953125,168.55966186523438,139.57000083923333,839.8966757456461,845.700008392334,4.701242446899414,22.653499603271484,15.493562698364258,80.16169738769531,24.597427368164062,-3.6329662799835205,0.0
3,2024-04-07,203,33,1,139.57000732421875,140.72927856445312,168.55966186523438,139.57000083923333,839.8966757456461,845.700008392334,3.675981044769287,20.590953826904297,13.543907165527344,79.60404968261719,26.978965759277344,-3.6645240783691406,0.0
3,2024-04-07,204,33,1,139.57000732421875,135.41233825683594,168.55966186523438,139.57000083923333,839.8966757456461,845.700008392334,2.1395673751831055,17.016998291015625,14.155892372131348,79.09113311767578,26.688949584960938,-3.6802003383636475,0.0
3,2024-04-07,205,34,1,683.9000244140625,702.9984130859375,115.88999938964844,683.9000091552734,908.9000091552734,250.0,122.82778930664062,200.3072509765625,125.92607116699219,100.93621826171875,125.88298034667969,15.975342750549316,11.142772674560547
3,2024-04-07,206,34,1,683.9000244140625,704.2435302734375,115.88999938964844,683.9000091552734,908.9000091552734,250.0,123.56594848632812,200.4240264892578,123.91592407226562,101.97489929199219,127.34779357910156,15.908683776855469,11.106147766113281
3,2024-04-07,207,34,1,683.9000244140625,711.5543823242188,115.88999938964844,683.9000091552734,908.9000091552734,250.0,131.47909545898438,200.60496520996094,122.221923828125,101.57313537597656,128.75701904296875,15.804287910461426,11.11376953125
3,2024-04-07,208,34,1,683.9000244140625,730.5320434570312,115.88999938964844,683.9000091552734,908.9000091552734,250.0,132.92623901367188,200.79551696777344,120.09017181396484,119.66300964355469,130.21713256835938,15.701949119567871,11.13791275024414
3,2024-04-07,209,34,1,683.9000244140625,732.3780517578125,115.88999938964844,683.9000091552734,908.9000091552734,250.0,135.63987731933594,200.93386840820312,117.96390533447266,119.67947387695312,131.47593688964844,15.527183532714844,11.157769203186035
3,2024-04-07,210,34,1,683.9000244140625,736.4500122070312,115.88999938964844,683.9000091552734,908.9000091552734,250.0,139.3240966796875,201.19363403320312,117.11723327636719,119.90245056152344,132.3083038330078,15.40865421295166,11.195466041564941
3,2024-04-07,211,35,1,90.60980224609375,91.55413055419922,168.04000854492188,90.60980482670658,840.200008392334,840.200008392334,9.500627517700195,-2.9349746704101562,18.663230895996094,52.78071212768555,33.804107666015625,-17.279571533203125,-2.9801101684570312
3,2024-04-07,212,35,1,90.60980224609375,116.87548065185547,168.04000854492188,90.60980482670658,840.200008392334,840.200008392334,14.58579158782959,13.397388458251953,22.31848907470703,52.64223861694336,33.44843292236328,-16.540382385253906,-2.976567268371582
3,2024-04-07,213,35,1,90.60980224609375,107.25826263427734,168.04000854492188,90.60980482670658,840.200008392334,840.200008392334,19.133726119995117,22.837535858154297,2.625539779663086,48.51646041870117,34.01380920410156,-16.457862854003906,-3.410966634750366
3,2024-04-07,214,35,1,90.60980224609375,109.65650939941406,168.04000854492188,90.60980482670658,840.200008392334,840.200008392334,15.489445686340332,23.76961898803711,7.574089050292969,48.397300720214844,34.17139434814453,-16.075599670410156,-3.66973614692688
3,2024-04-07,215,35,1,90.60980224609375,100.2471694946289,168.04000854492188,90.60980482670658,840.200008392334,840.200008392334,13.218658447265625,24.215892791748047,10.334329605102539,44.576683044433594,34.52884292602539,-22.611099243164062,-4.016176223754883
3,2024-04-07,216,35,1,90.60980224609375,101.14743041992188,168.04000854492188,90.60980482670658,840.200008392334,840.200008392334,12.463371276855469,24.946609497070312,8.826175689697266,46.48667907714844,35.30915451049805,-22.57537841796875,-4.309181213378906
3,2024-04-07,217,36,1,85.12000274658203,103.94497680664062,169.3800048828125,85.12000083923337,842.600008392334,851.200008392334,20.10619354248047,16.807640075683594,23.313724517822266,39.9979362487793,35.16714096069336,-24.226398468017578,-7.221271991729736
3,2024-04-07,218,36,1,85.12000274658203,105.95207214355469,169.3800048828125,85.12000083923337,842.600008392334,851.200008392334,20.88720703125,18.280860900878906,22.62366485595703,39.0977783203125,36.058868408203125,-24.605342864990234,-6.390994548797607
3,2024-04-07,219,36,1,85.12000274658203,126.94243621826172,169.3800048828125,85.12000083923337,842.600008392334,851.200008392334,25.05988311767578,19.493762969970703,20.050251007080078,38.95426940917969,38.352394104003906,-24.48933219909668,9.521149635314941
3,2024-04-07,220,36,1,85.12000274658203,135.72869873046875,169.3800048828125,85.12000083923337,842.600008392334,851.200008392334,25.61565399169922,20.24007797241211,18.924076080322266,38.48558807373047,38.07575988769531,-24.812490463256836,19.200008392333984
3,2024-04-07,221,36,1,85.12000274658203,95.38960266113281,169.3800048828125,85.12000083923337,842.600008392334,851.200008392334,26.320289611816406,1.2265137434005737,16.312515258789062,37.60382080078125,39.25080871582031,-25.32445526123047,0.0
3,2024-04-07,222,36,1,85.12000274658203,78.65008544921875,169.3800048828125,85.12000083923337,842.600008392334,851.200008392334,27.27989959716797,1.5534120798110962,-2.6262638568878174,37.92279052734375,39.580810546875,-25.060569763183594,0.0
3,2024-04-07,223,37,1,164.12258911132812,166.97134399414062,144.3633270263672,164.12258185107456,721.6333368937175,722.0000076293945,32.15888214111328,56.46281433105469,6.095507621765137,45.75215148925781,49.002525329589844,-22.500572204589844,0.0
3,2024-04-07,224,37,1,164.12258911132812,203.33462524414062,144.3633270263672,164.12258185107456,721.6333368937175,722.0000076293945,32.46764373779297,57.65409851074219,42.914024353027344,45.216087341308594,47.24021530151367,-22.157482147216797,0.0
3,2024-04-07,225,37,1,164.12258911132812,202.49838256835938,144.3633270263672,164.12258185107456,721.6333368937175,722.0000076293945,29.47496795654297,53.896793365478516,42.41129684448242,44.35102844238281,49.82506561279297,-14.985424041748047,-2.4753847122192383
3,2024-04-07,226,37,1,164.12258911132812,201.256103515625,144.3633270263672,164.12258185107456,721.6333368937175,722.0000076293945,26.741474151611328,45.823551177978516,41.468318939208984,45.04188537597656,51.144798278808594,0.767181396484375,-9.73114013671875
3,2024-04-07,227,37,1,164.12258911132812,192.54086303710938,144.3633270263672,164.12258185107456,721.6333368937175,722.0000076293945,26.29294204711914,48.55449295043945,40.443538665771484,47.09099578857422,51.67245864868164,-18.4438419342041,-3.0697174072265625
3,2024-04-07,228,37,1,164.12258911132812,182.1455535888672,144.3633270263672,164.12258185107456,721.6333368937175,722.0000076293945,29.81304168701172,41.06781768798828,39.359222412109375,42.12702941894531,52.60883712768555,-19.530597686767578,-3.2998123168945312
3,2024-04-07,229,38,1,-153.41200256347656,-135.2771453857422,66.40333557128906,85.6400012969971,664.0333346048991,664.4000053405762,0.19504022598266602,-52.93993377685547,15.301582336425781,-6.882591247558594,-15.506924629211426,-33.533348083496094,-41.91106033325195
3,2024-04-07,230,38,1,-153.41200256347656,-124.16401672363281,66.40333557128906,85.6400012969971,664.0333346048991,664.4000053405762,2.0263118743896484,-53.01197052001953,14.707616806030273,-6.8108367919921875,-15.740315437316895,-23.71937370300293,-41.61541748046875
3,2024-04-07,231,38,1,-153.41200256347656,-126.3879623413086,66.40333557128906,85.6400012969971,664.0333346048991,664.4000053405762,2.0553159713745117,-55.48210144042969,14.892446517944336,-6.986549377441406,-15.025225639343262,-23.807514190673828,-42.03437042236328
3,2024-04-07,232,38,1,-153.41200256347656,-125.48579406738281,66.40333557128906,85.6400012969971,664.0333346048991,664.4000053405762,2.1268577575683594,-56.75083923339844,32.54413604736328,-7.490684509277344,-14.366166114807129,-39.19191360473633,-42.357200622558594
3,2024-04-07,233,38,1,-113.56999969482422,-69.2784423828125,66.40333557128906,85.6400012969971,664.0333346048991,664.4000053405762,3.954824447631836,-43.0469970703125,51.90388107299805,-2.5836000442504883,-4.5957841873168945,-37.97060012817383,-36.940185546875
3,2024-04-07,234,38,1,245.09600830078125,267.1349792480469,66.44000244140625,85.6400012969971,664.0333346048991,664.4000053405762,46.68636703491211,65.27146911621094,65.80925750732422,35.68573760986328,57.22589874267578,-12.188140869140625,8.644432067871094
3,2024-04-07,235,39,1,108.47000122070312,138.01953125,123.50333404541016,108.47000120347913,617.3333338419596,617.7000045776367,19.719036102294922,41.527854919433594,63.82416534423828,20.327110290527344,31.361373901367188,-26.36483383178711,-12.375143051147461
3,2024-04-07,236,39,1,108.47000122070312,138.03976440429688,123.50333404541016,108.47000120347913,617.3333338419596,617.7000045776367,19.421485900878906,41.99835205078125,64.56576538085938,21.583036422729492,30.50617027282715,-26.631637573242188,-13.403406143188477
3,2024-04-07,237,39,1,108.47000122070312,142.38983154296875,123.50333404541016,108.47000120347913,617.3333338419596,617.7000045776367,19.232467651367188,42.54351806640625,65.00660705566406,21.934547424316406,29.928672790527344,-26.662715911865234,-9.59326171875
3,2024-04-07,238,39,1,108.47000122070312,140.47854614257812,123.50333404541016,108.47000120347913,617.3333338419596,617.7000045776367,18.9189453125,42.70891571044922,65.36090087890625,22.156248092651367,30.139583587646484,-26.761688232421875,-12.044337272644043
3,2024-04-07,239,39,1,108.47000122070312,106.29606628417969,123.50333404541016,108.47000120347913,617.3333338419596,617.7000045776367,18.661699295043945,43.12299346923828,31.59778594970703,22.39669418334961,30.72990608215332,-27.32547950744629,-12.88754653930664
3,2024-04-07,240,39,1,108.47000122070312,106.89161682128906,123.50333404541016,108.47000120347913,617.3333338419596,617.7000045776367,18.523086547851562,44.27699661254883,32.062255859375,22.461462020874023,30.343469619750977,-27.50067138671875,-13.27496337890625
3,2024-04-07,241,40,1,123.42774200439453,116.8118896484375,131.8433380126953,123.42774354255766,659.0333346048991,659.4000053405762,17.672889709472656,53.70615005493164,46.75605773925781,24.461402893066406,18.86949920654297,-25.638185501098633,-19.015918731689453
3,2024-04-07,242,40,1,123.42774200439453,122.50938415527344,131.8433380126953,123.42774354255766,659.0333346048991,659.4000053405762,17.47484588623047,53.929832458496094,48.150604248046875,24.398540496826172,18.14550018310547,-25.45511245727539,-14.134821891784668
3,2024-04-07,243,40,1,123.42774200439453,122.2144775390625,131.8433380126953,123.42774354255766,659.0333346048991,659.4000053405762,16.907333374023438,53.912254333496094,48.78172302246094,24.443721771240234,17.422325134277344,-25.27486801147461,-13.977978706359863
3,2024-04-07,244,40,1,123.42774200439453,120.59942626953125,131.8433380126953,123.42774354255766,659.0333346048991,659.4000053405762,16.179166793823242,54.158203125,49.01812744140625,24.30718231201172,16.711441040039062,-25.344026565551758,-14.430669784545898
3,2024-04-07,245,40,1,123.42774200439453,117.71670532226562,131.8433380126953,123.42774354255766,659.0333346048991,659.4000053405762,15.489006042480469,54.492271423339844,48.59950256347656,23.43325424194336,16.035507202148438,-25.438274383544922,-14.894567489624023
3,2024-04-07,246,40,1,123.42774200439453,114.13874816894531,131.8433380126953,123.42774354255766,659.0333346048991,659.4000053405762,14.775629043579102,54.548179626464844,47.617401123046875,22.61693572998047,15.412513732910156,-25.450016021728516,-15.381866455078125
3,2024-04-07,247,41,1,98.61000061035156,100.2012939453125,119.85733795166016,98.6100006103515,597.4733370463053,601.1000061035156,10.532137870788574,54.197479248046875,48.379024505615234,17.929481506347656,17.538780212402344,-27.4375,-20.938133239746094
3,2024-04-07,248,41,1,98.61000061035156,96.18655395507812,119.85733795166016,98.6100006103515,597.4733370463053,601.1000061035156,9.739633560180664,54.71050262451172,47.0191764831543,17.191749572753906,16.821922302246094,-27.766128540039062,-21.53028106689453
3,2024-04-07,249,41,1,98.61000061035156,98.13066101074219,119.85733795166016,98.6100006103515,597.4733370463053,601.1000061035156,13.485126495361328,54.70974349975586,46.580230712890625,16.524810791015625,17.106468200683594,-28.396846771240234,-21.878864288330078
3,2024-04-07,250,41,1,98.61000061035156,92.47016143798828,119.85733795166016,98.6100006103515,597.4733370463053,601.1000061035156,11.54343032836914,59.649776458740234,45.182579040527344,15.958465576171875,11.419422149658203,-29.08664321899414,-22.196836471557617
3,2024-04-07,251,41,1,98.61000061035156,73.89552307128906,119.85733795166016,98.6100006103515,597.4733370463053,601.1000061035156,9.331573486328125,59.41692352294922,44.26952362060547,15.931411743164062,10.782312393188477,-43.38227844238281,-22.453916549682617
3,2024-04-07,252,41,1,98.61000061035156,68.17564392089844,119.85733795166016,98.6100006103515,597.4733370463053,601.1000061035156,6.797275543212891,60.61322021484375,43.3544807434082,15.346582412719727,9.531353950500488,-44.886749267578125,-22.580520629882812
3,2024-04-07,253,42,1,149.37474060058594,109.16443634033203,126.39399719238281,149.37474382543942,624.3400032043457,639.6000061035156,12.890010833740234,76.62211608886719,42.28559875488281,16.74034881591797,10.161006927490234,-33.14811706542969,-16.386497497558594
3,2024-04-07,254,42,1,149.37474060058594,108.84928894042969,126.39399719238281,149.37474382543942,624.3400032043457,639.6000061035156,15.069671630859375,69.26962280273438,42.97089767456055,16.319957733154297,9.516742706298828,-27.887821197509766,-16.409774780273438
3,2024-04-07,255,42,1,149.37474060058594,132.3268280029297,126.39399719238281,149.37474382543942,624.3400032043457,639.6000061035156,16.136924743652344,69.85335540771484,43.05934524536133,16.715286254882812,9.113351821899414,-13.144490242004395,-9.406951904296875
3,2024-04-07,256,42,1,149.37474060058594,186.35128784179688,126.39399719238281,149.37474382543942,624.3400032043457,639.6000061035156,21.477367401123047,70.64970397949219,44.5982666015625,16.503265380859375,8.40511703491211,13.030348777770996,11.68719482421875
3,2024-04-07,257,42,1,149.37474060058594,206.15338134765625,126.39399719238281,149.37474382543942,624.3400032043457,639.6000061035156,35.5280876159668,65.00399017333984,46.05585861206055,16.93655776977539,7.8652496337890625,12.043965339660645,22.719606399536133
3,2024-04-07,258,42,1,149.37474060058594,208.6436004638672,126.39399719238281,149.37474382543942,624.3400032043457,639.6000061035156,37.586875915527344,66.05033874511719,46.21202850341797,16.885011672973633,7.35155725479126,11.682778358459473,22.875017166137695
3,2024-04-07,259,43,1,80.95999908447266,158.5575408935547,105.81999969482422,80.96000061035157,523.600001525879,534.6000061035156,38.39993667602539,35.22582244873047,42.58761215209961,9.622718811035156,1.466729760169983,9.519493103027344,21.735185623168945
3,2024-04-07,260,43,1,80.95999908447266,165.1114044189453,105.81999969482422,80.96000061035157,523.600001525879,534.6000061035156,38.39997100830078,34.92414093017578,42.775936126708984,9.617789268493652,0.3917999267578125,17.2550106048584,21.746721267700195
3,2024-04-07,261,43,1,80.95999908447266,186.5236358642578,105.81999969482422,80.96000061035157,523.600001525879,534.6000061035156,38.40000915527344,35.29127502441406,44.01362609863281,9.678165435791016,-0.5573982000350952,37.894920349121094,21.80302619934082
3,2024-04-07,262,43,1,80.95999908447266,194.20993041992188,105.81999969482422,80.96000061035157,523.600001525879,534.6000061035156,38.399932861328125,35.00191879272461,43.940826416015625,9.612570762634277,-2.2571444511413574,47.69312286376953,21.818681716918945
3,2024-04-07,263,43,1,80.95999908447266,191.46209716796875,105.81999969482422,80.96000061035157,523.600001525879,534.6000061035156,38.40000534057617,35.26985168457031,43.60255432128906,9.578052520751953,-5.221403121948242,47.88538360595703,21.947633743286133
3,2024-04-07,264,43,1,80.95999908447266,183.33047485351562,105.81999969482422,80.96000061035157,523.600001525879,534.6000061035156,38.40001678466797,36.039058685302734,42.883636474609375,9.422151565551758,-7.584538459777832,42.1641845703125,22.005952835083008
3,2024-04-07,265,44,1,48.0559196472168,151.11614990234375,94.81999969482422,48.055920611572176,468.6000015258789,479.6000061035156,39.59403991699219,31.99482536315918,33.34093475341797,7.306835174560547,-23.388837814331055,40.92112731933594,21.347230911254883
3,2024-04-07,266,44,1,48.0559196472168,150.04971313476562,94.81999969482422,48.055920611572176,468.6000015258789,479.6000061035156,49.40001678466797,30.627822875976562,31.917892456054688,7.398090362548828,-32.303871154785156,41.709442138671875,21.300310134887695
3,2024-04-07,267,44,1,48.0559196472168,123.15013122558594,94.81999969482422,48.055920611572176,468.6000015258789,479.6000061035156,49.40001678466797,30.75754737854004,30.5665225982666,7.389651775360107,-30.54204559326172,42.47312927246094,-6.8946533203125
3,2024-04-07,268,44,1,48.0559196472168,155.3486785888672,94.81999969482422,48.055920611572176,468.6000015258789,479.6000061035156,49.39997863769531,30.11676597595215,29.001869201660156,7.459648132324219,2.582880973815918,43.6085205078125,-6.8209075927734375
3,2024-04-07,269,44,1,48.0559196472168,134.9881134033203,94.81999969482422,48.055920611572176,468.6000015258789,479.6000061035156,49.40001678466797,29.864416122436523,27.579029083251953,7.577160835266113,13.695472717285156,13.798336029052734,-6.9262847900390625
3,2024-04-07,270,44,1,48.0559196472168,142.26171875,94.81999969482422,48.055920611572176,468.6000015258789,479.6000061035156,49.40001678466797,31.80654525756836,26.31013298034668,7.584205627441406,19.471193313598633,14.566814422607422,-6.8772125244140625
3,2024-04-07,271,45,1,44.26271057128906,111.73236083984375,80.4566650390625,44.26271126280208,396.96667226155597,407.6000061035156,49.40001678466797,25.156085968017578,22.515953063964844,4.665894508361816,29.550926208496094,-12.901039123535156,-6.6553802490234375
3,2024-04-07,272,45,1,44.26271057128906,112.91654205322266,80.4566650390625,44.26271126280208,396.96667226155597,407.6000061035156,49.39997482299805,26.384132385253906,21.2801513671875,4.818686008453369,30.192426681518555,-12.594017028808594,-6.564788818359375
3,2024-04-07,273,45,1,44.26271057128906,113.21631622314453,80.4566650390625,44.26271126280208,396.96667226155597,407.6000061035156,49.40001678466797,26.67335319519043,20.63642692565918,5.0019378662109375,30.633941650390625,-12.558723449707031,-6.5706939697265625
3,2024-04-07,274,45,1,44.26271057128906,113.76068115234375,80.4566650390625,44.26271126280208,396.96667226155597,407.6000061035156,49.40001678466797,27.72792625427246,19.422088623046875,5.215017795562744,31.101680755615234,-12.529609680175781,-6.5763702392578125
3,2024-04-07,275,45,1,44.26271057128906,100.209716796875,80.4566650390625,44.26271126280208,396.96667226155597,407.6000061035156,49.4000244140625,28.435752868652344,19.12928009033203,5.392433166503906,16.925405502319336,-12.497200012207031,-6.5760040283203125
3,2024-04-07,276,45,1,44.26271057128906,78.62008666992188,80.4566650390625,44.26271126280208,396.96667226155597,407.6000061035156,49.4000244140625,29.30556297302246,17.723922729492188,5.606873512268066,2.5528931617736816,-12.322883605957031,-13.646291732788086
3,2024-04-07,277,46,1,60.560001373291016,88.14653015136719,77.12000274658203,60.56000061035157,385.6000061035156,385.6000061035156,49.4000244140625,39.63932800292969,13.900314331054688,5.503532409667969,-0.6516506671905518,-6.696681976318359,-12.948386192321777
3,2024-04-07,278,46,1,60.560001373291016,88.0723648071289,77.12000274658203,60.56000061035157,385.6000061035156,385.6000061035156,49.4000244140625,38.98952865600586,14.437019348144531,5.74238920211792,-1.043687343597412,-6.582183837890625,-12.870726585388184
3,2024-04-07,279,46,1,60.560001373291016,86.81452178955078,77.12000274658203,60.56000061035157,385.6000061035156,385.6000061035156,49.39999771118164,39.835296630859375,12.547531127929688,5.88372802734375,-1.458754301071167,-6.543251037597656,-12.850003242492676
3,2024-04-07,280,46,1,60.560001373291016,88.41262817382812,77.12000274658203,60.56000061035157,385.6000061035156,385.6000061035156,49.39999771118164,40.908790588378906,10.715625762939453,6.300824165344238,0.3924487233161926,-6.491718292236328,-12.81326675415039
3,2024-04-07,281,46,1,60.560001373291016,94.5132064819336,77.12000274658203,60.56000061035157,385.6000061035156,385.6000061035156,49.39999771118164,34.611515045166016,9.661628723144531,6.586097717285156,13.435224533081055,-6.4403228759765625,-12.7409086227417
3,2024-04-07,282,46,1,60.560001373291016,71.09395599365234,77.12000274658203,60.56000061035157,385.6000061035156,385.6000061035156,30.199989318847656,34.94182205200195,4.0710296630859375,7.099365234375,13.97512435913086,-6.461231231689453,-12.732064247131348
3,2024-04-07,283,47,1,117.5632095336914,106.43685150146484,74.94000244140625,117.56321078068686,374.7000045776367,374.7000045776367,30.19997787475586,40.31603240966797,7.12408447265625,12.765701293945312,18.747697830200195,6.477391719818115,-9.194091796875
3,2024-04-07,284,47,1,117.5632095336914,91.0015869140625,74.94000244140625,117.56321078068686,374.7000045776367,374.7000045776367,19.19998550415039,40.498779296875,0.19690248370170593,13.24775505065918,19.25042724609375,7.582307815551758,-8.974607467651367
3,2024-04-07,285,47,1,117.5632095336914,82.85063171386719,74.94000244140625,117.56321078068686,374.7000045776367,374.7000045776367,19.19998550415039,40.642127990722656,-9.045661926269531,12.805458068847656,19.56780433654785,8.433330535888672,-8.75244140625
3,2024-04-07,286,47,1,117.5632095336914,87.02217864990234,74.94000244140625,117.56321078068686,374.7000045776367,374.7000045776367,5.643125534057617,40.385231018066406,7.780508518218994,13.066397666931152,19.803953170776367,9.003808975219727,-8.660839080810547
3,2024-04-07,287,47,1,117.5632095336914,143.3568878173828,74.94000244140625,117.56321078068686,374.7000045776367,374.7000045776367,5.226040840148926,41.2767333984375,64.01683807373047,12.423820495605469,19.937660217285156,9.06740951538086,-8.591629028320312
3,2024-04-07,288,47,1,117.5632095336914,140.97027587890625,74.94000244140625,117.56321078068686,374.7000045776367,374.7000045776367,4.672006607055664,40.09356689453125,65.89998626708984,12.248931884765625,20.169540405273438,6.960286617279053,-9.074020385742188
