time_hours,tracking_enabled,baseline_kw,bid_lower_kw,bid_upper_kw,command_kw
0.0,0,0.0,0.0,0.0,0.0
0.08333333333333333,0,0.0,0.0,0.0,0.0
0.16666666666666666,0,0.0,0.0,0.0,0.0
0.25,0,0.0,0.0,0.0,0.0
0.3333333333333333,0,0.0,0.0,0.0,0.0
0.4166666666666667,0,0.0,0.0,0.0,0.0
0.5,0,0.0,0.0,0.0,0.0
0.5833333333333334,0,0.0,0.0,0.0,0.0
0.6666666666666666,0,0.0,0.0,0.0,0.0
0.75,0,0.0,0.0,0.0,0.0
0.8333333333333334,0,0.0,0.0,0.0,0.0
0.9166666666666666,0,0.0,0.0,0.0,0.0
1.0,0,0.0,0.0,0.0,0.0
1.0833333333333333,0,0.0,0.0,0.0,0.0
1.1666666666666667,0,0.0,0.0,0.0,0.0
1.25,0,0.0,0.0,0.0,0.0
1.3333333333333333,0,0.0,0.0,0.0,0.0
1.4166666666666667,0,0.0,0.0,0.0,0.0
1.5,0,0.0,0.0,0.0,0.0
1.5833333333333333,0,0.0,0.0,0.0,0.0
1.6666666666666667,0,0.0,0.0,0.0,0.0
1.75,0,0.0,0.0,0.0,0.0
1.8333333333333333,0,0.0,0.0,0.0,0.0
1.9166666666666667,0,0.0,0.0,0.0,0.0
2.0,0,0.0,0.0,0.0,0.0
2.0833333333333335,0,0.0,0.0,0.0,0.0
2.1666666666666665,0,0.0,0.0,0.0,0.0
2.25,0,0.0,0.0,0.0,0.0
2.3333333333333335,0,0.0,0.0,0.0,0.0
2.4166666666666665,0,0.0,0.0,0.0,0.0
2.5,0,0.0,0.0,0.0,0.0
2.5833333333333335,0,0.0,0.0,0.0,0.0
2.6666666666666665,0,0.0,0.0,0.0,0.0
2.75,0,0.0,0.0,0.0,0.0
2.8333333333333335,0,0.0,0.0,0.0,0.0
2.9166666666666665,0,0.0,0.0,0.0,0.0
3.0,0,0.0,0.0,0.0,0.0
3.0833333333333335,0,0.0,0.0,0.0,0.0
3.1666666666666665,0,0.0,0.0,0.0,0.0
3.25,0,0.0,0.0,0.0,0.0
3.3333333333333335,0,0.0,0.0,0.0,0.0
3.4166666666666665,0,0.0,0.0,0.0,0.0
3.5,0,0.0,0.0,0.0,0.0
3.5833333333333335,0,0.0,0.0,0.0,0.0
3.6666666666666665,0,0.0,0.0,0.0,0.0
3.75,0,0.0,0.0,0.0,0.0
3.8333333333333335,0,0.0,0.0,0.0,0.0
3.9166666666666665,0,0.0,0.0,0.0,0.0
4.0,0,0.0,0.0,0.0,0.0
4.083333333333333,0,0.0,0.0,0.0,0.0
4.166666666666667,0,0.0,0.0,0.0,0.0
4.25,0,0.0,0.0,0.0,0.0
4.333333333333333,0,0.0,0.0,0.0,0.0
4.416666666666667,0,0.0,0.0,0.0,0.0
4.5,0,0.0,0.0,0.0,0.0
4.583333333333333,0,0.0,0.0,0.0,0.0
4.666666666666667,0,0.0,0.0,0.0,0.0
4.75,0,0.0,0.0,0.0,0.0
4.833333333333333,0,0.0,0.0,0.0,0.0
4.916666666666667,0,0.0,0.0,0.0,0.0
5.0,0,0.0,0.0,0.0,0.0
5.083333333333333,0,0.0,0.0,0.0,0.0
5.166666666666667,0,0.0,0.0,0.0,0.0
5.25,0,0.0,0.0,0.0,0.0
5.333333333333333,0,0.0,0.0,0.0,0.0
5.416666666666667,0,0.0,0.0,0.0,0.0
5.5,0,0.0,0.0,0.0,0.0
5.583333333333333,0,0.0,0.0,0.0,0.0
5.666666666666667,0,0.0,0.0,0.0,0.0
5.75,0,0.0,0.0,0.0,0.0
5.833333333333333,0,0.0,0.0,0.0,0.0
5.916666666666667,0,0.0,0.0,0.0,0.0
6.0,0,0.0,0.0,0.0,0.0
6.083333333333333,0,0.0,0.0,0.0,0.0
6.166666666666667,0,0.0,0.0,0.0,0.0
6.25,0,0.0,0.0,0.0,0.0
6.333333333333333,0,0.0,0.0,0.0,0.0
6.416666666666667,0,0.0,0.0,0.0,0.0
6.5,0,0.0,0.0,0.0,0.0
6.583333333333333,0,0.0,0.0,0.0,0.0
6.666666666666667,0,0.0,0.0,0.0,0.0
6.75,0,0.0,0.0,0.0,0.0
6.833333333333333,0,0.0,0.0,0.0,0.0
6.916666666666667,0,0.0,0.0,0.0,0.0
7.0,0,0.0,0.0,0.0,0.0
7.083333333333333,0,0.0,0.0,0.0,0.0
7.166666666666667,0,0.0,0.0,0.0,0.0
7.25,0,0.0,0.0,0.0,0.0
7.333333333333333,0,0.0,0.0,0.0,0.0
7.416666666666667,0,0.0,0.0,0.0,0.0
7.5,1,42.93179585031811,-235.5182056755608,320.5631371852511,37.16944
7.583333333333333,1,42.93179585031811,-235.5182056755608,320.5631371852511,-17.600813
7.666666666666667,1,42.93179585031811,-235.5182056755608,320.5631371852511,42.931797
7.75,1,42.93179585031811,-235.5182056755608,320.5631371852511,42.931797
7.833333333333333,1,42.93179585031811,-235.5182056755608,320.5631371852511,42.931797
7.916666666666667,1,42.93179585031811,-235.5182056755608,320.5631371852511,42.931797
8.0,1,84.6801105478005,-165.3198894521995,346.4799911084813,84.68011
8.083333333333334,1,84.6801105478005,-165.3198894521995,346.4799911084813,84.68011
8.166666666666666,1,84.6801105478005,-165.3198894521995,346.4799911084813,84.68011
8.25,1,84.6801105478005,-165.3198894521995,346.4799911084813,84.68011
8.333333333333334,1,84.6801105478005,-165.3198894521995,346.4799911084813,84.68011
8.416666666666666,1,84.6801105478005,-165.3198894521995,346.4799911084813,84.68011
8.5,1,96.11000022888183,-153.88999977111817,440.5433358510335,96.11
8.583333333333334,1,96.11000022888183,-153.88999977111817,440.5433358510335,174.82439
8.666666666666666,1,96.11000022888183,-153.88999977111817,440.5433358510335,113.23024
8.75,1,96.11000022888183,-153.88999977111817,440.5433358510335,123.59738
8.833333333333334,1,96.11000022888183,-153.88999977111817,440.5433358510335,96.11
8.916666666666666,1,96.11000022888183,-153.88999977111817,440.5433358510335,96.11
9.0,1,56.34741962817253,-193.65258037182747,528.4474219169908,150.68983
9.083333333333334,1,56.34741962817253,-193.65258037182747,528.4474219169908,56.34742
9.166666666666666,1,56.34741962817253,-193.65258037182747,528.4474219169908,56.34742
9.25,1,56.34741962817253,-193.65258037182747,528.4474219169908,107.662636
9.333333333333334,1,56.34741962817253,-193.65258037182747,528.4474219169908,56.34742
9.416666666666666,1,56.34741962817253,-193.65258037182747,528.4474219169908,56.34742
9.5,1,56.560000228881826,-487.77333539326986,622.1600025177001,109.37327
9.583333333333334,1,56.560000228881826,-487.77333539326986,622.1600025177001,-2.6066668
9.666666666666666,1,56.560000228881826,-487.77333539326986,622.1600025177001,-2.6066668
9.75,1,56.560000228881826,-487.77333539326986,622.1600025177001,-2.6066668
9.833333333333334,1,56.560000228881826,-487.77333539326986,622.1600025177001,-2.6066668
9.916666666666666,1,56.560000228881826,-487.77333539326986,622.1600025177001,49.354057
10.0,1,68.53433422088638,-501.23233829498275,647.6343365097048,18.989407
10.083333333333334,1,68.53433422088638,-501.23233829498275,647.6343365097048,18.989407
10.166666666666666,1,68.53433422088638,-501.23233829498275,647.6343365097048,18.989407
10.25,1,68.53433422088638,-501.23233829498275,647.6343365097048,68.53433
10.333333333333334,1,68.53433422088638,-501.23233829498275,647.6343365097048,18.989407
10.416666666666666,1,68.53433422088638,-501.23233829498275,647.6343365097048,34.120872
10.5,1,87.68000030517506,-506.0533396403002,689.4800033569329,87.68
10.583333333333334,1,87.68000030517506,-506.0533396403002,689.4800033569329,87.68
10.666666666666666,1,87.68000030517506,-506.0533396403002,689.4800033569329,87.68
10.75,1,87.68000030517506,-506.0533396403002,689.4800033569329,-67.206955
10.833333333333334,1,87.68000030517506,-506.0533396403002,689.4800033569329,8.995915
10.916666666666666,1,87.68000030517506,-506.0533396403002,689.4800033569329,175.64339
11.0,1,67.10000038146971,-589.4333395640055,738.100004196167,-317.8396
11.083333333333334,1,67.10000038146971,-589.4333395640055,738.100004196167,-387.71237
11.166666666666666,1,67.10000038146971,-589.4333395640055,738.100004196167,-253.8612
11.25,1,67.10000038146971,-589.4333395640055,738.100004196167,-387.71237
11.333333333333334,1,67.10000038146971,-589.4333395640055,738.100004196167,-387.71237
11.416666666666666,1,67.10000038146971,-589.4333395640055,738.100004196167,-158.4788
11.5,1,89.88000106811499,-160.119998931885,796.6800041198728,138.19022
11.583333333333334,1,89.88000106811499,-160.119998931885,796.6800041198728,79.060295
11.666666666666666,1,89.88000106811499,-160.119998931885,796.6800041198728,39.325413
11.75,1,89.88000106811499,-160.119998931885,796.6800041198728,24.540392
11.833333333333334,1,89.88000106811499,-160.119998931885,796.6800041198728,-84.35659
11.916666666666666,1,89.88000106811499,-160.119998931885,796.6800041198728,-84.35659
12.0,1,78.43156890518183,-675.8017710402934,862.7315719569397,-458.63916
12.083333333333334,1,78.43156890518183,-675.8017710402934,862.7315719569397,-458.63916
12.166666666666666,1,78.43156890518183,-675.8017710402934,862.7315719569397,-458.63916
12.25,1,78.43156890518183,-675.8017710402934,862.7315719569397,-458.63916
12.333333333333334,1,78.43156890518183,-675.8017710402934,862.7315719569397,-349.43097
12.416666666666666,1,78.43156890518183,-675.8017710402934,862.7315719569397,-458.63916
12.5,1,122.8784324681093,-621.1882408106993,884.6784355198671,-182.07227
12.583333333333334,1,122.8784324681093,-621.1882408106993,884.6784355198671,-454.0853
12.666666666666666,1,122.8784324681093,-621.1882408106993,884.6784355198671,-483.39734
12.75,1,122.8784324681093,-621.1882408106993,884.6784355198671,-196.4912
12.833333333333334,1,122.8784324681093,-621.1882408106993,884.6784355198671,-478.2711
12.916666666666666,1,122.8784324681093,-621.1882408106993,884.6784355198671,-469.52356
13.0,1,200.54159686279212,-49.45840313720788,816.3819868776641,151.40485
13.083333333333334,1,200.54159686279212,-49.45840313720788,816.3819868776641,151.40485
13.166666666666666,1,200.54159686279212,-49.45840313720788,816.3819868776641,613.805
13.25,1,200.54159686279212,-49.45840313720788,816.3819868776641,188.77318
13.333333333333334,1,200.54159686279212,-49.45840313720788,816.3819868776641,159.22408
13.416666666666666,1,200.54159686279212,-49.45840313720788,816.3819868776641,170.97493
13.5,1,100.77996572360966,-742.053371424421,936.0244524914847,347.7794
13.583333333333334,1,100.77996572360966,-742.053371424421,936.0244524914847,711.8602
13.666666666666666,1,100.77996572360966,-742.053371424421,936.0244524914847,375.46097
13.75,1,100.77996572360966,-742.053371424421,936.0244524914847,559.1157
13.833333333333334,1,100.77996572360966,-742.053371424421,936.0244524914847,802.9285
13.916666666666666,1,100.77996572360966,-742.053371424421,936.0244524914847,832.1695
14.0,1,463.3539398761896,-347.47273350434415,941.0717878490432,-346.98853
14.083333333333334,1,463.3539398761896,-347.47273350434415,941.0717878490432,231.89764
14.166666666666666,1,463.3539398761896,-347.47273350434415,941.0717878490432,458.1538
14.25,1,463.3539398761896,-347.47273350434415,941.0717878490432,-346.98853
14.333333333333334,1,463.3539398761896,-347.47273350434415,941.0717878490432,162.38167
14.416666666666666,1,463.3539398761896,-347.47273350434415,941.0717878490432,-183.33688
14.5,1,253.66912587233037,-569.8308779423668,955.1478791416268,-286.1804
14.583333333333334,1,253.66912587233037,-569.8308779423668,955.1478791416268,16.547384
14.666666666666666,1,253.66912587233037,-569.8308779423668,955.1478791416268,253.66913
14.75,1,253.66912587233037,-569.8308779423668,955.1478791416268,253.69939
14.833333333333334,1,253.66912587233037,-569.8308779423668,955.1478791416268,-244.42336
14.916666666666666,1,253.66912587233037,-569.8308779423668,955.1478791416268,-569.79535
15.0,1,87.67000045776375,-208.0786020417325,964.3700050354005,-172.3176
15.083333333333334,1,87.67000045776375,-208.0786020417325,964.3700050354005,-208.06584
15.166666666666666,1,87.67000045776375,-208.0786020417325,964.3700050354005,-208.06584
15.25,1,87.67000045776375,-208.0786020417325,964.3700050354005,-78.90043
15.333333333333334,1,87.67000045776375,-208.0786020417325,964.3700050354005,-175.4739
15.416666666666666,1,87.67000045776375,-208.0786020417325,964.3700050354005,-208.06584
15.5,1,129.70381914442729,-700.29618467027,959.7038229591245,403.83752
15.583333333333334,1,129.70381914442729,-700.29618467027,959.7038229591245,80.80332
15.666666666666666,1,129.70381914442729,-700.29618467027,959.7038229591245,558.09814
15.75,1,129.70381914442729,-700.29618467027,959.7038229591245,-14.229044
15.833333333333334,1,129.70381914442729,-700.29618467027,959.7038229591245,-153.95549
15.916666666666666,1,129.70381914442729,-700.29618467027,959.7038229591245,-14.229044
16.0,1,82.68000030517578,-167.31999969482422,909.4800033569336,82.68
16.083333333333332,1,82.68000030517578,-167.31999969482422,909.4800033569336,82.68
16.166666666666668,1,82.68000030517578,-167.31999969482422,909.4800033569336,58.92501
16.25,1,82.68000030517578,-167.31999969482422,909.4800033569336,82.68
16.333333333333332,1,82.68000030517578,-167.31999969482422,909.4800033569336,82.68
16.416666666666668,1,82.68000030517578,-167.31999969482422,909.4800033569336,-11.895641
16.5,1,620.0000038146973,-160.0,870.0000038146973,620.0
16.583333333333332,1,620.0000038146973,-160.0,870.0000038146973,719.3141
16.666666666666668,1,620.0000038146973,-160.0,870.0000038146973,702.03406
16.75,1,620.0000038146973,-160.0,870.0000038146973,562.9634
16.833333333333332,1,620.0000038146973,-160.0,870.0000038146973,620.0
16.916666666666668,1,620.0000038146973,-160.0,870.0000038146973,620.0
17.0,1,505.00000381469727,-225.0,755.0000038146973,505.0
17.083333333333332,1,505.00000381469727,-225.0,755.0000038146973,505.0
17.166666666666668,1,505.00000381469727,-225.0,755.0000038146973,505.0
17.25,1,505.00000381469727,-225.0,755.0000038146973,458.56952
17.333333333333332,1,505.00000381469727,-225.0,755.0000038146973,505.0
17.416666666666668,1,505.00000381469727,-225.0,755.0000038146973,326.5897
17.5,1,74.92000045776365,-674.2800041198731,824.1200050354004,74.92
17.583333333333332,1,74.92000045776365,-674.2800041198731,824.1200050354004,74.92
17.666666666666668,1,74.92000045776365,-674.2800041198731,824.1200050354004,74.92
17.75,1,74.92000045776365,-674.2800041198731,824.1200050354004,74.92
17.833333333333332,1,74.92000045776365,-674.2800041198731,824.1200050354004,74.92
17.916666666666668,1,74.92000045776365,-674.2800041198731,824.1200050354004,74.92
18.0,1,-56.22822516072464,-835.6282305013008,723.1717801798516,-56.228226
18.083333333333332,1,-56.22822516072464,-835.6282305013008,723.1717801798516,-225.66301
18.166666666666668,1,-56.22822516072464,-835.6282305013008,723.1717801798516,-225.66301
18.25,1,-56.22822516072464,-835.6282305013008,723.1717801798516,-225.66301
18.333333333333332,1,-56.22822516072464,-835.6282305013008,723.1717801798516,-225.66301
18.416666666666668,1,-56.22822516072464,-835.6282305013008,723.1717801798516,-225.66301
18.5,1,-8.026712455043183,-806.6267185585588,790.5732936484725,113.94687
18.583333333333332,1,-8.026712455043183,-806.6267185585588,790.5732936484725,211.47052
18.666666666666668,1,-8.026712455043183,-806.6267185585588,790.5732936484725,213.7501
18.75,1,-8.026712455043183,-806.6267185585588,790.5732936484725,301.88754
18.833333333333332,1,-8.026712455043183,-806.6267185585588,790.5732936484725,81.23273
18.916666666666668,1,-8.026712455043183,-806.6267185585588,790.5732936484725,116.41442
19.0,1,83.43000068664558,-750.8700061798095,917.7300075531007,143.4672
19.083333333333332,1,83.43000068664558,-750.8700061798095,917.7300075531007,418.03326
19.166666666666668,1,83.43000068664558,-750.8700061798095,917.7300075531007,171.29172
19.25,1,83.43000068664558,-750.8700061798095,917.7300075531007,-139.13815
19.333333333333332,1,83.43000068664558,-750.8700061798095,917.7300075531007,-52.940617
19.416666666666668,1,83.43000068664558,-750.8700061798095,917.7300075531007,440.99377
19.5,1,80.35000076293935,-666.3682046320263,883.8500083923338,106.055016
19.583333333333332,1,80.35000076293935,-666.3682046320263,883.8500083923338,80.35
19.666666666666668,1,80.35000076293935,-666.3682046320263,883.8500083923338,80.35
19.75,1,80.35000076293935,-666.3682046320263,883.8500083923338,80.35
19.833333333333332,1,80.35000076293935,-666.3682046320263,883.8500083923338,80.35
19.916666666666668,1,80.35000076293935,-666.3682046320263,883.8500083923338,80.35
20.0,1,101.2000007629394,-301.618296880387,838.200008392334,101.2
20.083333333333332,1,101.2000007629394,-301.618296880387,838.200008392334,101.2
20.166666666666668,1,101.2000007629394,-301.618296880387,838.200008392334,101.2
20.25,1,101.2000007629394,-301.618296880387,838.200008392334,101.2
20.333333333333332,1,101.2000007629394,-301.618296880387,838.200008392334,101.2
20.416666666666668,1,101.2000007629394,-301.618296880387,838.200008392334,101.2
20.5,1,69.85000076293944,-582.0283400735215,768.350008392334,69.85
20.583333333333332,1,69.85000076293944,-582.0283400735215,768.350008392334,69.85
20.666666666666668,1,69.85000076293944,-582.0283400735215,768.350008392334,69.85
20.75,1,69.85000076293944,-582.0283400735215,768.350008392334,69.85
20.833333333333332,1,69.85000076293944,-582.0283400735215,768.350008392334,69.85
20.916666666666668,1,69.85000076293944,-582.0283400735215,768.350008392334,69.85
21.0,1,92.40000106811524,-304.7702939058695,723.0666750250922,92.4
21.083333333333332,1,92.40000106811524,-304.7702939058695,723.0666750250922,92.4
21.166666666666668,1,92.40000106811524,-304.7702939058695,723.0666750250922,131.54309
21.25,1,92.40000106811524,-304.7702939058695,723.0666750250922,285.47922
21.333333333333332,1,92.40000106811524,-304.7702939058695,723.0666750250922,158.71417
21.416666666666668,1,92.40000106811524,-304.7702939058695,723.0666750250922,223.56033
21.5,1,56.66000061035155,-509.94000549316405,623.2600067138671,56.66
21.583333333333332,1,56.66000061035155,-509.94000549316405,623.2600067138671,56.66
21.666666666666668,1,56.66000061035155,-509.94000549316405,623.2600067138671,56.66
21.75,1,56.66000061035155,-509.94000549316405,623.2600067138671,56.66
21.833333333333332,1,56.66000061035155,-509.94000549316405,623.2600067138671,56.66
21.916666666666668,1,56.66000061035155,-509.94000549316405,623.2600067138671,56.66
22.0,1,53.91000061035149,-485.1900054931641,593.0100067138671,53.91
22.083333333333332,1,53.91000061035149,-485.1900054931641,593.0100067138671,53.91
22.166666666666668,1,53.91000061035149,-485.1900054931641,593.0100067138671,53.91
22.25,1,53.91000061035149,-485.1900054931641,593.0100067138671,53.91
22.333333333333332,1,53.91000061035149,-485.1900054931641,593.0100067138671,53.91
22.416666666666668,1,53.91000061035149,-485.1900054931641,593.0100067138671,53.91
22.5,1,48.0900005340576,-432.8100048065186,528.9900058746338,48.09
22.583333333333332,1,48.0900005340576,-432.8100048065186,528.9900058746338,48.09
22.666666666666668,1,48.0900005340576,-432.8100048065186,528.9900058746338,48.09
22.75,1,48.0900005340576,-432.8100048065186,528.9900058746338,48.09
22.833333333333332,1,48.0900005340576,-432.8100048065186,528.9900058746338,48.09
22.916666666666668,1,48.0900005340576,-432.8100048065186,528.9900058746338,48.09
23.0,1,43.42000045776366,-387.28000411987307,477.62000503540037,43.420002
23.083333333333332,1,43.42000045776366,-387.28000411987307,477.62000503540037,43.420002
23.166666666666668,1,43.42000045776366,-387.28000411987307,477.62000503540037,43.420002
23.25,1,43.42000045776366,-387.28000411987307,477.62000503540037,43.420002
23.333333333333332,1,43.42000045776366,-387.28000411987307,477.62000503540037,43.420002
23.416666666666668,1,43.42000045776366,-387.28000411987307,477.62000503540037,43.420002
23.5,1,-0.0,-360.00000381469727,360.00000381469727,0.0
23.583333333333332,1,-0.0,-360.00000381469727,360.00000381469727,0.0
23.666666666666668,1,-0.0,-360.00000381469727,360.00000381469727,2.2209966
23.75,1,-0.0,-360.00000381469727,360.00000381469727,0.0
23.833333333333332,1,-0.0,-360.00000381469727,360.00000381469727,0.0
23.916666666666668,1,-0.0,-360.00000381469727,360.00000381469727,0.0
