bid_day_index,scenario,seed,realized_seed,service_date,evaluation_pipeline,offered_capacity_kw_block,up_pass_rate,down_pass_rate,idle_pass_rate,up_stay_mean,down_stay_mean,idle_stay_mean,global_tracking_rate,market_tracking_rate,assessed_steps,missed_steps,unreachable_sustained,unreachable_step,unreachable_obligated,missed_unreachable_sustained,missed_unreachable_step,missed_unreachable_obligated,missed_though_reachable,blocks_assessed,blocks_failed,blocks_failed_with_unreachable,blocks_failed_all_reachable,controller_pre_system_tracking_rate,central_tracking_rate,controller_pre_system_mae_kw,pre_bess_mae_kw,post_bess_mae_kw,bess_final_soc_pct,bess_max_abs_power_kw,bess_throughput_kwh,bess_power_limit_hits,bess_energy_limit_hits,central_absolute_correction_kwh,central_corrected_ev_steps,central_correction_active_steps,soc_hit_rate,participating_blocks,failed_up_blocks,failed_down_blocks,failed_idle_blocks,failed_tracking_blocks,failed_up_block_count,failed_down_block_count,failed_idle_block_count,failed_tracking_block_count,up_step_pass_rate,down_step_pass_rate,idle_step_pass_rate,up_active_step_count,down_active_step_count,idle_active_step_count,up_step_failed_blocks,down_step_failed_blocks,idle_step_failed_blocks,up_step_failed_block_count,down_step_failed_block_count,idle_step_failed_block_count,departing_evs,departing_evs_soc_met,forced_ev_step_overrides,forced_active_steps,forced_concurrent_max,forced_concurrent_p95,forced_kw_max,forced_kw_mean_active,forced_kw_to_band_max,forced_step_tracking_rate,unforced_step_tracking_rate
0,0,0,1422090,2024-04-01,system,54361.47649936823,0.967741935483871,0.967741935483871,1.0,0.9946236559139784,0.9946236559139784,1.0,0.9946236559139784,0.9946236559139784,186,1,1,1,1,1,1,1,0,31,1,1,0,0.5913978494623656,0.9946236559139784,243.8331889913928,1.3270567899109216,1.176497798009073,56.01736295023053,27.9916,2.333664374478658,1,0,3758.846094052,5506,219,1.0,31,42,42,,42,1,1,0,1,1.0,0.9852941176470588,1.0,98,68,20,,42,,0,1,0,78,78,222,145,5,3.0,87.79998655319216,18.577392791298774,87799986.7748658,1.0,0.991150442477876
0,1,0,1423090,2024-04-01,system,54361.47649936823,1.0,1.0,1.0,1.0,1.0,1.0,1.0,1.0,186,0,0,0,0,0,0,0,0,31,0,0,0,0.5591397849462365,1.0,220.12437927979292,6.29373776015415e-05,0.0,49.99931528774998,0.000335693359375,0.0009755293528238,0,0,3411.928412097197,5195,237,1.0,31,,,,,0,0,0,0,1.0,1.0,1.0,96,65,25,,,,0,0,0,91,91,370,209,5,4.0,135.10000228881836,27.68394801664195,135100002.62991306,1.0,1.0
0,2,0,1424090,2024-04-01,system,54361.47649936823,0.8387096774193549,0.8387096774193549,1.0,0.956989247311828,0.956989247311828,1.0,0.956989247311828,0.956989247311828,186,8,8,8,8,8,8,8,0,31,5,5,0,0.6182795698924731,0.956989247311828,232.73071955544972,14.989059058568811,13.988490295338574,89.99990496509176,27.9916,15.508815830068691,8,2,3374.9968378941235,5186,215,1.0,31,39;41;42;44;45,39;41;42;44;45,,39;41;42;44;45,5,5,0,5,1.0,0.8840579710144928,1.0,85,69,32,,39;41;42;44;45,,0,5,0,77,77,180,118,4,2.0,59.7464747275568,18.29363273748485,52199997.469451405,0.975609756097561,0.9423076923076924
0,3,0,1425090,2024-04-01,system,54361.47649936823,0.9032258064516128,0.9032258064516128,1.0,0.9462365591397848,0.9462365591397848,1.0,0.946236559139785,0.946236559139785,186,10,10,9,10,9,9,10,0,31,3,3,0,0.489247311827957,0.9408602150537636,365.0870548999438,11.111844092287043,9.455498753298391,90.0,27.9916,25.67335275432416,12,37,5486.616895924009,6288,215,1.0,31,18;19;42,18;19;42,,18;19;42,3,3,0,3,0.9915254237288136,0.8085106382978723,1.0,118,47,21,42,18;19;42,,1,3,0,81,81,403,210,7,4.0,144.66878943661143,34.76216226845953,69200000.93765266,0.927007299270073,1.0
0,4,0,1426090,2024-04-01,system,54361.47649936823,0.7741935483870968,0.7741935483870968,1.0,0.8763440860215054,0.8763440860215054,1.0,0.8763440860215054,0.8763440860215054,186,23,24,17,23,20,17,23,0,31,7,7,0,0.4677419354838709,0.8709677419354839,300.0976927209926,45.73771256785239,42.833693406865365,89.99972616450148,27.9916,45.01229699529894,29,23,3942.580875506004,4709,206,1.0,31,17;18;19;20;22;27;30,17;18;19;20;22;27;30,,17;18;19;20;22;27;30,7,7,0,7,0.9243697478991596,0.72,1.0,119,50,17,17;27,18;19;20;22;30,,2,5,0,71,71,226,118,7,3.0,134.59999846352474,26.92297652580324,65900001.692260414,0.8271604938271605,0.9142857142857144
0,5,0,1427090,2024-04-01,system,54361.47649936823,1.0,1.0,1.0,1.0,1.0,1.0,1.0,1.0,186,0,0,0,0,0,0,0,0,31,0,0,0,0.6720430107526881,1.0,188.6991880616193,0.058132033194265,0.0,52.32051089204081,10.800048828125,0.9010465145111088,0,0,2923.9377454916626,5391,247,1.0,31,,,,,0,0,0,0,1.0,1.0,1.0,118,40,28,,,,0,0,0,73,73,270,176,4,3.0,99.49998337162802,16.275461468268304,88800013.95710866,1.0,1.0
1,0,0,1522090,2024-04-06,system,43635.22181737468,0.9629629629629628,0.9629629629629628,1.0,0.9938271604938272,0.9938271604938272,1.0,0.9938271604938272,0.9938271604938272,162,1,3,0,1,1,0,1,0,27,1,1,0,0.4444444444444444,0.9753086419753086,190.06359682259736,3.368252127258866,2.5042657274787823,16.667237611176883,27.9916,11.663816397031152,5,0,2520.388969302179,5833,235,1.0,27,26,26,,26,1,1,0,1,0.9855072463768116,1.0,1.0,69,67,26,26,,,1,0,0,79,79,1337,268,13,11.0,281.68891763981384,93.97990135922866,86379999.3025617,0.9938271604938272,
1,1,0,1523090,2024-04-06,system,43635.22181737468,1.0,1.0,1.0,1.0,1.0,1.0,1.0,1.0,162,0,0,0,0,0,0,0,0,27,0,0,0,0.654320987654321,1.0,130.21638549698724,5.957226694366079e-05,0.0,50.00019961680345,0.0002288818359375,0.0008042256037394,0,0,1757.9222906703758,5440,246,1.0,27,,,,,0,0,0,0,1.0,1.0,1.0,53,80,29,,,,0,0,0,81,81,863,249,10,7.0,230.3454004486403,63.58937402619759,118699975.3134212,1.0,1.0
1,2,0,1524090,2024-04-06,system,43635.22181737468,1.0,1.0,1.0,1.0,1.0,1.0,1.0,1.0,162,0,0,0,0,0,0,0,0,27,0,0,0,0.5740740740740741,1.0,135.1939959101103,3.006065954212789,1.969271696306542,10.000034637851654,27.9916,13.996722481734338,7,13,1784.5387585759172,5303,196,1.0,27,,,,,0,0,0,0,1.0,1.0,1.0,63,65,34,,,,0,0,0,80,80,1167,237,12,10.0,256.50000381469727,101.64243166906222,149500023.7424718,1.0,
1,3,0,1525090,2024-04-06,system,43635.22181737468,1.0,1.0,1.0,1.0,1.0,1.0,1.0,1.0,162,0,0,0,0,0,0,0,0,27,0,0,0,0.5185185185185185,1.0,138.82465370716872,5.8284880202493547e-05,0.0,50.000549747458166,0.00018310546875,0.0007868458827336,0,0,1874.133643120527,5765,195,1.0,27,,,,,0,0,0,0,1.0,1.0,1.0,65,76,21,,,,0,0,0,78,78,843,203,10,9.0,200.59998087882963,82.24869752762496,127005598.96529624,1.0,1.0
1,4,0,1526090,2024-04-06,system,43635.22181737468,0.8518518518518519,0.8518518518518519,1.0,0.9012345679012344,0.9012345679012344,1.0,0.9012345679012346,0.9012345679012346,162,16,0,0,16,0,0,16,0,27,4,4,0,0.5185185185185185,0.8950617283950617,140.33257843327397,15.24227087074245,14.205469648740465,10.0,27.9916,13.996816497026805,19,18,1688.7210209866362,5772,219,1.0,27,44;45;46;47,44;45;46;47,,44;45;46;47,4,4,0,4,0.8333333333333334,0.9361702127659576,1.0,60,94,8,44;45;46;47,44;45;47,,4,3,0,76,76,1086,228,17,14.0,338.4999740600586,89.52956979518763,85100002.50367521,0.8980891719745223,1.0
1,5,0,1527090,2024-04-06,system,43635.22181737468,0.8148148148148148,0.8148148148148148,1.0,0.9382716049382716,0.9382716049382716,1.0,0.9382716049382716,0.9382716049382716,162,10,6,5,10,5,5,10,0,27,5,5,0,0.6358024691358025,0.9320987654320988,266.0232895450828,14.810905745000015,12.655343009039612,14.617249254115398,27.9916,29.100096935465483,14,6,3391.3682271242155,4733,212,1.0,27,39;43;44;45;46,39;43;44;45;46,,39;43;44;45;46,5,5,0,5,0.8333333333333334,0.988095238095238,1.0,54,84,24,43;44;45;46,39,,4,1,0,74,74,356,193,5,4.0,107.69999494552614,34.98909299393017,77500000.1956687,0.9230769230769232,0.9777777777777776
2,0,0,1622090,2024-04-07,system,42240.84984925667,0.9615384615384616,0.9615384615384616,1.0,0.9935897435897436,0.9935897435897436,1.0,0.9935897435897436,0.9935897435897436,156,1,0,0,1,0,0,1,0,26,1,1,0,0.6538461538461539,0.9871794871794872,152.57489676964587,8.912305783002804,7.835658807222048,46.10000000000001,27.9916,27.99221068514984,24,15,1867.6154081026712,5085,228,1.0,26,46,46,,46,1,1,0,1,0.9838709677419356,1.0,1.0,62,40,54,46,,,1,0,0,68,68,1391,246,14,12.0,294.5596510738884,109.77672845116804,126400001.84500824,0.9935897435897436,
2,1,0,1623090,2024-04-07,system,42240.84984925667,0.7307692307692307,0.7307692307692307,1.0,0.7884615384615384,0.7884615384615384,1.0,0.7884615384615384,0.7884615384615384,156,33,38,33,33,33,33,33,0,26,7,7,0,0.391025641025641,0.7756410256410257,346.9773026116383,40.827252765496574,39.63429553924853,50.0,27.9916,29.50419922591947,42,48,3979.951467206081,4035,208,1.0,26,21;22;23;24;26;28;29,21;22;23;24;26;28;29,,21;22;23;24;26;28;29,7,7,0,7,1.0,0.5714285714285714,1.0,62,77,17,,21;22;23;24;26;28;29,,0,7,0,73,73,256,154,4,4.0,69.20000003178869,22.42464853140512,69200000.2065019,0.746031746031746,0.8172043010752689
2,2,0,1624090,2024-04-07,system,42240.84984925667,1.0,1.0,1.0,1.0,1.0,1.0,1.0,1.0,156,0,0,0,0,0,0,0,0,26,0,0,0,0.8333333333333334,1.0,98.43703521215,4.9273173014322914e-05,0.0,50.0,0.0024520587921621,0.0008448894818663,0,0,1279.6823273400464,5759,213,1.0,26,,,,,0,0,0,0,1.0,1.0,1.0,55,52,49,,,,0,0,0,75,75,922,245,13,9.0,301.6710266431168,78.25118201820692,143399970.02990887,1.0,1.0
2,3,0,1625090,2024-04-07,system,42240.84984925667,1.0,1.0,1.0,1.0,1.0,1.0,1.0,1.0,156,0,0,0,0,0,0,0,0,26,0,0,0,0.5705128205128205,1.0,150.25256685950816,5.876100980318509e-05,0.0,50.0,0.001799306869438,0.0009138353665612,0,0,1953.2837198774016,5073,200,1.0,26,,,,,0,0,0,0,1.0,1.0,1.0,55,73,28,,,,0,0,0,67,67,349,201,4,3.0,123.76074773152548,30.392294937643356,110999975.38669915,1.0,1.0
2,4,0,1626090,2024-04-07,system,42240.84984925667,1.0,1.0,1.0,1.0,1.0,1.0,1.0,1.0,156,0,0,0,0,0,0,0,0,26,0,0,0,0.6858974358974359,1.0,116.50873848719476,5.460091126270784e-05,0.0,50.0,0.0013768994806802,0.0008245534698052,0,0,1514.6146340767546,5716,214,1.0,26,,,,,0,0,0,0,1.0,1.0,1.0,58,55,43,,,,0,0,0,74,74,917,205,12,9.0,266.90987823248224,91.08752164384995,129799990.4095006,1.0,1.0
2,5,0,1627090,2024-04-07,system,42240.84984925667,0.9230769230769232,0.9230769230769232,1.0,0.9871794871794872,0.9871794871794872,1.0,0.9871794871794872,0.9871794871794872,156,2,1,1,2,1,1,2,0,26,2,2,0,0.5705128205128205,0.9871794871794872,205.23346856408395,8.312743451923897,7.236084621549665,46.10003935768482,27.9916,27.992364794865,12,4,2559.9715638011703,5844,239,1.0,26,34;44,34;44,,34;44,2,2,0,2,0.96875,1.0,1.0,64,51,41,34;44,,,2,0,0,86,86,1371,247,15,13.0,382.5457415103922,118.44817923167734,207099967.025064,0.986013986013986,1.0
3,0,0,1722090,2024-08-01,system,64876.84633724885,0.875,0.875,1.0,0.9479166666666669,0.9479166666666669,1.0,0.9479166666666666,0.9479166666666666,192,10,3,3,10,3,3,10,0,32,4,4,0,0.296875,0.9427083333333334,293.50510604617494,14.914751142263412,14.03995385797893,10.0,27.9916,13.996756548551726,15,12,4457.447383308158,6300,216,1.0,32,25;45;46;47,25;45;46;47,,25;45;46;47,4,4,0,4,0.9159663865546218,1.0,1.0,119,62,11,25;45;46;47,,,4,0,0,71,71,668,203,11,7.649999999999977,212.70000076293945,65.76261490061391,46700000.88084562,0.9411764705882352,0.9743589743589745
3,1,0,1723090,2024-08-01,system,64876.84633724885,0.84375,0.84375,1.0,0.9375,0.9375,1.0,0.9375,0.9375,192,12,5,3,12,3,3,12,0,32,5,5,0,0.2447916666666666,0.9166666666666666,325.81893701603013,14.497610511879126,12.513354068461178,10.0,27.9916,31.74810309468711,30,17,4981.143187443417,6346,245,1.0,32,17;25;44;45;47,17;25;44;45;47,,17;25;44;45;47,5,5,0,5,0.9647058823529412,0.9117647058823528,1.0,85,102,5,25;44,17;44;45;47,,2,4,0,82,82,707,207,11,8.0,286.9000015258789,69.3428184390218,80200000.96542498,0.920863309352518,0.981132075471698
3,2,0,1724090,2024-08-01,system,64876.84633724885,0.875,0.875,1.0,0.9270833333333334,0.9270833333333334,1.0,0.9270833333333334,0.9270833333333334,192,14,6,6,14,6,6,14,0,32,4,4,0,0.4739583333333333,0.9270833333333334,282.1954738454272,16.98505727450053,16.110236275893445,10.0,27.9916,13.997135977713263,21,38,4243.368378738562,5603,222,1.0,32,25;45;46;47,25;45;46;47,,25;45;46;47,4,4,0,4,0.9207920792079208,0.9104477611940298,1.0,101,67,24,25;46;47,45,,3,1,0,78,78,662,220,10,7.0,292.79999008178714,57.13610903574595,77500000.1956687,0.9386503067484664,0.8620689655172413
3,3,0,1725090,2024-08-01,system,64876.84633724885,0.78125,0.78125,0.8,0.8854166666666667,0.8854166666666667,0.9333333333333332,0.8854166666666666,0.8854166666666666,192,22,4,3,22,4,3,22,0,32,7,7,0,0.3229166666666667,0.8802083333333334,283.5386326070875,30.67096761148423,29.51882021180519,10.0,27.9916,18.4343583948647,39,37,4045.884165714184,4911,229,1.0,32,27;29;31;40;45;46;47,27;29;31;40;45;46;47,40,27;29;31;40;45;46;47,7,7,1,7,0.8333333333333334,0.9176470588235294,0.9565217391304348,84,85,23,27;31;45;47,29;40;46;47,40,4,4,1,87,87,1030,228,11,10.0,297.89996948242185,87.51569672932665,105919936.49521887,0.8662420382165605,0.9714285714285714
3,4,0,1726090,2024-08-01,system,64876.84633724885,0.40625,0.40625,0.4,0.671875,0.671875,0.65,0.671875,0.671875,192,63,20,15,63,17,15,63,0,32,19,19,0,0.1770833333333333,0.6666666666666666,391.2338261045516,105.27942696213722,102.56067462038038,10.0,27.9916,43.50003746810961,82,79,4575.2716684639445,4750,225,1.0,32,18;20;22;25;26;27;30;33;34;36;38;39;40;41;43;44;45;46;47,18;20;22;25;26;27;30;33;34;36;38;39;40;41;43;44;45;46;47,40;43;44,18;20;22;25;26;27;30;33;34;36;38;39;40;41;43;44;45;46;47,19,19,3,19,0.6458333333333334,0.7323943661971831,0.6,96,71,25,25;26;27;30;33;34;36;38;39;41;45;47,18;20;22;43;46;47,40;43;44,12,6,3,83,83,1227,188,17,15.0,354.9999700546272,127.65084967757362,71999998.87047969,0.6622516556291391,0.7073170731707317
3,5,0,1727090,2024-08-01,system,64876.84633724885,0.96875,0.96875,1.0,0.984375,0.984375,1.0,0.984375,0.984375,192,3,3,3,3,3,3,3,0,32,1,1,0,0.5208333333333334,0.984375,233.6108486894518,6.047627756992976,5.610195438639323,68.05000478002361,27.9916,6.998917093658444,3,0,3641.013018960754,5982,198,1.0,32,24,24,,24,1,1,0,1,1.0,0.9558823529411764,1.0,94,68,30,,24,,0,1,0,75,75,521,149,8,6.649999999999977,168.70000076293945,70.56063973671927,19200000.8114148,1.0,0.94
4,0,0,1822090,2024-08-03,system,46279.02280842068,0.9333333333333332,0.9333333333333332,1.0,0.9666666666666668,0.9666666666666668,1.0,0.9666666666666668,0.9666666666666668,180,6,0,0,6,0,0,6,0,30,2,2,0,0.4555555555555555,0.9611111111111112,175.1698412862089,17.991430379284754,17.05833723386092,10.0,27.9916,13.996397181357446,33,43,2357.677692671617,4817,214,1.0,30,34;35,34;35,,34;35,2,2,0,2,0.9325842696629212,1.0,1.0,89,58,33,34;35,,,2,0,0,75,75,1239,240,14,12.0,367.5320156745915,108.0383544508466,68599990.2549855,0.9664804469273744,1.0
4,1,0,1823090,2024-08-03,system,46279.02280842068,1.0,1.0,1.0,1.0,1.0,1.0,1.0,1.0,180,0,0,0,0,0,0,0,0,30,0,0,0,0.6722222222222223,1.0,135.4670408937666,0.1097288184695773,0.0,54.24418306160141,19.7420654296875,1.6459322770436602,0,0,2030.3618372579413,5910,238,1.0,30,,,,,0,0,0,0,1.0,1.0,1.0,87,58,35,,,,0,0,0,71,71,1272,261,15,12.0,419.0086840584492,98.2468206587153,107699996.45721912,1.0,
4,2,0,1824090,2024-08-03,system,46279.02280842068,0.7666666666666667,0.7666666666666667,1.0,0.8611111111111112,0.8611111111111112,1.0,0.8611111111111112,0.8611111111111112,180,25,11,8,25,10,8,25,0,30,7,7,0,0.3222222222222222,0.8611111111111112,270.4143092738258,57.27752216127184,54.94485234398842,26.100253435507383,27.9916,34.990047259251284,33,25,3197.0536131262784,5248,197,1.0,30,24;35;36;37;38;40;41,24;35;36;37;38;40;41,,24;35;36;37;38;40;41,7,7,0,7,0.8279569892473119,0.8783783783783784,1.0,93,74,13,24;35;36;37;38;41,36;40;41,,6,3,0,78,78,1344,190,19,16.0,478.2999501347532,156.76754755652854,135199996.79950672,0.8475609756097561,1.0
4,3,0,1825090,2024-08-03,system,46279.02280842068,0.8333333333333334,0.8333333333333334,1.0,0.9166666666666666,0.9166666666666666,1.0,0.9166666666666666,0.9166666666666666,180,15,5,4,15,5,4,15,0,30,5,5,0,0.2833333333333333,0.9,229.185279646847,25.67222855289777,23.69971019837684,50.21455850309287,27.9916,29.587775317813964,21,10,3052.697846417626,5430,207,1.0,30,28;34;39;40;41,28;34;39;40;41,,28;34;39;40;41,5,5,0,5,0.8829787234042553,0.95,1.0,94,80,6,28;34;39;40,41,,4,1,0,82,82,1335,240,20,13.0,495.69997711181645,114.30415397954154,61000000.15401019,0.913793103448276,1.0
4,4,0,1826090,2024-08-03,system,46279.02280842068,1.0,1.0,1.0,1.0,1.0,1.0,1.0,1.0,180,0,0,0,0,0,0,0,0,30,0,0,0,0.6611111111111111,1.0,133.31502465142145,5.351172553168403e-05,0.0,50.00006533493791,0.000244140625,0.0008026758829752,0,0,1999.726505212485,5871,226,1.0,30,,,,,0,0,0,0,1.0,1.0,1.0,58,84,38,,,,0,0,0,86,86,1118,225,12,10.0,280.9063018798829,104.6753814727238,151411970.13935864,1.0,1.0
4,5,0,1827090,2024-08-03,system,46279.02280842068,0.8666666666666667,0.8666666666666667,1.0,0.9777777777777776,0.9777777777777776,1.0,0.9777777777777776,0.9777777777777776,180,4,4,4,4,4,4,4,0,30,4,4,0,0.5333333333333333,0.9777777777777776,178.88940840661525,6.242075833678248,5.308977001139324,86.10066332419312,27.9916,13.996482488083869,6,0,2589.711863895256,5698,207,1.0,30,41;42;44;47,41;42;44;47,,41;42;44;47,4,4,0,4,1.0,0.9428571428571428,1.0,84,70,26,,41;42;44;47,,0,4,0,74,74,1136,201,15,13.0,335.7000045776367,112.6057603868071,138499980.799354,0.9741935483870968,1.0
