scenario,seed,realized_seed,service_date,evaluation_pipeline,offered_capacity_kw_block,up_pass_rate,down_pass_rate,idle_pass_rate,up_stay_mean,down_stay_mean,idle_stay_mean,global_tracking_rate,market_tracking_rate,assessed_steps,missed_steps,unreachable_sustained,unreachable_step,unreachable_obligated,missed_unreachable_sustained,missed_unreachable_step,missed_unreachable_obligated,missed_though_reachable,blocks_assessed,blocks_failed,blocks_failed_with_unreachable,blocks_failed_all_reachable,controller_pre_system_tracking_rate,central_tracking_rate,controller_pre_system_mae_kw,pre_bess_mae_kw,post_bess_mae_kw,bess_final_soc_pct,bess_max_abs_power_kw,bess_throughput_kwh,bess_power_limit_hits,bess_energy_limit_hits,central_absolute_correction_kwh,central_corrected_ev_steps,central_correction_active_steps,soc_hit_rate,participating_blocks,failed_up_blocks,failed_down_blocks,failed_idle_blocks,failed_tracking_blocks,failed_up_block_count,failed_down_block_count,failed_idle_block_count,failed_tracking_block_count,up_step_pass_rate,down_step_pass_rate,idle_step_pass_rate,up_active_step_count,down_active_step_count,idle_active_step_count,up_step_failed_blocks,down_step_failed_blocks,idle_step_failed_blocks,up_step_failed_block_count,down_step_failed_block_count,idle_step_failed_block_count,departing_evs,departing_evs_soc_met,forced_ev_step_overrides,forced_active_steps,forced_concurrent_max,forced_concurrent_p95,forced_kw_max,forced_kw_mean_active,forced_kw_to_band_max,forced_step_tracking_rate,unforced_step_tracking_rate
0,0,1722090,2024-08-01,marl_force_bess,39903.72549937899,0.76,0.75,1.0,0.8866666666666666,0.8928571428571429,1.0,0.8620689655172413,0.8620689655172413,174,24,4,1,1,4,1,1,23,29,8,1,7,0.8045977011494253,0.8045977011494253,43.6703973426216,43.67040420195152,28.88109955828266,10.0,27.991600000000002,218.91707469845332,80,41,0.0067327281891872825,3220,284,1.0,29,32;40;41;43;46;47,32;33;34;41;43;46;47,,32;33;34;40;41;43;46;47,6,7,0,8,0.8651685393258427,0.8125,1.0,89,64,21,32;40;46;47,33;34;41;43,,4,4,0,71,71,161,77,5,3.0,115.9139057719753,36.66593902234869,1.4124429777045626,0.8311688311688312,0.8865979381443299
0,1,1722091,2024-08-01,marl_force_bess,39903.72549937899,0.68,0.75,1.0,0.8133333333333335,0.8690476190476192,1.0,0.8390804597701149,0.8390804597701149,174,28,9,6,6,9,6,6,22,29,8,2,6,0.8103448275862069,0.8103448275862069,53.859003232128316,53.859009748902814,41.07372780550034,10.0,27.991600000000002,196.88889947460981,78,52,0.007460271034991214,3586,288,1.0,29,36;37;38;40;41;43;46;47,36;37;38;41;43;46;47,,36;37;38;40;41;43;46;47,8,7,0,8,0.8314606741573034,0.796875,1.0,89,64,21,40;46;47,36;37;38;41;43,,3,5,0,84,84,104,84,3,2.0,92.9755324691534,25.302350228031454,8888167.518492538,0.8554216867469879,0.8241758241758241
0,2,1722092,2024-08-01,marl_force_bess,39903.72549937899,0.76,0.7857142857142857,1.0,0.8400000000000002,0.886904761904762,1.0,0.8563218390804598,0.8563218390804598,174,25,0,0,0,0,0,0,25,29,7,0,7,0.8275862068965517,0.8275862068965517,43.20927754284322,43.209274311860405,28.919388475853175,10.0,27.991600000000002,214.74046626643323,102,55,0.007926564120377101,3856,288,1.0,29,37;38;40;45;46;47,34;37;38;45;46;47,,34;37;38;40;45;46;47,6,6,0,7,0.8089887640449438,0.875,1.0,89,64,21,40;45;46;47,34;37;38,,4,3,0,84,84,170,101,4,3.0,95.92613886296749,28.616296286196352,26847908.244079914,0.82,0.9054054054054054
1,0,1723090,2024-08-01,marl_force_bess,39903.72549937899,0.76,0.7857142857142857,1.0,0.8466666666666667,0.8809523809523808,1.0,0.8505747126436781,0.8505747126436781,174,26,5,2,2,5,2,2,24,29,7,1,6,0.7988505747126436,0.7988505747126436,46.30023484942557,46.3002383023843,34.112620713253676,10.0,27.991600000000002,190.7162550423938,87,53,0.0066271604761520084,3032,288,1.0,29,19;35;36;37;40;47,19;35;36;37;39;47,,19;35;36;37;39;40;47,6,6,0,7,0.782608695652174,0.9642857142857143,1.0,115,28,31,19;36;37;39;40;47,35,,6,1,0,82,82,349,121,9,6.0,228.5614514946356,35.78215038547802,3394514.0037707197,0.8083333333333333,0.9444444444444444
1,1,1723091,2024-08-01,marl_force_bess,39903.72549937899,0.72,0.7857142857142857,0.8333333333333334,0.8133333333333335,0.869047619047619,0.9166666666666666,0.8390804597701149,0.8390804597701149,174,28,6,5,5,6,5,5,23,29,7,2,5,0.8160919540229885,0.8160919540229885,46.8082387310335,46.80823955864742,33.44903756265884,10.0,27.991600000000002,207.70422894183412,77,49,0.006010159081294361,2839,288,1.0,29,19;35;36;37;40;46;47,19;35;36;37;46;47,46,19;35;36;37;40;46;47,7,6,1,7,0.782608695652174,0.9642857142857143,0.9354838709677419,115,28,31,19;36;37;40;47,35,46,5,1,1,78,78,236,114,5,4.0,103.28089838650388,31.663087670907867,1883029.908784457,0.7876106194690266,0.9344262295081968
1,2,1723092,2024-08-01,marl_force_bess,39903.72549937899,0.6,0.6428571428571429,1.0,0.7333333333333334,0.7916666666666667,1.0,0.764367816091954,0.764367816091954,174,41,5,3,3,5,3,3,38,29,11,1,10,0.7528735632183908,0.7528735632183908,66.83677740206663,66.83676872034182,58.82792671140587,10.0,27.991600000000002,130.1240091295713,125,115,0.007012209036474814,3348,288,1.0,29,18;19;35;36;37;40;42;44;45;47,18;19;35;36;37;39;42;44;45;47,,18;19;35;36;37;39;40;42;44;45;47,10,10,0,11,0.6782608695652174,0.8571428571428571,1.0,115,28,31,18;19;35;36;37;39;40;42;44;47,35;45,,10,2,0,95,95,455,181,6,5.0,173.1226760315214,41.17578947443879,73163077.11662003,0.7559523809523809,1.0
2,0,1724090,2024-08-01,marl_force_bess,39903.72549937899,0.68,0.6428571428571429,1.0,0.8333333333333335,0.7797619047619048,1.0,0.7873563218390804,0.7873563218390804,174,37,1,0,4,1,0,4,33,29,10,1,9,0.7816091954022989,0.7816091954022989,72.75444906059353,72.75444135172614,64.89034937125213,10.0,27.991600000000002,128.02513371687317,109,102,0.005696434688919302,2692,287,1.0,29,25;26;29;30;31;32;35;46,25;26;29;30;31;32;33;34;35;46,,25;26;29;30;31;32;33;34;35;46,8,10,0,10,0.7967479674796748,0.4,1.0,123,20,31,25;26;29;30;31;32;35;46,33;34,,8,2,0,78,78,485,138,11,9.0,296.2986861263506,48.743003221930195,32212025.20963104,0.7196969696969697,1.0
2,1,1724091,2024-08-01,marl_force_bess,39903.72549937899,0.52,0.5714285714285714,1.0,0.7066666666666667,0.755952380952381,1.0,0.7298850574712644,0.7298850574712644,174,47,7,6,7,7,6,7,40,29,13,2,11,0.7068965517241379,0.7068965517241379,91.37945762310905,91.37944473617378,80.84522240915629,10.0,27.991600000000002,154.509535778044,112,84,0.005471276582587354,2600,287,1.0,29,25;29;30;31;32;35;36;37;40;45;46;47,25;29;30;31;32;34;35;36;37;45;46;47,,25;29;30;31;32;34;35;36;37;40;45;46;47,12,12,0,13,0.6829268292682927,0.6,1.0,123,20,31,25;29;30;31;32;35;36;40;45;46;47,34;37,,11,2,0,75,75,455,131,11,8.0,335.76759198999076,65.8104608860891,40030189.25503257,0.6290322580645161,0.98
2,2,1724092,2024-08-01,marl_force_bess,39903.72549937899,0.44,0.42857142857142855,1.0,0.6733333333333333,0.6547619047619049,1.0,0.6494252873563219,0.6494252873563219,174,61,1,0,2,1,0,2,59,29,17,1,16,0.632183908045977,0.632183908045977,76.88459013796401,76.88459488441204,66.97426252073197,10.0,27.991600000000002,151.97474286568917,108,96,0.005676271593983983,2584,288,1.0,29,25;26;29;30;31;32;35;40;41;42;43;44;45;46,25;26;29;30;31;32;33;34;35;39;41;42;43;44;45;46,,25;26;29;30;31;32;33;34;35;39;40;41;42;43;44;45;46,14,16,0,17,0.5934959349593496,0.45,1.0,123,20,31,25;26;29;30;31;32;35;39;40;41;42;43;44;45;46,33;34,,15,2,0,80,80,376,133,8,5.0,187.17661126588098,51.721754297796785,10372561.6012466,0.5196850393700787,1.0
3,0,1725090,2024-08-01,marl_force_bess,39903.72549937899,0.64,0.7142857142857143,1.0,0.7466666666666667,0.8095238095238095,1.0,0.7816091954022989,0.7816091954022989,174,38,8,2,2,8,2,2,36,29,9,2,7,0.7816091954022989,0.7816091954022989,63.49771362611617,63.49771820265671,50.06634002963678,87.63225367407935,27.991600000000002,208.7507835087888,81,56,0.0058482688267152624,2754,288,1.0,29,24;25;35;36;40;41;42;46;47,24;25;35;36;41;42;46;47,,24;25;35;36;40;41;42;46;47,9,8,0,9,0.7619047619047619,0.7592592592592593,1.0,105,54,15,24;25;35;36;40,41;42;46;47,,5,4,0,87,87,421,154,9,6.0,126.52646524498637,35.71313670863265,92967505.92159998,0.7847222222222222,0.7666666666666667
3,1,1725091,2024-08-01,marl_force_bess,39903.72549937899,0.6,0.6428571428571429,1.0,0.7400000000000001,0.7976190476190476,1.0,0.7701149425287356,0.7701149425287356,174,40,19,19,19,19,19,19,21,29,11,5,6,0.7413793103448276,0.7413793103448276,81.13543394516255,81.13542782575234,67.7006093819056,81.69375447412202,27.991600000000002,198.41995630757395,103,66,0.006728268633499587,3110,288,1.0,29,22;24;25;35;36;40;41;42;46;47,22;24;25;35;36;39;41;42;46;47,,22;24;25;35;36;39;40;41;42;46;47,10,10,0,11,0.7428571428571429,0.7592592592592593,1.0,105,54,15,22;24;25;35;36;39;40,41;42;46;47,,7,4,0,81,81,413,114,9,6.0,152.94154512390872,48.001310573580966,28566990.883502483,0.7545454545454545,0.796875
3,2,1725092,2024-08-01,marl_force_bess,39903.72549937899,0.6,0.6071428571428571,1.0,0.7333333333333333,0.7678571428571429,1.0,0.7413793103448276,0.7413793103448276,174,45,19,19,19,19,19,19,26,29,12,5,7,0.7241379310344828,0.7241379310344828,95.26669830015337,95.26669172034866,84.73039581453858,79.17222562207812,27.991600000000002,166.7720906342462,115,86,0.005169478924168892,2416,286,1.0,29,24;25;35;36;38;40;41;42;46;47,24;25;33;34;35;36;38;41;42;46;47,,24;25;33;34;35;36;38;40;41;42;46;47,10,11,0,12,0.7523809523809524,0.6481481481481481,1.0,105,54,15,24;25;35;36;38;40,33;34;41;42;46;47,,6,6,0,79,79,447,155,8,6.0,168.59574713188385,40.56948231259192,56224239.91318728,0.722972972972973,0.8461538461538461
4,0,1726090,2024-08-01,marl_force_bess,39903.72549937899,0.96,1.0,1.0,0.9933333333333334,1.0,1.0,0.9942528735632183,0.9942528735632183,174,1,0,0,0,0,0,0,1,29,1,0,1,0.9942528735632183,0.9942528735632183,22.769840821452526,22.769839001798083,10.319181954986487,17.734288974521878,27.991600000000002,188.54195535889977,57,40,0.005764894426344347,2658,287,1.0,29,40,,,40,1,0,0,1,0.987012987012987,1.0,1.0,77,63,34,40,,,1,0,0,83,83,153,94,4,3.0,90.84861518359904,22.741751003937466,12323675.13907022,0.989247311827957,1.0
4,1,1726091,2024-08-01,marl_force_bess,39903.72549937899,0.96,1.0,1.0,0.96,1.0,1.0,0.9655172413793104,0.9655172413793104,174,6,5,2,2,5,2,2,4,29,1,1,0,0.9540229885057471,0.9540229885057471,32.18179495581265,32.181793125196435,21.763280233911697,10.0,27.991600000000002,160.85198953483516,82,64,0.005859745258931073,2757,287,1.0,29,40,,,40,1,0,0,1,0.922077922077922,1.0,1.0,77,63,34,40,,,1,0,0,73,73,143,79,5,3.0,105.24054002769348,32.15370320646651,11653366.666651841,0.9230769230769231,1.0
4,2,1726092,2024-08-01,marl_force_bess,39903.72549937899,0.96,1.0,1.0,0.9733333333333334,1.0,1.0,0.9770114942528736,0.9770114942528736,174,4,0,0,0,0,0,0,4,29,1,0,1,0.9655172413793104,0.9655172413793104,24.360657237041956,24.360649429518602,15.273993713184586,76.13830478841761,27.991600000000002,141.37800787656644,58,57,0.007261387152539103,3345,288,1.0,29,40,,,40,1,0,0,1,0.948051948051948,1.0,1.0,77,63,34,40,,,1,0,0,83,83,168,120,3,2.0,63.321909785269966,11.477538930743375,0.6700731194208462,0.9666666666666667,1.0
5,0,1727090,2024-08-01,marl_force_bess,39903.72549937899,0.68,0.75,1.0,0.8266666666666667,0.8809523809523808,1.0,0.8505747126436781,0.8505747126436781,174,26,12,5,5,12,5,5,21,29,8,1,7,0.8160919540229885,0.8160919540229885,43.07138285143622,43.07138419973439,32.4237332194211,90.0,27.991600000000002,155.3423363161382,69,74,0.007434982512980539,3531,286,1.0,29,35;36;38;40;41;42;46;47,35;36;38;41;42;46;47,,35;36;38;40;41;42;46;47,8,7,0,8,0.828125,0.8314606741573034,1.0,64,89,21,35;36;40,38;41;42;46;47,,3,5,0,75,75,182,81,5,4.0,152.76254315708354,31.53174135210884,46234289.67347208,0.72,0.9494949494949495
5,1,1727091,2024-08-01,marl_force_bess,39903.72549937899,0.76,0.8214285714285714,1.0,0.86,0.9107142857142857,1.0,0.8793103448275862,0.8793103448275862,174,21,15,13,13,15,13,13,8,29,6,3,3,0.8505747126436781,0.8505747126436781,52.1881921017307,52.18819380354607,35.685870311401956,10.0,27.991600000000002,253.27949063608904,105,41,0.00621605964139841,2780,288,1.0,29,35;36;38;40;41;42,35;36;38;41;42,,35;36;38;40;41;42,6,5,0,6,0.828125,0.8876404494382022,1.0,64,89,21,35;36;40,38;41;42,,3,3,0,69,69,289,105,8,5.0,154.55812603609144,21.93880073517045,1.2722993894047718,0.8,1.0
5,2,1727092,2024-08-01,marl_force_bess,39903.72549937899,0.76,0.8214285714285714,1.0,0.9199999999999998,0.9583333333333331,1.0,0.9310344827586207,0.9310344827586207,174,12,2,0,0,2,0,0,12,29,6,0,6,0.8850574712643678,0.8850574712643678,31.245674034644818,31.24566954031758,17.02657091947399,90.0,27.991600000000002,208.18695543256064,60,34,0.007422882605169434,3552,288,1.0,29,35;36;40;42;46;47,35;36;42;46;47,,35;36;40;42;46;47,6,5,0,6,0.859375,0.9662921348314607,1.0,64,89,21,35;36;40,42;46;47,,3,3,0,82,82,54,39,3,1.0,143.94640738368042,39.17240107527828,1.5246944370308508,0.8974358974358975,0.9407407407407408
6,0,1728090,2024-08-01,marl_force_bess,39903.72549937899,0.48,0.5,1.0,0.6533333333333334,0.6904761904761905,1.0,0.6666666666666666,0.6666666666666666,174,58,30,29,29,30,29,29,29,29,15,7,8,0.6264367816091954,0.6264367816091954,119.49322834234128,119.4932239905171,111.93876304796753,55.13506370965666,27.991600000000002,123.53548366696884,131,116,0.005663257072834919,2610,288,1.0,29,24;25;26;29;30;31;35;36;37;38;40;41;46,24;25;26;28;29;30;31;35;36;37;38;39;41;46,,24;25;26;28;29;30;31;35;36;37;38;39;40;41;46,13,14,0,15,0.7090909090909091,0.5483870967741935,1.0,55,93,26,38;39;40;46,24;25;26;28;29;30;31;35;36;37;38;41;46,,4,13,0,87,87,19,17,2,1.0,58.136016231775365,22.557325733268488,2206089.067068482,0.9333333333333333,0.6415094339622641
6,1,1728091,2024-08-01,marl_force_bess,39903.72549937899,0.48,0.5,1.0,0.6666666666666665,0.7142857142857143,1.0,0.6896551724137931,0.6896551724137931,174,54,23,22,22,23,22,22,32,29,15,6,9,0.6551724137931034,0.6551724137931034,109.467599792042,109.46760277364446,101.2706980039292,39.38782263486479,27.991600000000002,132.8509191608714,131,107,0.006079315986426081,2873,288,1.0,29,25;26;29;30;31;32;35;36;37;38;40;41;46,25;26;28;29;30;31;32;34;35;36;37;38;41;46,,25;26;28;29;30;31;32;34;35;36;37;38;40;41;46,13,14,0,15,0.8,0.5376344086021505,1.0,55,93,26,38;40;46,25;26;28;29;30;31;32;34;35;36;37;38;41;46,,3,14,0,67,67,35,33,2,1.0,21.373233738471384,7.6582499520994505,4815091.8009257065,0.7407407407407407,0.6802721088435374
6,2,1728092,2024-08-01,marl_force_bess,39903.72549937899,0.44,0.4642857142857143,1.0,0.6733333333333335,0.7142857142857143,1.0,0.6896551724137931,0.6896551724137931,174,54,17,15,15,17,15,15,39,29,16,4,12,0.6781609195402298,0.6781609195402298,94.54472030990425,94.5447341546245,86.94227535548897,81.00004592487613,27.991600000000002,124.23145258746513,128,110,0.006772652122890576,3158,288,1.0,29,24;25;26;29;30;31;32;35;36;37;38;40;41;46,24;25;26;28;29;30;31;32;34;35;36;37;38;41;46,,24;25;26;28;29;30;31;32;34;35;36;37;38;40;41;46,14,15,0,16,0.8727272727272727,0.4946236559139785,1.0,55,93,26,40;46,24;25;26;28;29;30;31;32;34;35;36;37;38;41;46,,2,15,0,78,78,56,54,2,1.0,10.21429034769535,1.2045841820744738,1801529.2332357105,0.5416666666666666,0.746031746031746
7,0,1729090,2024-08-01,marl_force_bess,39903.72549937899,0.72,0.7142857142857143,1.0,0.8133333333333335,0.8214285714285714,1.0,0.7931034482758621,0.7931034482758621,174,36,0,0,0,0,0,0,36,29,9,0,9,0.7931034482758621,0.7931034482758621,59.03100407260588,59.03099265043763,52.765787477630354,10.0,27.991600000000002,104.84127500570553,122,122,0.005819902731066882,2766,287,1.0,29,24;25;26;40;42;43;45,24;25;26;33;34;42;43;45,,24;25;26;33;34;40;42;43;45,7,8,0,9,0.72,0.7575757575757576,1.0,100,33,41,24;25;26;40;42;43;45,33;34,,7,2,0,80,80,546,153,10,6.649999999999977,146.5346320990849,39.79955627555584,79310897.27810234,0.7517241379310344,1.0
7,1,1729091,2024-08-01,marl_force_bess,39903.72549937899,0.8,0.8571428571428571,1.0,0.86,0.9107142857142857,1.0,0.8793103448275862,0.8793103448275862,174,21,6,6,6,6,6,6,15,29,5,1,4,0.8448275862068966,0.8448275862068966,54.682627192858995,54.682622350495436,43.79631618662073,10.0,27.991600000000002,171.84723937618315,112,76,0.00553765668761722,2458,288,1.0,29,25;26;40;43;45,25;26;43;45,,25;26;40;43;45,5,4,0,5,0.79,1.0,1.0,100,33,41,25;26;40;43;45,,,5,0,0,84,84,300,133,5,4.0,96.8430809632559,29.382941608937163,29330566.127145045,0.8582677165354331,0.9361702127659575
7,2,1729092,2024-08-01,marl_force_bess,39903.72549937899,0.8,0.8214285714285714,1.0,0.8933333333333333,0.9047619047619048,1.0,0.9080459770114943,0.9080459770114943,174,16,0,0,0,0,0,0,16,29,5,0,5,0.896551724137931,0.896551724137931,43.369540340598974,43.369537528904004,35.47192001723089,10.0,27.991600000000002,128.51125391926004,109,102,0.007140338413591965,3325,288,1.0,29,24;25;26;43;45,24;25;26;43;45,,24;25;26;43;45,5,5,0,5,0.84,1.0,1.0,100,33,41,24;25;26;43;45,,,5,0,0,85,85,233,119,4,3.0,93.65134303203604,39.126268323772095,6630605.338863246,0.9099099099099099,0.9047619047619048
8,0,1730090,2024-08-01,marl_force_bess,39903.72549937899,0.6,0.6071428571428571,1.0,0.7333333333333333,0.75,1.0,0.7241379310344828,0.7241379310344828,174,48,25,19,19,25,19,19,29,29,12,5,7,0.7183908045977011,0.7183908045977011,79.29017495012832,79.2901787100167,71.63183082139457,90.0,27.991600000000002,125.041844385021,105,106,0.007180879149624768,3369,288,1.0,29,20;31;32;38;40;41;42;43;44;47,20;31;32;33;38;39;41;42;43;44;47,,20;31;32;33;38;39;40;41;42;43;44;47,10,11,0,12,0.8857142857142857,0.4594594594594595,1.0,70,74,30,20;40,31;32;33;38;39;41;42;43;44;47,,2,10,0,86,86,176,131,4,2.0,67.96874375343323,12.994382301340059,5253150.0796703575,0.717741935483871,0.74
8,1,1730091,2024-08-01,marl_force_bess,39903.72549937899,0.68,0.7142857142857143,1.0,0.76,0.7857142857142857,1.0,0.7586206896551724,0.7586206896551724,174,42,29,26,26,29,26,26,16,29,9,7,2,0.7586206896551724,0.7586206896551724,84.92062090183127,84.92062657454917,78.66300570910172,90.0,27.991600000000002,104.73130254898847,92,110,0.005570225434591218,2679,287,1.0,29,31;32;38;40;41;42;43;47,31;32;38;39;41;42;43;47,,31;32;38;39;40;41;42;43;47,8,8,0,9,0.9142857142857143,0.5135135135135135,1.0,70,74,30,40,31;32;38;39;41;42;43;47,,1,8,0,71,71,79,65,2,1.0,65.21956092119217,6.601910820791665,2472385.9053338636,0.8305084745762712,0.7217391304347827
8,2,1730092,2024-08-01,marl_force_bess,39903.72549937899,0.72,0.7142857142857143,1.0,0.8133333333333335,0.8273809523809524,1.0,0.7988505747126436,0.7988505747126436,174,35,13,10,10,13,10,10,25,29,9,3,6,0.7586206896551724,0.7586206896551724,61.3727734993244,61.372776831703625,46.70612089430411,83.66202234058966,27.991600000000002,223.06342248351822,88,46,0.006300521386341032,2912,287,1.0,29,31;32;38;40;42;43;47,31;32;33;38;39;42;43;47,,31;32;33;38;39;40;42;43;47,7,8,0,9,0.9142857142857143,0.6081081081081081,1.0,70,74,30,40,31;32;33;38;39;42;43;47,,1,8,0,75,75,102,81,2,2.0,66.44390309902747,16.20807101676588,0.4381534651701366,0.7160493827160493,0.8709677419354839
9,0,1731090,2024-08-01,marl_force_bess,39903.72549937899,0.68,0.6785714285714286,1.0,0.84,0.8690476190476192,1.0,0.8390804597701149,0.8390804597701149,174,28,9,9,9,9,9,9,19,29,10,3,7,0.7988505747126436,0.7988505747126436,64.26798410628034,64.2679939773576,48.471774685203194,10.0,27.991600000000002,230.5479744320449,86,48,0.006260438240133224,2924,288,1.0,29,24;25;26;29;32;36;38;40,24;25;26;29;32;34;36;38;39,,24;25;26;29;32;34;36;38;39;40,8,9,0,10,0.7954545454545454,0.8113207547169812,1.0,88,53,33,24;25;32;36;38;40,26;29;34;39,,6,4,0,65,65,314,96,7,5.0,158.70322363234925,27.06412543638035,1850769.0576997767,0.8210526315789474,0.8607594936708861
9,1,1731091,2024-08-01,marl_force_bess,39903.72549937899,0.8,0.7857142857142857,1.0,0.8866666666666666,0.9166666666666666,1.0,0.8850574712643678,0.8850574712643678,174,20,8,8,8,8,8,8,12,29,7,2,5,0.8620689655172413,0.8620689655172413,56.762730226777066,56.76273432648045,43.47711268724019,10.0,27.991600000000002,196.48615873666597,94,53,0.005982193538026573,2752,288,1.0,29,24;25;32;38;40,24;25;32;34;38;39,,24;25;32;34;38;39;40,5,6,0,7,0.8068181818181818,0.9433962264150944,1.0,88,53,33,24;25;32;38;40,34;39,,5,2,0,84,84,322,146,5,4.0,104.26674860328258,27.555989795066797,6334521.577854168,0.8571428571428571,1.0
9,2,1731092,2024-08-01,marl_force_bess,39903.72549937899,0.76,0.7857142857142857,1.0,0.8866666666666666,0.9226190476190477,1.0,0.8908045977011494,0.8908045977011494,174,19,0,0,0,0,0,0,19,29,7,0,7,0.8620689655172413,0.8620689655172413,47.16331637967592,47.16330001648815,35.49867120152407,10.0,27.991600000000002,172.3782977044002,91,76,0.007006373792440473,3315,288,1.0,29,24;25;32;36;38;40,24;25;32;36;38;39,,24;25;32;36;38;39;40,6,6,0,7,0.8068181818181818,0.9622641509433962,1.0,88,53,33,24;25;32;36;38;40,39,,6,1,0,84,84,229,117,4,3.0,140.90897534785196,34.039068893768594,780413.8752732117,0.8706896551724138,0.9310344827586207
10,0,1732090,2024-08-01,marl_force_bess,39903.72549937899,0.88,0.8928571428571429,1.0,0.9466666666666665,0.9642857142857143,1.0,0.9482758620689655,0.9482758620689655,174,9,6,4,4,6,4,4,5,29,4,2,2,0.9425287356321839,0.9425287356321839,38.543397651321584,38.543396341389624,26.524594785975417,10.0,27.991600000000002,188.268422553506,77,64,0.006792216712104473,3195,287,1.0,29,30;31;40,30;31;34,,30;31;34;40,3,3,0,4,0.967391304347826,0.8723404255319149,1.0,92,47,35,40,30;31;34,,1,3,0,80,80,204,122,3,2.0,67.83848704083107,18.962609254994646,67838487.21210678,0.9478260869565217,0.9491525423728814
10,1,1732091,2024-08-01,marl_force_bess,39903.72549937899,0.84,0.8571428571428571,1.0,0.92,0.9583333333333333,1.0,0.9252873563218391,0.9252873563218391,174,13,6,6,6,6,6,6,7,29,5,1,4,0.9022988505747126,0.9022988505747126,41.593894355598536,41.593890924563354,28.05482484241624,36.78188199130435,27.991600000000002,203.75089793827502,70,42,0.006251457729376853,2941,286,1.0,29,21;30;40;45,21;30;34;45,,21;30;34;40;45,4,4,0,5,0.9130434782608695,0.8936170212765957,1.0,92,47,35,21;40,30;34;45,,2,3,0,76,76,194,93,5,3.0,103.97148740340967,25.35582618137022,30334994.99370046,0.9310344827586207,0.9195402298850575
10,2,1732092,2024-08-01,marl_force_bess,39903.72549937899,0.8,0.8214285714285714,1.0,0.9066666666666666,0.9464285714285713,1.0,0.9137931034482759,0.9137931034482759,174,15,9,8,8,9,8,8,7,29,6,2,4,0.9080459770114943,0.9080459770114943,43.104020392757725,43.10401919792439,29.926294547528883,72.00037142986827,27.991600000000002,200.49633970513892,72,41,0.006848418442435411,3204,288,1.0,29,21;30;31;40;45,21;28;30;31;45,,21;28;30;31;40;45,5,5,0,6,0.9130434782608695,0.851063829787234,1.0,92,47,35,21;40,28;30;31;45,,2,4,0,71,71,62,49,3,1.0,65.1933636561036,21.52837081349042,6531856.493751942,0.9782608695652174,0.890625
11,0,1733090,2024-08-01,marl_force_bess,39903.72549937899,0.8,0.7857142857142857,1.0,0.9133333333333334,0.9345238095238094,1.0,0.9022988505747126,0.9022988505747126,174,17,14,11,11,14,11,11,6,29,7,3,4,0.8793103448275862,0.8793103448275862,54.63341134170006,54.63341674585452,40.424463734292225,81.31832920781068,27.991600000000002,220.02561866765302,76,27,0.006963729295724384,3236,288,1.0,29,31;32;38;40;42,31;32;33;34;38;42,,31;32;33;34;38;40;42,5,6,0,7,0.9146341463414634,0.84375,1.0,82,64,28,38;40,31;32;33;34;42,,2,5,0,84,84,73,70,2,1.0,52.82723287626797,13.208761431329815,49061008.64876185,0.8461538461538461,0.9357798165137615
11,1,1733091,2024-08-01,marl_force_bess,39903.72549937899,0.6,0.6071428571428571,1.0,0.8000000000000002,0.8333333333333333,1.0,0.8045977011494253,0.8045977011494253,174,34,19,19,19,19,19,19,15,29,12,6,6,0.7758620689655172,0.7758620689655172,77.36640648458196,77.36641176815691,67.58004068566106,90.0,27.991600000000002,143.41439233053873,67,71,0.005464647788661144,2510,288,1.0,29,21;31;32;35;40;42;43;44;45;47,21;31;32;33;34;35;42;43;44;45;47,,21;31;32;33;34;35;40;42;43;44;45;47,10,11,0,12,0.8780487804878049,0.625,1.0,82,64,28,21;40;44,31;32;33;34;35;42;43;45;47,,3,9,0,81,81,112,75,3,2.0,39.49616923928261,10.308343836615165,3258070.3681739266,0.7808219178082192,0.8217821782178217
11,2,1733092,2024-08-01,marl_force_bess,39903.72549937899,0.72,0.75,1.0,0.8733333333333334,0.9047619047619049,1.0,0.8735632183908046,0.8735632183908046,174,22,11,8,8,11,8,8,14,29,8,3,5,0.8448275862068966,0.8448275862068966,51.090640353060316,51.09064306609932,41.9535074623985,90.0,27.991600000000002,146.48426625366187,87,86,0.006467026963946407,3058,287,1.0,29,21;31;32;40;42;43;47,21;31;32;33;42;43;47,,21;31;32;33;40;42;43;47,7,7,0,8,0.9146341463414634,0.765625,1.0,82,64,28,21;40,31;32;33;42;43;47,,2,6,0,90,90,139,103,4,2.0,134.57952767067346,22.094157334266043,39269558.68446934,0.9072164948453608,0.8311688311688312
12,0,1734090,2024-08-01,marl_force_bess,39903.72549937899,0.56,0.6071428571428571,1.0,0.7666666666666666,0.7738095238095238,1.0,0.764367816091954,0.764367816091954,174,41,18,8,8,18,8,8,33,29,12,4,8,0.7298850574712644,0.7298850574712644,70.76450944220883,70.76451474770732,56.994703913995956,90.0,27.991600000000002,206.71847292214784,89,63,0.006658730378452065,3132,288,1.0,29,21;26;35;37;38;40;42;43;45;46;47,21;26;35;37;38;39;42;43;45;46;47,,21;26;35;37;38;39;40;42;43;45;46;47,11,11,0,12,0.9420289855072463,0.5432098765432098,1.0,69,81,24,21;40,26;35;37;38;39;42;43;45;46;47,,2,10,0,76,76,106,73,3,2.0,45.18190234104551,5.987340475793485,29471091.82169129,0.8615384615384616,0.7064220183486238
12,1,1734091,2024-08-01,marl_force_bess,39903.72549937899,0.56,0.6071428571428571,1.0,0.7733333333333334,0.7797619047619049,1.0,0.7701149425287356,0.7701149425287356,174,40,19,12,12,19,12,12,28,29,12,5,7,0.764367816091954,0.764367816091954,60.92095407946356,60.92094816010574,51.73846496883507,90.0,27.991600000000002,140.20222210675806,94,88,0.007494573179428695,3483,288,1.0,29,21;26;35;38;40;41;42;43;45;46;47,21;26;35;38;39;41;42;43;45;46;47,,21;26;35;38;39;40;41;42;43;45;46;47,11,11,0,12,0.927536231884058,0.5679012345679012,1.0,69,81,24,21;40;41,26;35;38;39;42;43;45;46;47,,3,9,0,88,88,205,122,5,3.0,108.53650873389203,20.15025003618312,18941045.403618358,0.7478991596638656,0.8181818181818182
12,2,1734092,2024-08-01,marl_force_bess,39903.72549937899,0.6,0.6428571428571429,1.0,0.78,0.7976190476190477,1.0,0.7873563218390804,0.7873563218390804,174,37,20,15,15,20,15,15,22,29,11,6,5,0.764367816091954,0.764367816091954,55.38118588239297,55.38120091098479,42.22246805368185,90.0,27.991600000000002,199.00130401793294,88,47,0.006092530815900924,2846,288,1.0,29,26;35;38;40;41;42;43;45;46;47,26;35;38;39;41;42;43;45;46;47,,26;35;38;39;40;41;42;43;45;46;47,10,10,0,11,0.9420289855072463,0.5925925925925926,1.0,69,81,24,40;41,26;35;38;39;42;43;45;46;47,,2,9,0,80,80,43,41,2,1.0,111.77221080362798,20.873037034931592,0.52425169101712,0.926829268292683,0.7443609022556391
13,0,1735090,2024-08-01,marl_force_bess,39903.72549937899,0.68,0.6785714285714286,1.0,0.78,0.7857142857142856,1.0,0.7586206896551724,0.7586206896551724,174,42,7,6,13,7,6,13,29,29,10,3,7,0.7183908045977011,0.7183908045977011,81.83019373437455,81.83018638998612,72.34631808077043,10.0,27.991600000000002,151.51189048362747,129,96,0.004488398324610897,2093,287,1.0,29,25;26;32;35;36;40;45;46,25;26;32;33;34;35;36;45;46,,25;26;32;33;34;35;36;40;45;46,8,9,0,10,0.7461538461538462,0.5263157894736842,1.0,130,19,25,25;26;32;35;36;40;45;46,33;34,,8,2,0,73,73,417,138,8,6.0,167.1912020053351,42.53278097630957,17018852.476286482,0.7,0.9318181818181818
13,1,1735091,2024-08-01,marl_force_bess,39903.72549937899,0.64,0.6428571428571429,0.8333333333333334,0.7666666666666666,0.7738095238095238,0.9666666666666667,0.7471264367816092,0.7471264367816092,174,44,11,6,17,11,6,17,27,29,11,3,8,0.7298850574712644,0.7298850574712644,96.93788751069157,96.93787966754245,88.19816336006961,10.0,27.991600000000002,140.72168645835617,137,116,0.0057688707456691165,2733,288,1.0,29,23;25;26;32;35;36;40;45;46,23;25;26;32;33;34;35;36;45;46,46,23;25;26;32;33;34;35;36;40;45;46,9,10,1,11,0.7384615384615385,0.5263157894736842,0.96,130,19,25,23;25;26;32;35;36;40;45;46,33;34,46,9,2,1,74,74,409,141,9,6.0,334.90201181643204,53.26111433604173,19525102.318945646,0.6791044776119403,0.975
13,2,1735092,2024-08-01,marl_force_bess,39903.72549937899,0.6,0.6071428571428571,1.0,0.7733333333333334,0.7916666666666666,1.0,0.764367816091954,0.764367816091954,174,41,6,0,11,6,0,11,30,29,12,2,10,0.7241379310344828,0.7241379310344828,93.19285151704975,93.19285566608112,85.0169108913117,10.0,27.991600000000002,132.54699923415652,125,103,0.005124135191484434,2363,287,1.0,29,24;25;26;32;35;36;40;41;45;46,24;25;26;32;33;35;36;39;41;45;46,,24;25;26;32;33;35;36;39;40;41;45;46,10,11,0,12,0.7307692307692307,0.6842105263157895,1.0,130,19,25,24;25;26;32;35;36;39;40;41;45;46,33,,11,1,0,83,83,445,141,10,6.0,288.8438844379896,54.77482910465122,19867772.63984108,0.6917293233082706,1.0
14,0,1736090,2024-08-01,marl_force_bess,39903.72549937899,0.88,0.9285714285714286,1.0,0.9266666666666667,0.9702380952380952,1.0,0.9367816091954023,0.9367816091954023,174,11,6,6,6,6,6,6,5,29,3,1,2,0.9367816091954023,0.9367816091954023,37.89242465605681,37.89242590569902,28.970690334316892,10.0,27.991600000000002,138.14303573339538,78,77,0.005966077200961687,2877,288,1.0,29,23;24;40,23;24,,23;24;40,3,2,0,3,0.8942307692307693,1.0,1.0,104,36,34,23;24;40,,,3,0,0,70,70,125,89,3,2.0,71.03604394891818,24.33813976034477,5763542.323501539,0.9418604651162791,0.9318181818181818
14,1,1736091,2024-08-01,marl_force_bess,39903.72549937899,0.96,1.0,1.0,0.96,1.0,1.0,0.9655172413793104,0.9655172413793104,174,6,6,3,3,6,3,3,3,29,1,1,0,0.9597701149425287,0.9597701149425287,37.796621092434584,37.79661536764824,26.726131575012648,10.0,27.991600000000002,165.60072500148667,97,77,0.0068178526780684505,3249,288,1.0,29,40,,,40,1,0,0,1,0.9423076923076923,1.0,1.0,104,36,34,40,,,1,0,0,76,76,238,93,6,4.0,82.02839206817085,34.91522853746595,1690203.587880392,0.9347826086956522,1.0
14,2,1736092,2024-08-01,marl_force_bess,39903.72549937899,0.92,0.9642857142857143,1.0,0.94,0.9821428571428571,1.0,0.9482758620689655,0.9482758620689655,174,9,6,6,6,6,6,6,3,29,2,1,1,0.9482758620689655,0.9482758620689655,41.78778229636708,41.78777933668816,31.81095792567751,10.0,27.991600000000002,158.65971045965432,102,101,0.0065488481462428645,3062,288,1.0,29,23;40,23,,23;40,2,1,0,2,0.9134615384615384,1.0,1.0,104,36,34,23;40,,,2,0,0,82,82,402,145,5,4.649999999999977,108.42523451883629,30.025908962993583,4837182.65324207,0.9347826086956522,1.0
15,0,1737090,2024-08-01,marl_force_bess,39903.72549937899,0.6,0.6785714285714286,1.0,0.78,0.8392857142857144,1.0,0.8103448275862069,0.8103448275862069,174,33,18,16,16,18,16,16,17,29,10,4,6,0.7758620689655172,0.7758620689655172,67.20733429303114,67.20732699248983,52.67453646030698,43.85255896098228,27.991600000000002,211.8347240305231,85,53,0.005565865181173044,2673,288,1.0,29,22;23;32;38;40;41;42;45;46;47,22;23;32;38;41;42;45;46;47,,22;23;32;38;40;41;42;45;46;47,10,9,0,10,0.9146341463414634,0.5806451612903226,1.0,82,62,30,40;45,22;23;32;38;41;42;46;47,,2,8,0,76,76,77,71,2,1.0,20.588888285556504,7.880757309633603,498178.6700022926,0.7428571428571429,0.8557692307692307
15,1,1737091,2024-08-01,marl_force_bess,39903.72549937899,0.76,0.8214285714285714,1.0,0.8933333333333333,0.9404761904761905,1.0,0.9080459770114943,0.9080459770114943,174,16,8,4,4,8,4,4,12,29,6,2,4,0.8620689655172413,0.8620689655172413,36.38318770438775,36.383169354378495,25.138560573772658,10.0,27.991600000000002,177.04262731878453,75,60,0.007096631403934833,3452,288,1.0,29,22;23;40;41;42;47,22;23;41;42;47,,22;23;40;41;42;47,6,5,0,6,0.926829268292683,0.8387096774193549,1.0,82,62,30,40,22;23;41;42;47,,1,5,0,75,75,134,100,2,2.0,48.89501472264535,17.90432250016765,11961010.128655983,0.8709677419354839,0.9506172839506173
15,2,1737092,2024-08-01,marl_force_bess,39903.72549937899,0.68,0.75,1.0,0.8266666666666667,0.8809523809523812,1.0,0.8505747126436781,0.8505747126436781,174,26,11,10,10,11,10,10,16,29,8,3,5,0.8103448275862069,0.8103448275862069,52.071969924987044,52.07197469335863,40.56276646819352,32.34478768766652,27.991600000000002,180.87931926489384,89,74,0.007075978353289734,3218,288,1.0,29,22;23;38;40;41;42;46;47,22;23;38;41;42;46;47,,22;23;38;40;41;42;46;47,8,7,0,8,0.926829268292683,0.6774193548387096,1.0,82,62,30,40,22;23;38;41;42;46;47,,1,7,0,86,86,171,103,4,2.0,82.9032923520042,14.52793374843932,5878544.950426041,0.81,0.9054054054054054
16,0,1738090,2024-08-01,marl_force_bess,39903.72549937899,0.84,0.8571428571428571,1.0,0.9066666666666666,0.9404761904761906,1.0,0.9080459770114943,0.9080459770114943,174,16,6,5,5,6,5,5,11,29,5,1,4,0.9080459770114943,0.9080459770114943,43.138774888268834,43.13878428250894,27.570620036670082,72.07227441488297,27.991600000000002,232.4124838001067,77,41,0.006367705250643969,2985,287,1.0,29,30;31;32;40,30;31;32;39,,30;31;32;39;40,4,4,0,5,0.8444444444444444,0.9672131147540983,1.0,90,61,23,30;31;32;40,39,,4,1,0,67,67,264,125,4,3.0,97.49620682001114,15.541230282492313,1930775.9274115907,0.8709677419354839,1.0
16,1,1738091,2024-08-01,marl_force_bess,39903.72549937899,0.8,0.8571428571428571,1.0,0.9133333333333334,0.9285714285714286,1.0,0.9252873563218391,0.9252873563218391,174,13,1,0,0,1,0,0,13,29,5,0,5,0.9137931034482759,0.9137931034482759,29.819324926398266,29.819320996602375,17.457236818031333,14.417959157191214,27.991600000000002,192.1340575493767,56,42,0.006564808046581067,3066,287,1.0,29,23;30;31;32;40,23;30;31;32,,23;30;31;32;40,5,4,0,5,0.8555555555555555,1.0,1.0,90,61,23,23;30;31;32;40,,,5,0,0,81,81,172,124,3,2.0,78.05212558051117,17.86513823177234,7544657.453855934,0.940677966101695,0.8928571428571429
16,2,1738092,2024-08-01,marl_force_bess,39903.72549937899,0.76,0.75,1.0,0.9133333333333334,0.9166666666666667,1.0,0.8850574712643678,0.8850574712643678,174,20,6,6,6,6,6,6,14,29,8,1,7,0.8275862068965517,0.8275862068965517,48.96603767351172,48.96604292420135,36.79292207968885,90.0,27.991600000000002,182.5095262694081,72,64,0.006485254253978683,2979,288,1.0,29,31;32;36;40;41;46,31;32;34;36;39;41;46,,31;32;34;36;39;40;41;46,6,7,0,8,0.8777777777777778,0.8524590163934426,1.0,90,61,23,31;32;36;40,34;39;41;46,,4,4,0,87,87,325,138,6,4.0,164.04675110158712,34.72593976792018,9071804.048546325,0.8529411764705882,1.0
17,0,1739090,2024-08-01,marl_force_bess,39903.72549937899,0.64,0.7142857142857143,1.0,0.7666666666666667,0.8273809523809524,1.0,0.7988505747126436,0.7988505747126436,174,35,17,12,12,17,12,12,23,29,9,4,5,0.764367816091954,0.764367816091954,60.39987175766079,60.39987547644253,47.373804186041546,90.0,27.991600000000002,201.28062450575158,89,45,0.005845925804654449,2657,282,1.0,29,19;25;26;38;40;41;42;43;47,19;25;26;38;41;42;43;47,,19;25;26;38;40;41;42;43;47,9,8,0,9,0.8,0.7380952380952381,1.0,65,84,25,25;26;40,19;38;41;42;43;47,,3,6,0,70,70,72,51,3,1.6499999999999773,56.921894338029716,11.158918419178262,23426473.013598196,0.5625,0.8888888888888888
17,1,1739091,2024-08-01,marl_force_bess,39903.72549937899,0.64,0.7142857142857143,1.0,0.7266666666666667,0.7916666666666667,1.0,0.764367816091954,0.764367816091954,174,41,17,9,9,17,9,9,32,29,9,4,5,0.764367816091954,0.764367816091954,63.53901158804181,63.53901711277578,50.5745500281232,90.0,27.991600000000002,196.10050278250392,78,57,0.006193281136802399,2932,286,1.0,29,25;26;38;40;41;42;43;44;47,25;26;38;41;42;43;44;47,,25;26;38;40;41;42;43;44;47,9,8,0,9,0.8,0.6666666666666666,1.0,65,84,25,25;26;40,38;41;42;43;44;47,,3,6,0,76,76,185,102,4,3.0,60.318775680066324,18.699664146599584,16794566.703521665,0.75,0.7837837837837838
17,2,1739092,2024-08-01,marl_force_bess,39903.72549937899,0.6,0.6785714285714286,1.0,0.8133333333333332,0.8452380952380952,1.0,0.8390804597701149,0.8390804597701149,174,28,10,3,3,10,3,3,25,29,10,1,9,0.7988505747126436,0.7988505747126436,53.36721543059952,53.36723762271048,43.006406418201756,90.0,27.991600000000002,164.22785246537634,95,86,0.006269941339269281,2885,282,1.0,29,19;25;26;38;40;41;42;43;44;47,19;25;26;38;41;42;43;44;47,,19;25;26;38;40;41;42;43;44;47,10,9,0,10,0.8615384615384616,0.7738095238095238,1.0,65,84,25,25;26;40,19;38;41;42;43;44;47,,3,7,0,74,74,80,62,3,2.0,47.34805226614909,8.971374778524646,1813665.8135026086,0.8032786885245902,0.8584070796460177
18,0,1740090,2024-08-01,marl_force_bess,39903.72549937899,0.72,0.7857142857142857,0.8333333333333334,0.86,0.892857142857143,0.9666666666666667,0.8793103448275862,0.8793103448275862,174,21,3,0,0,3,0,0,21,29,7,0,7,0.8333333333333334,0.8333333333333334,53.30636131900481,53.30635855663782,42.545308315419526,10.0,27.991600000000002,170.03102849766492,100,80,0.006577603337063924,3018,288,1.0,29,32;35;36;40;44;45;46,32;35;36;44;45;46,46,32;35;36;40;44;45;46,7,6,1,7,0.7816091954022989,0.9838709677419355,0.96,87,62,25,32;35;36;40;44;45,46,46,6,1,1,75,75,341,94,7,5.0,219.07888309775154,45.47529218270481,2068432.517729133,0.7849462365591398,0.9876543209876543
18,1,1740091,2024-08-01,marl_force_bess,39903.72549937899,0.8,0.8571428571428571,1.0,0.86,0.9107142857142857,1.0,0.8793103448275862,0.8793103448275862,174,21,6,6,6,6,6,6,15,29,5,1,4,0.8505747126436781,0.8505747126436781,63.301856073839915,63.30184777577718,53.09506292991432,10.0,27.991600000000002,161.99418026501132,109,70,0.006037958036661924,2970,287,1.0,29,32;35;36;40;43,32;35;36;43,,32;35;36;40;43,5,4,0,5,0.7586206896551724,1.0,1.0,87,62,25,32;35;36;40;43,,,5,0,0,82,82,296,107,9,5.0,228.8000532759325,48.9877507969173,32691471.31352177,0.78125,1.0
18,2,1740092,2024-08-01,marl_force_bess,39903.72549937899,0.84,0.8928571428571429,1.0,0.8733333333333333,0.9226190476190477,1.0,0.8908045977011494,0.8908045977011494,174,19,1,0,0,1,0,0,19,29,4,0,4,0.8620689655172413,0.8620689655172413,53.59487524799917,53.59486694993644,42.47236163379524,10.0,27.991600000000002,175.27212708404736,87,79,0.0062770282941831575,2929,288,1.0,29,32;35;36;40,32;35;36,,32;35;36;40,4,3,0,4,0.7816091954022989,1.0,1.0,87,62,25,32;35;36;40,,,4,0,0,88,88,231,106,7,4.0,253.7293105324113,31.811921442960745,3041176.4579307656,0.8380952380952381,0.9710144927536232
19,0,1741090,2024-08-01,marl_force_bess,39903.72549937899,0.44,0.4642857142857143,1.0,0.6333333333333333,0.6369047619047619,1.0,0.6149425287356322,0.6149425287356322,174,67,11,6,12,11,6,12,55,29,16,3,13,0.603448275862069,0.603448275862069,111.59104417384356,111.59103036200864,105.61150610897232,52.116666666666674,27.991600000000002,100.6989016690267,137,123,0.005508018684243624,2541,288,1.0,29,20;21;23;24;25;26;31;32;35;36;40;42;46;47,20;21;23;24;25;26;31;32;33;34;35;36;42;46;47,,20;21;23;24;25;26;31;32;33;34;35;36;40;42;46;47,14,15,0,16,0.5596330275229358,0.5476190476190477,1.0,109,42,23,20;21;23;24;25;26;31;32;35;36;40;42,33;34;46;47,,12,4,0,84,84,610,161,11,8.0,296.99978849557334,52.94262000267114,8628477.073638944,0.5987261146496815,0.7647058823529411
19,1,1741091,2024-08-01,marl_force_bess,39903.72549937899,0.52,0.4642857142857143,0.8333333333333334,0.7066666666666666,0.6488095238095237,0.9583333333333334,0.6609195402298851,0.6609195402298851,174,59,9,3,9,9,3,9,50,29,15,3,12,0.6494252873563219,0.6494252873563219,109.7034559249878,109.70342702975218,105.73448416136955,29.14106061925767,27.991600000000002,71.5454715915483,135,141,0.006125701055376949,2880,288,1.0,29,20;23;24;25;26;31;32;35;36;37;42;47,20;23;24;25;26;31;32;33;34;35;36;37;39;42;47,23,20;23;24;25;26;31;32;33;34;35;36;37;39;42;47,12,15,1,15,0.5963302752293578,0.6666666666666666,0.9565217391304348,109,42,23,20;23;24;25;26;31;32;35;36;39;42,33;34;37;47,23,11,4,1,80,80,717,160,14,9.649999999999977,336.039464327242,74.73650395973198,31148220.634664506,0.6168831168831169,1.0
19,2,1741092,2024-08-01,marl_force_bess,39903.72549937899,0.44,0.5,0.8333333333333334,0.58,0.6428571428571429,0.875,0.6206896551724138,0.6206896551724138,174,66,14,12,13,14,12,13,53,29,15,3,12,0.603448275862069,0.603448275862069,107.15240148566235,107.15239117063325,100.20107480644245,90.0,27.991600000000002,114.78988728076664,124,116,0.005286871478650329,2552,288,1.0,29,20;21;23;24;25;26;31;32;35;36;40;44;46;47,20;21;23;24;25;26;31;32;33;35;36;44;46;47,23,20;21;23;24;25;26;31;32;33;35;36;40;44;46;47,14,14,1,15,0.5504587155963303,0.6666666666666666,0.8695652173913043,109,42,23,20;21;23;24;25;26;31;32;35;36;40,33;44;46;47,23,11,4,1,86,86,523,141,9,7.0,280.03383740078664,46.65857123344651,19045939.955517977,0.6194029850746269,0.625
20,0,1742090,2024-08-01,marl_force_bess,39903.72549937899,0.84,0.8571428571428571,1.0,0.88,0.8988095238095237,1.0,0.867816091954023,0.867816091954023,174,23,7,6,6,7,6,6,17,29,5,1,4,0.8563218390804598,0.8563218390804598,48.09627645865254,48.096274474571494,37.13341065751651,35.02515238650142,27.991600000000002,172.95732534729723,88,58,0.006082162464736033,2860,288,1.0,29,37;38;40;41,37;38;39;41,,37;38;39;40;41,4,4,0,5,0.8867924528301887,0.8045977011494253,1.0,53,87,34,40,37;38;39;41,,1,4,0,79,79,100,86,2,1.0,47.0157205122812,15.538476587750978,28992123.221124426,0.9,0.8404255319148937
20,1,1742091,2024-08-01,marl_force_bess,39903.72549937899,0.92,0.9642857142857143,1.0,0.9333333333333335,0.9761904761904763,1.0,0.9425287356321839,0.9425287356321839,174,10,6,5,5,6,5,5,5,29,2,1,1,0.9425287356321839,0.9425287356321839,33.7644481056038,33.76444673538208,20.675728072798,10.0,27.991600000000002,198.9955984747264,73,39,0.006418856552045327,2999,288,1.0,29,38;40,38,,38;40,2,1,0,2,0.8867924528301887,0.9540229885057471,1.0,53,87,34,40,38,,1,1,0,85,85,55,51,2,1.0,56.90102203376591,12.959499515588954,56901022.17742718,0.9545454545454546,0.9384615384615385
20,2,1742092,2024-08-01,marl_force_bess,39903.72549937899,0.8,0.8214285714285714,1.0,0.8733333333333334,0.8928571428571427,1.0,0.8620689655172413,0.8620689655172413,174,24,7,7,7,7,7,7,17,29,6,2,4,0.8620689655172413,0.8620689655172413,54.55894081071875,54.5589354887776,43.972958128879625,75.02844948760146,27.991600000000002,167.49247171852048,81,77,0.005603895734869485,2616,243,1.0,29,38;40;41;42;46,38;39;41;42;46,,38;39;40;41;42;46,5,5,0,6,0.8679245283018868,0.8045977011494253,1.0,53,87,34,40;46,38;39;41;42,,2,4,0,86,86,306,96,7,5.0,107.43132651295949,21.17729463169505,3620611.5575649324,0.7303370786516854,1.0
21,0,1743090,2024-08-01,marl_force_bess,39903.72549937899,0.92,0.9642857142857143,1.0,0.9533333333333335,0.9940476190476192,1.0,0.9597701149425287,0.9597701149425287,174,7,3,3,3,3,3,3,4,29,2,1,1,0.9195402298850575,0.9195402298850575,37.991828947402965,37.99181969018503,27.001887110998986,12.740349309851462,27.991600000000002,168.83901069880622,89,73,0.005526932259575308,2667,287,1.0,29,30;40,30,,30;40,2,1,0,2,0.9459459459459459,0.9696969696969697,1.0,111,33,30,40,30,,1,1,0,73,73,253,155,5,3.0,104.85706522531036,24.647244333443243,6381247.208732331,0.9530201342281879,1.0
21,1,1743091,2024-08-01,marl_force_bess,39903.72549937899,0.88,0.9285714285714286,1.0,0.96,0.9821428571428571,1.0,0.9655172413793104,0.9655172413793104,174,6,2,0,0,2,0,0,6,29,3,0,3,0.9252873563218391,0.9252873563218391,33.3264510756594,33.32644834069685,21.978100552611576,10.0,27.991600000000002,178.54684292723636,80,71,0.005876052019630153,2712,287,1.0,29,22;30;40,22;30,,22;30;40,3,2,0,3,0.954954954954955,0.9696969696969697,1.0,111,33,30,22;40,30,,2,1,0,83,83,205,124,4,2.6499999999999773,97.30375745495508,26.58782061805587,10168555.451021232,0.9590163934426229,0.9807692307692307
21,2,1743092,2024-08-01,marl_force_bess,39903.72549937899,0.88,0.9285714285714286,1.0,0.9533333333333335,0.9761904761904763,1.0,0.9597701149425287,0.9597701149425287,174,7,0,0,0,0,0,0,7,29,3,0,3,0.9425287356321839,0.9425287356321839,30.401788372931808,30.401772966158802,21.877533250962856,10.0,27.991600000000002,137.5972758703412,85,87,0.0066228009551802325,3143,288,1.0,29,22;30;40,22;30,,22;30;40,3,2,0,3,0.9459459459459459,0.9696969696969697,1.0,111,33,30,22;40,30,,2,1,0,77,77,194,118,4,2.0,79.03481163831273,16.443378207935222,16588147.249975642,0.9433962264150944,0.9852941176470589
22,0,1744090,2024-08-01,marl_force_bess,39903.72549937899,0.64,0.7142857142857143,0.7142857142857143,0.8133333333333335,0.8392857142857144,0.8095238095238095,0.8390804597701149,0.8390804597701149,174,28,0,0,0,0,0,0,28,29,9,0,9,0.8390804597701149,0.8390804597701149,57.25336737194281,57.253375805657484,49.46628733276341,10.0,27.991600000000002,115.91742729836056,108,100,0.006999496870169728,3255,287,1.0,29,36;38;40;41;42;44;45;46;47,36;38;41;42;44;45;46;47,46;47,36;38;40;41;42;44;45;46;47,9,8,2,9,0.8484848484848485,0.8235294117647058,0.8292682926829268,99,34,41,36;38;40;41;42;44;45,45;46,46;47,7,2,2,93,93,441,166,8,6.0,145.90638630610155,42.0823377521228,13649928.008210009,0.8145695364238411,1.0
22,1,1744091,2024-08-01,marl_force_bess,39903.72549937899,0.76,0.8214285714285714,1.0,0.9,0.9226190476190476,1.0,0.9137931034482759,0.9137931034482759,174,15,1,0,0,1,0,0,15,29,6,0,6,0.9080459770114943,0.9080459770114943,49.66881122260258,49.668812455802126,40.05003689165271,10.0,27.991600000000002,148.98185658005926,107,101,0.005340120826682928,2478,288,1.0,29,38;40;41;42;44;45,38;41;42;44;45,,38;40;41;42;44;45,6,5,0,6,0.8686868686868687,0.9411764705882353,1.0,99,34,41,38;40;41;42;44;45,45,,6,1,0,81,81,229,107,6,3.0,221.78960611621153,40.745404659735954,4337013.094130212,0.8571428571428571,1.0
22,2,1744092,2024-08-01,marl_force_bess,39903.72549937899,0.72,0.7857142857142857,0.8571428571428571,0.9,0.9166666666666666,0.9285714285714286,0.9137931034482759,0.9137931034482759,174,15,0,0,0,0,0,0,15,29,7,0,7,0.9137931034482759,0.9137931034482759,41.69975227049027,41.69974008647875,32.40593237658474,10.0,27.991600000000002,147.48925615994912,106,84,0.00497341096464273,2241,282,1.0,29,36;40;41;42;44;45;47,36;41;42;44;45;47,47,36;40;41;42;44;45;47,7,6,1,7,0.8787878787878788,1.0,0.926829268292683,99,34,41,36;40;41;42;44;45,,47,6,0,1,76,76,320,140,6,4.0,124.19459998697035,30.595165869844227,1.3154813597027193,0.9,0.9705882352941176
23,0,1745090,2024-08-01,marl_force_bess,39903.72549937899,0.76,0.8214285714285714,1.0,0.8466666666666667,0.8988095238095238,1.0,0.867816091954023,0.867816091954023,174,23,6,6,6,6,6,6,17,29,6,1,5,0.8620689655172413,0.8620689655172413,48.680174569974,48.68016862321174,32.77022006184963,90.0,27.991600000000002,244.69005413975023,102,50,0.00576013214958948,2677,287,1.0,29,25;26;40;44;46;47,25;26;44;46;47,,25;26;40;44;46;47,6,5,0,6,0.8441558441558441,0.835820895522388,1.0,77,67,30,25;26;40,44;46;47,,3,3,0,73,73,275,142,4,3.0,79.6714746536091,16.133983140342064,65379424.8880983,0.8955223880597015,0.775
23,1,1745091,2024-08-01,marl_force_bess,39903.72549937899,0.76,0.8214285714285714,1.0,0.86,0.9107142857142857,1.0,0.8793103448275862,0.8793103448275862,174,21,6,5,5,6,5,5,16,29,6,1,5,0.8735632183908046,0.8735632183908046,50.76321697783196,50.76322514983429,42.92075207886123,16.335247894925118,27.991600000000002,127.71165952910937,106,97,0.006332054866409936,2965,288,1.0,29,24;25;26;29;31;40,24;25;26;29;31,,24;25;26;29;31;40,6,5,0,6,0.8051948051948052,0.9104477611940298,1.0,77,67,30,24;25;26;40,29;31,,4,2,0,82,82,202,128,3,3.0,56.85661201632179,14.217548835496256,26143491.55768135,0.8264462809917356,1.0
23,2,1745092,2024-08-01,marl_force_bess,39903.72549937899,0.64,0.6785714285714286,1.0,0.7933333333333333,0.8452380952380952,1.0,0.8160919540229885,0.8160919540229885,174,32,6,6,6,6,6,6,26,29,10,1,9,0.7931034482758621,0.7931034482758621,53.19521504435046,53.195214403086695,41.16220448621526,90.0,27.991600000000002,188.47444379463576,89,59,0.005882089625326141,2840,285,1.0,29,23;24;25;26;40;41;44;46;47,23;24;25;26;39;41;44;46;47,,23;24;25;26;39;40;41;44;46;47,9,9,0,10,0.8051948051948052,0.746268656716418,1.0,77,67,30,23;24;25;26;40,39;41;44;46;47,,5,5,0,72,72,65,53,2,1.0,50.72176349959713,11.045428914409651,2138274.5931202327,0.717391304347826,0.8515625
