scenario,seed,realized_seed,service_date,evaluation_pipeline,offered_capacity_kw_block,up_pass_rate,down_pass_rate,idle_pass_rate,up_stay_mean,down_stay_mean,idle_stay_mean,global_tracking_rate,market_tracking_rate,assessed_steps,missed_steps,unreachable_sustained,unreachable_step,unreachable_obligated,missed_unreachable_sustained,missed_unreachable_step,missed_unreachable_obligated,missed_though_reachable,controller_pre_system_tracking_rate,central_tracking_rate,controller_pre_system_mae_kw,pre_bess_mae_kw,post_bess_mae_kw,bess_final_soc_pct,bess_max_abs_power_kw,bess_throughput_kwh,bess_power_limit_hits,bess_energy_limit_hits,central_absolute_correction_kwh,central_corrected_ev_steps,central_correction_active_steps,soc_hit_rate,participating_blocks,failed_up_blocks,failed_down_blocks,failed_idle_blocks,failed_tracking_blocks,failed_up_block_count,failed_down_block_count,failed_idle_block_count,failed_tracking_block_count,up_step_pass_rate,down_step_pass_rate,idle_step_pass_rate,up_active_step_count,down_active_step_count,idle_active_step_count,up_step_failed_blocks,down_step_failed_blocks,idle_step_failed_blocks,up_step_failed_block_count,down_step_failed_block_count,idle_step_failed_block_count,departing_evs,departing_evs_soc_met,forced_ev_step_overrides,forced_active_steps,forced_concurrent_max,forced_concurrent_p95,forced_kw_max,forced_kw_mean_active,forced_kw_to_band_max,forced_step_tracking_rate,unforced_step_tracking_rate
0,0,1422090,2024-04-01,marl_force_bess,56139.28012839689,0.9090909090909091,0.9142857142857143,1.0,0.9545454545454546,0.9571428571428572,1.0,0.9571428571428572,0.9571428571428572,210,9,2,2,2,2,2,2,7,0.9238095238095239,0.9238095238095239,38.080458830651786,38.0804749250412,30.62007089091833,10.0,27.991600000000002,142.2914143460058,112,120,0.006952550699376541,3337,288,1.0,35,18;19;20,18;19;20,,18;19;20,3,3,0,3,1.0,0.8953488372093024,1.0,39,86,85,,18;19;20,,0,3,0,78,78,85,61,3,1.6499999999999773,77.20716222879855,14.919644784165358,28614945.781951144,1.0,0.9516129032258065
1,0,1423090,2024-04-01,marl_force_bess,56139.28012839689,0.7575757575757576,0.7714285714285715,1.0,0.888888888888889,0.8952380952380952,1.0,0.8952380952380953,0.8952380952380953,210,22,2,1,4,2,1,4,18,0.8380952380952381,0.8380952380952381,56.065075034186954,56.065074262164885,46.92049380259662,11.699077813147003,27.991600000000002,160.36471114476203,143,116,0.006791186854873861,3161,288,1.0,35,19;20;35;37;38;44;45;46,19;20;35;37;38;44;45;46,,19;20;35;37;38;44;45;46,8,8,0,8,0.9191919191919192,0.7941176470588235,1.0,99,68,43,19;38;45,20;35;37;44;45;46,,3,6,0,91,91,320,147,7,4.0,220.14767778116487,21.779922518459514,713324.1313824217,0.8828125,0.9146341463414634
2,0,1424090,2024-04-01,marl_force_bess,56139.28012839689,0.7878787878787878,0.8,0.8,0.888888888888889,0.8952380952380953,0.8444444444444444,0.8952380952380953,0.8952380952380953,210,22,6,5,5,6,5,5,17,0.861904761904762,0.861904761904762,66.3562817346482,66.35627523149763,60.41218841367245,10.0,27.991600000000002,118.43040486704936,158,144,0.006644183574583923,3072,288,1.0,35,17;18;30;31;45;46;47,17;18;30;31;45;46;47,45;46;47,17;18;30;31;45;46;47,7,7,3,7,0.9583333333333334,0.918918918918919,0.8409090909090909,48,74,88,30;31,17;18,45;46;47,2,2,3,77,77,247,104,5,4.0,128.4855601355207,31.979628640447366,6717930.517170476,0.8446601941747572,0.9439252336448598
3,0,1425090,2024-04-01,marl_force_bess,56139.28012839689,0.696969696969697,0.6857142857142857,1.0,0.8131313131313131,0.8142857142857144,1.0,0.8142857142857143,0.8142857142857143,210,39,23,18,19,22,18,19,20,0.7761904761904762,0.7761904761904762,77.95443987165179,77.95444146792094,68.96688491563367,10.0,27.991600000000002,166.00320112586562,156,120,0.005772304969165516,2649,286,1.0,35,16;17;18;24;29;31;38;45;46;47,0;16;17;18;24;29;31;38;45;46;47,,0;16;17;18;24;29;31;38;45;46;47,10,11,0,11,0.6666666666666666,0.7738095238095238,1.0,60,84,66,18;24;29;38;46;47,0;16;17;18;31;45;46,,6,7,0,81,81,287,126,5,3.0,167.43928101060737,36.776918112376386,44919847.7925499,0.8608695652173913,0.7578947368421053
4,0,1426090,2024-04-01,marl_force_bess,56139.28012839689,0.7878787878787878,0.7714285714285715,1.0,0.904040404040404,0.9047619047619048,1.0,0.9047619047619048,0.9047619047619048,210,20,3,0,0,3,0,0,20,0.8714285714285714,0.8714285714285714,59.0439904099419,59.04399538721357,52.50968632400558,12.29188037716901,27.991600000000002,124.06450256877656,140,131,0.007341820843672999,3428,288,1.0,35,18;23;29;32;39;41;43,1;18;23;29;32;39;41;43,,1;18;23;29;32;39;41;43,7,8,0,8,0.7777777777777778,0.9101123595505618,1.0,54,89,67,18;23;29;32;43,1;39;41,,5,3,0,71,71,116,51,6,3.0,141.43758271376703,40.69552717778534,5956374.932741355,0.8974358974358975,0.9064327485380117
5,0,1427090,2024-04-01,marl_force_bess,56139.28012839689,0.7878787878787878,0.7428571428571429,0.9375,0.9242424242424242,0.8952380952380953,0.9791666666666666,0.8952380952380953,0.8952380952380953,210,22,12,11,11,12,11,11,11,0.8714285714285714,0.8714285714285714,66.83558010600862,66.83557600293841,59.09978363510238,10.0,27.991600000000002,150.8841780714793,156,132,0.006817902708159336,3176,287,1.0,35,17;18;25;26;28;29;36,0;1;17;18;25;26;28;29;36,1,0;1;17;18;25;26;28;29;36,7,9,1,9,0.9,0.7857142857142857,0.9777777777777777,50,70,90,0;29,0;17;18;25;26;28;36,1,2,7,1,73,73,146,65,5,3.0,96.2142440842926,29.4294204606578,1146668.1986195461,0.9047619047619048,0.891156462585034
6,0,1428090,2024-04-01,marl_force_bess,56139.28012839689,0.7575757575757576,0.7428571428571429,0.8125,0.8737373737373737,0.861904761904762,0.86875,0.861904761904762,0.861904761904762,210,29,10,4,7,10,4,7,22,0.8333333333333334,0.8333333333333334,55.73594221387591,55.73593779518491,46.94540774809853,10.0,27.991600000000002,169.34208745836062,107,103,0.006251947223063326,2991,287,1.0,35,17;18;19;41;42;43;44;45,0;17;18;19;41;42;43;44;45,41;43;44,0;17;18;19;41;42;43;44;45,8,9,3,9,0.7846153846153846,0.9137931034482759,0.8850574712643678,65,58,87,0;18;19;41;43;44;45,17;18;42,41;43;44,7,3,3,86,86,224,46,9,5.649999999999977,371.89430778417267,110.15839627115534,5.745315750000452,0.6086956521739131,0.9329268292682927
7,0,1429090,2024-04-01,marl_force_bess,56139.28012839689,0.5757575757575758,0.5428571428571428,0.42857142857142855,0.7222222222222222,0.6809523809523809,0.4857142857142857,0.680952380952381,0.680952380952381,210,67,6,4,4,6,4,4,63,0.6714285714285714,0.6714285714285714,82.43629255104987,82.43628758286081,75.7944774574299,10.0,27.991600000000002,131.73948882939,144,142,0.006124918743201608,2793,286,1.0,35,17;18;19;23;34;35;38;39;40;41;42;43;44;45,0;1;17;18;19;23;34;35;38;39;40;41;42;43;44;45,1;38;39;40;41;43;44;45,0;1;17;18;19;23;34;35;38;39;40;41;42;43;44;45,14,16,8,16,0.8780487804878049,0.6909090909090909,0.4520547945205479,82,55,73,0;19;34;35,0;1;17;18;19;23;40;42,1;38;39;40;41;43;44;45,4,8,8,85,85,281,91,8,5.0,158.62028524477714,47.01365443658687,0.9181826653922334,0.5054945054945055,0.8151260504201681
8,0,1430090,2024-04-01,marl_force_bess,56139.28012839689,0.9090909090909091,0.9142857142857143,1.0,0.9545454545454546,0.9571428571428572,1.0,0.9571428571428572,0.9571428571428572,210,9,6,6,6,6,6,6,3,0.9333333333333333,0.9333333333333333,47.71891889572144,47.71891519001552,42.48577882111056,13.373213923469136,27.991600000000002,107.08769809018594,155,156,0.005858687343182589,2790,285,1.0,35,16;18;23,16;18;23,,16;18;23,3,3,0,3,0.8688524590163934,0.9846153846153847,1.0,61,65,84,16;18;23,18,,3,1,0,76,76,217,96,6,3.0,107.46424696172807,30.021411690421164,0.7451112612793899,0.9791666666666666,0.9385964912280702
9,0,1431090,2024-04-01,marl_force_bess,56139.28012839689,0.7272727272727273,0.7142857142857143,0.9285714285714286,0.8131313131313131,0.7952380952380952,0.9285714285714286,0.7952380952380952,0.7952380952380952,210,43,4,3,3,4,3,3,40,0.7952380952380952,0.7952380952380952,63.32597270579565,63.32596491859073,58.272002783825315,10.0,27.991600000000002,103.17860015677104,149,150,0.005838240994004689,2564,285,1.0,35,18;23;24;42;43;44;45;46;47,0;18;23;24;42;43;44;45;46;47,47,0;18;23;24;42;43;44;45;46;47,9,10,1,10,0.6464646464646465,0.8837209302325582,0.9558823529411765,99,43,68,0;18;42;43;44;45;46;47,23;24;45,47,8,3,1,75,75,313,110,6,5.0,129.66395706489644,34.83257726215628,3576907.0706437086,0.7431192660550459,0.8514851485148515
10,0,1432090,2024-04-01,marl_force_bess,56139.28012839689,0.7575757575757576,0.7714285714285715,1.0,0.8787878787878789,0.8857142857142858,1.0,0.8857142857142857,0.8857142857142857,210,24,9,4,12,9,4,12,12,0.8714285714285714,0.8714285714285714,58.143072557449344,58.14306966009594,49.12363909354012,10.0,27.991600000000002,160.54778895211348,130,110,0.006027499578825276,2796,286,1.0,35,18;19;28;29;44;45;46;47,18;19;28;29;44;45;46;47,,18;19;28;29;44;45;46;47,8,8,0,8,0.7945205479452054,0.8714285714285714,1.0,73,70,67,44;45;46,18;19;28;29;47,,3,5,0,80,80,194,94,5,3.0,148.9924186120307,30.069752215404716,2.301752060639609,0.8191489361702128,0.9396551724137931
11,0,1433090,2024-04-01,marl_force_bess,56139.28012839689,0.6363636363636364,0.6571428571428571,1.0,0.8080808080808081,0.819047619047619,1.0,0.819047619047619,0.819047619047619,210,38,11,9,9,10,9,9,29,0.7952380952380952,0.7952380952380952,58.459864052704404,58.45985742126192,52.389827824021786,10.0,27.991600000000002,121.73332958605144,140,142,0.0060423749552379995,2736,288,1.0,35,18;19;21;23;25;38;39;40;41;43;46;47,18;19;21;23;25;38;39;40;41;43;46;47,,18;19;21;23;25;38;39;40;41;43;46;47,12,12,0,12,0.7540983606557377,0.7653061224489796,1.0,61,98,51,18;19;23;38;40;41,18;21;23;25;39;41;43;46;47,,6,9,0,76,76,103,82,3,2.0,54.94068683385849,9.358607607514346,0.3921814856406515,0.8048780487804879,0.828125
