block,baseline_kw,up_kw,down_kw,offered_capacity_kw,precision_stay_rate,precision_failed_steps,precision_pass_II,up_stay_rate,down_stay_rate,idle_stay_rate,up_pass_II,down_pass_II,idle_pass_II,active_up_pass_II,active_down_pass_II,up_active_steps,down_active_steps,idle_active_steps,up_assessment_i_unmet_ratio,down_assessment_i_unmet_ratio,up_supply_capacity_30min_kw,down_supply_capacity_30min_kw,participating,scenario,seed,service_date,band_up_kw,band_down_kw,band_idle_kw,utilization,has_unreachable_step
0,151.7091999053955,0.0,0.0,0.0,1.0,0,1,1.0,1.0,1.0,1,1,1,1,1,6,0,0,0.0,0.0,461.7007999053955,168.48241230163575,0,0,0,2024-04-01,0.0,0.0,0.0,151709199905.3955,0
1,45.55599670410158,0.0,0.0,0.0,1.0,0,1,0.5,1.0,1.0,1,1,1,0,1,6,0,0,0.0,0.0,383.0475967041016,302.1356155029297,0,0,0,2024-04-01,0.0,0.0,0.0,45555996704.10158,0
2,19.200000762939453,0.0,0.0,0.0,1.0,0,1,0.0,1.0,1.0,1,1,1,0,1,6,0,0,0.0,0.0,345.69160076293946,317.4916114440918,0,0,0,2024-04-01,0.0,0.0,0.0,19200000762.939453,0
3,4.799997711181635,0.0,0.0,0.0,1.0,0,1,0.0,1.0,1.0,1,1,1,0,1,6,0,0,0.0,0.0,331.2915977111816,331.89161449584964,0,0,0,2024-04-01,0.0,0.0,0.0,4799997711.181635,0
4,-0.0,0.0,0.0,0.0,1.0,0,1,1.0,1.0,0.0,1,1,0,1,1,0,0,6,0.0,0.0,326.4916,336.69161220703126,0,0,0,2024-04-01,0.0,0.0,0.0,0.0,0
5,-0.0,0.0,0.0,0.0,1.0,0,1,1.0,1.0,0.0,1,1,0,1,1,0,0,6,0.0,0.0,326.4916,336.69161220703126,0,0,0,2024-04-01,0.0,0.0,0.0,0.0,0
6,8.016000366210934,0.0,0.0,0.0,1.0,0,1,0.0,1.0,1.0,1,1,1,0,1,6,0,0,0.0,0.0,334.50760036621097,328.6756118408203,0,0,0,2024-04-01,0.0,0.0,0.0,8016000366.210933,0
7,-0.0,0.0,0.0,0.0,1.0,0,1,1.0,1.0,0.0,1,1,0,1,1,0,0,6,0.0,0.0,315.4916,325.69161220703126,0,0,0,2024-04-01,0.0,0.0,0.0,0.0,0
8,-0.0,0.0,0.0,0.0,1.0,0,1,1.0,1.0,0.6666666666666666,1,1,0,1,1,0,0,6,0.0,0.0,246.29160305175782,256.4916,0,0,0,2024-04-01,0.0,0.0,0.0,0.0,0
9,-0.0,0.0,0.0,0.0,1.0,0,1,1.0,1.0,1.0,1,1,1,1,1,0,0,6,0.0,0.0,246.29160305175782,256.4916,0,0,0,2024-04-01,0.0,0.0,0.0,0.0,0
10,-0.0,0.0,0.0,0.0,1.0,0,1,1.0,1.0,1.0,1,1,1,1,1,0,0,6,0.0,0.0,246.29160305175782,256.4916,0,0,0,2024-04-01,0.0,0.0,0.0,0.0,0
11,11.0,0.0,0.0,0.0,1.0,0,1,0.8333333333333334,1.0,1.0,1,1,1,0,1,6,0,0,0.0,0.0,257.2916030517578,245.4916,0,0,0,2024-04-01,0.0,0.0,0.0,11000000000.0,0
12,9.598665110270177,0.0,0.0,0.0,1.0,0,1,0.0,1.0,1.0,1,1,1,0,1,6,0,0,0.0,0.0,284.6902712137858,293.59294709676107,0,0,0,2024-04-01,0.0,0.0,0.0,9598665110.270176,0
13,-0.0,0.0,0.0,0.0,1.0,0,1,1.0,1.0,0.0,1,1,0,1,1,0,0,6,0.0,0.0,314.69158168945313,369.09160610351563,0,0,0,2024-04-01,0.0,0.0,0.0,0.0,0
14,23.829064432779944,0.0,0.0,0.0,1.0,0,1,0.0,1.0,1.0,1,1,1,0,1,6,0,0,0.0,0.0,348.1206522257487,364.46255387776694,0,0,0,2024-04-01,0.0,0.0,0.0,23829064432.77994,0
15,61.0,0.0,0.0,0.0,1.0,0,1,0.0,1.0,1.0,1,1,1,0,1,6,0,0,0.0,0.0,423.79158779296876,365.7916183105469,0,0,0,2024-04-01,0.0,0.0,0.0,61000000000.0,0
16,315.6224235534669,0.0,0.0,0.0,1.0,0,1,0.0,1.0,1.0,1,1,1,0,1,6,0,0,0.0,0.0,788.7140296569826,227.0691886535643,0,0,0,2024-04-01,0.0,0.0,0.0,315622423553.46686,0
17,319.1000061035157,766.2880096435547,500.0,1266.2880096435547,1.0,0,1,1.0,1.0,1.0,1,1,1,1,1,0,0,6,0.0,0.43061683662109396,870.5278854003907,284.691581689453,1,0,0,2024-04-01,76.62880096435548,50.0,126.62880096435548,4.4889802657776704e-17,0
18,105.02000122070315,818.1000045776367,858.2000045776367,1676.3000091552735,1.0,0,1,1.0,1.0,1.0,1,1,1,1,1,0,6,0,0.09992692669257047,0.35532305178162155,736.3497853930156,553.2617599121093,1,0,0,2024-04-01,81.81000045776368,85.82000045776368,167.63000091552738,0.0024732430934821647,0
19,319.73995514087363,853.633669535319,606.8445002218916,1460.4781697572107,1.0,0,1,1.0,1.0,1.0,1,1,1,1,1,2,4,0,0.0,0.4027639038719789,1001.7795156574855,362.42944026928257,1,0,0,2024-04-01,85.36336695353191,60.68445002218917,146.04781697572108,0.15092890551032973,0
20,-105.18117941054889,831.133669535319,766.3192977311786,1597.4529672664976,1.0,0,1,1.0,1.0,1.0,1,1,1,1,1,0,6,0,0.234887937422964,0.00521661473385222,635.9103961753885,762.3217051917989,1,0,0,2024-04-01,83.11336695353191,76.63192977311786,159.74529672664977,0.08741728907001797,0
21,-25.516143302856886,859.9000053405762,500.0000514703344,1359.9000568109107,1.0,0,1,1.0,1.0,1.0,1,1,1,1,1,1,5,0,0.09701656951425601,0.0,776.475456697143,759.4127115645756,1,0,0,2024-04-01,85.99000053405763,50.00000514703345,135.99000568109108,0.011054817345585057,0
22,487.40000534057646,937.4000053405762,500.0,1437.4000053405762,1.0,0,1,1.0,1.0,1.0,1,1,1,1,1,1,5,0,0.0,0.31264005286865304,1382.8916053405765,343.6799735656735,1,0,0,2024-04-01,93.74000053405763,50.0,143.74000053405763,0.02374522448616202,0
23,238.22055804616025,985.6333386739095,837.9771636604621,1823.6105023343716,1.0,0,1,1.0,1.0,1.0,1,1,1,1,1,6,0,0,0.0,0.13669356695422735,1280.5812986711603,723.4310761335272,1,0,0,2024-04-01,98.56333386739095,83.79771636604622,182.36105023343717,4.1176834992012985e-09,0
24,101.66000061035153,1015.6000058492025,1016.6000061035156,2032.2000119527181,1.0,0,1,1.0,1.0,1.0,1,1,1,1,1,0,6,0,0.0,0.08675178841081908,1212.551625024414,928.408137475586,1,0,0,2024-04-01,101.56000058492026,101.66000061035157,203.22000119527183,1.5017015184600263e-09,0
25,146.3900020599365,969.9000053405762,969.9000053405762,1939.8000106811523,1.0,0,1,1.0,1.0,1.0,1,1,1,1,1,6,0,0,0.0,0.06767942995090002,1253.981577645874,904.2577258697511,1,0,0,2024-04-01,96.99000053405763,96.99000053405763,193.98000106811526,0.19892473291885013,0
26,573.2387300491326,1003.3000068664551,520.6236409081357,1523.9236477745908,1.0,0,1,1.0,1.0,1.0,1,1,1,1,1,1,5,0,0.0,0.0,1764.9629960647576,526.5167859664924,1,0,0,2024-04-01,100.33000068664552,52.062364090813574,152.39236477745908,0.17449031549188626,0
27,638.5000076293948,1026.300006866455,500.0,1526.300006866455,1.0,0,1,1.0,1.0,1.0,1,1,1,1,1,1,5,0,0.0,0.4182082215087896,1812.6915588012698,290.8958892456052,1,0,0,2024-04-01,102.63000068664552,50.0,152.6300006866455,0.15393187570209937,0
28,471.57904527449557,1080.200008392334,719.0232923531538,1799.223300745488,1.0,0,1,1.0,1.0,1.0,1,1,1,1,1,3,3,0,0.0,0.37363190751312253,1695.7705964463707,450.3732480848794,1,0,0,2024-04-01,108.0200008392334,71.90232923531538,179.9223300745488,0.12767347099596574,0
29,160.71000099182135,1054.7833159723098,1107.100009918213,2161.8833258905224,1.0,0,1,1.0,1.0,1.0,1,1,1,1,1,3,3,0,0.0,0.2927059309293782,1453.5016498199464,783.0452708831785,1,0,0,2024-04-01,105.47833159723098,110.71000099182129,216.18833258905227,0.11279413691569425,0
30,116.81000099182125,1168.100009918213,1168.100009918213,2336.200019836426,1.0,0,1,1.0,1.0,1.0,1,1,1,1,1,6,0,0,0.0,0.28261227367225134,1332.1016498199463,837.9806102386474,1,0,0,2024-04-01,116.8100009918213,116.8100009918213,233.6200019836426,0.21019031626196827,0
31,138.70000190734868,1172.3000106811523,1195.0000114440918,2367.300022125244,1.0,0,1,1.0,1.0,1.0,1,1,1,1,1,6,0,0,0.0,0.169424431457924,1385.3659183135987,992.5378139129639,1,0,0,2024-04-01,117.23000106811524,119.50000114440918,236.73000221252443,0.014909414723737946,0
32,118.34000129699704,1160.040011469523,1183.4000129699707,2343.4400244394938,1.0,0,1,1.0,1.0,1.0,1,1,1,1,1,2,4,0,0.0,0.13185873368885317,1326.3257419219972,1027.358385812378,1,0,0,2024-04-01,116.0040011469523,118.34000129699707,234.3440024439494,0.10326137652511069,0
33,107.90000114440915,1055.6400099436441,1079.0000114440918,2134.640021387736,1.0,0,1,1.0,1.0,1.0,1,1,1,1,1,1,0,5,0.0,0.06275417664216754,1257.0632320037842,1011.2882541290285,1,0,0,2024-04-01,105.56400099436442,107.90000114440919,213.4640021387736,0.026374845413606636,0
34,131.23000106811529,1033.1400099436441,1037.3000106811523,2070.4400206247965,1.0,0,1,1.0,1.0,1.0,1,1,1,1,1,6,0,0,0.0,0.08565406122566611,1251.9833198181154,948.4510520568848,1,0,0,2024-04-01,103.31400099436442,103.73000106811524,207.04400206247965,0.00288770673802071,0
35,148.73000106811557,983.1400099436441,987.3000106811523,1970.4400206247965,1.0,0,1,1.0,1.0,1.0,1,1,1,1,1,6,0,0,0.0,0.0,1360.9198432556157,1018.368654595947,1,0,0,2024-04-01,98.31400099436442,98.73000106811524,197.04400206247965,2.710347156650704e-09,0
36,111.33000106811494,999.1400099436441,1003.3000106811523,2002.4400206247965,1.0,0,1,1.0,1.0,1.0,1,1,1,1,1,0,0,6,0.0,0.0,1303.02155223999,1052.3071067443852,1,0,0,2024-04-01,99.91400099436441,100.33000106811524,200.24400206247967,3.810050442723011e-10,0
37,117.61000175476079,984.1000099182129,984.1000099182129,1968.2000198364258,1.0,0,1,1.0,1.0,1.0,1,1,1,1,1,6,0,0,0.0,0.031778250978028305,1212.6016017547608,952.8270328155518,1,0,0,2024-04-01,98.41000099182129,98.41000099182129,196.82000198364258,5.814496563501433e-10,0
38,109.03000183105449,898.3000106811523,898.3000106811523,1796.6000213623047,1.0,0,1,1.0,1.0,1.0,1,1,1,1,1,6,0,0,0.0,0.0,1176.5216018310546,933.9070937744143,1,0,0,2024-04-01,89.83000106811524,89.83000106811524,179.66000213623047,1.6986294000353814e-09,0
39,-65.19501330057798,917.5000114440918,917.5000114440918,1835.0000228881836,1.0,0,1,1.0,1.0,1.0,1,1,1,1,1,6,0,0,0.08294653755802132,0.0,841.3965622853594,942.457853534953,1,0,0,2024-04-01,91.75000114440918,91.75000114440918,183.50000228881837,9.008366634106798e-10,0
40,90.9200012207026,909.2000122070312,909.2000122070312,1818.4000244140625,1.0,0,1,1.0,1.0,1.0,1,1,1,1,1,6,0,0,0.0,0.1325842357041825,997.51157680664,788.6544234863286,1,0,0,2024-04-01,90.92000122070313,90.92000122070313,181.84000244140626,1.6782650949006147e-09,0
41,128.590001296997,900.9000129699707,900.9000129699707,1801.8000259399414,1.0,0,1,1.0,1.0,1.0,1,1,1,1,1,6,0,0,0.0,0.17803871621520653,1047.5164767852782,740.5049312225342,1,0,0,2024-04-01,90.09000129699707,90.09000129699707,180.18000259399415,2.7523067519734273e-09,0
42,95.92000122070323,939.2000122070312,959.2000122070312,1898.4000244140625,0.8333333333333334,1,0,1.0,0.75,1.0,0,0,1,1,0,2,4,0,0.007440890265847889,0.2986247380601093,932.2115279785157,672.7591598144529,1,0,0,2024-04-01,93.92000122070313,95.92000122070313,189.84000244140626,0.15822237917548054,1
43,103.82000083923346,763.200008392334,763.200008392334,1526.400016784668,1.0,0,1,1.0,1.0,1.0,1,1,1,1,1,6,0,0,0.0,0.20609771248524103,912.6115275970459,605.9062324939572,1,0,0,2024-04-01,76.3200008392334,76.3200008392334,152.6400016784668,0.08657310515266048,0
44,116.3633345286051,645.4309455530703,651.0407470420555,1296.4716925951257,1.0,0,1,1.0,1.0,1.0,1,1,1,1,1,4,2,0,0.0,0.0960925592588537,914.1548612864176,588.4805754769884,1,0,0,2024-04-01,64.54309455530704,65.10407470420556,129.64716925951257,0.1291255100496685,0
45,92.23000068664562,500.0,616.7444513108993,1116.7444513108994,1.0,0,1,1.0,1.0,1.0,1,1,1,1,1,0,6,0,0.0,0.1395309134461095,840.5215274444581,530.6895346566699,1,0,0,2024-04-01,50.0,61.67444513108993,111.67444513108995,0.1314147074180863,0
46,88.93000068664604,614.3000068664551,614.3000068664551,1228.6000137329102,1.0,0,1,1.0,1.0,1.0,1,1,1,1,1,0,3,3,0.0,0.2404412649012834,768.0215762725835,466.59693618661754,1,0,0,2024-04-01,61.43000068664551,61.43000068664551,122.86000137329103,0.010215053933710331,0
47,62.260000610351575,622.6000061035156,622.6000061035156,1245.2000122070312,1.0,0,1,1.0,1.0,1.0,1,1,1,1,1,5,1,0,0.0,0.22346058218766876,749.651625024414,483.4734462695779,1,0,0,2024-04-01,62.26000061035157,62.26000061035157,124.52000122070314,0.059139784526649385,0
0,151.7091999053955,0.0,0.0,0.0,1.0,0,1,1.0,1.0,1.0,1,1,1,1,1,6,0,0,0.0,0.0,438.00078769836426,162.58238788757325,0,1,0,2024-04-01,0.0,0.0,0.0,151709199905.3955,0
1,45.55599670410158,0.0,0.0,0.0,1.0,0,1,0.0,1.0,1.0,1,1,1,0,1,6,0,0,0.0,0.0,367.84758449707033,318.7355910888672,0,1,0,2024-04-01,0.0,0.0,0.0,45555996704.10158,0
2,19.200000762939453,0.0,0.0,0.0,1.0,0,1,0.0,1.0,1.0,1,1,1,0,1,6,0,0,0.0,0.0,360.69160076293946,364.29159923706055,0,1,0,2024-04-01,0.0,0.0,0.0,19200000762.939453,0
3,4.799997711181635,0.0,0.0,0.0,1.0,0,1,0.0,1.0,1.0,1,1,1,0,1,6,0,0,0.0,0.0,373.7915977111816,406.1916022888184,0,1,0,2024-04-01,0.0,0.0,0.0,4799997711.181635,0
4,-0.0,0.0,0.0,0.0,1.0,0,1,1.0,1.0,0.0,1,1,0,1,1,0,0,6,0.0,0.0,341.4916,383.4916,0,1,0,2024-04-01,0.0,0.0,0.0,0.0,0
5,-0.0,0.0,0.0,0.0,1.0,0,1,1.0,1.0,0.3333333333333333,1,1,0,1,1,0,0,6,0.0,0.0,330.4916,372.4916,0,1,0,2024-04-01,0.0,0.0,0.0,0.0,0
6,8.016000366210934,0.0,0.0,0.0,1.0,0,1,0.0,1.0,1.0,1,1,1,0,1,6,0,0,0.0,0.0,345.1076064697266,364.47559963378905,0,1,0,2024-04-01,0.0,0.0,0.0,8016000366.210933,0
7,-0.0,0.0,0.0,0.0,1.0,0,1,1.0,1.0,0.0,1,1,0,1,1,0,0,6,0.0,0.0,356.29158779296876,391.69161220703126,0,1,0,2024-04-01,0.0,0.0,0.0,0.0,0
8,-0.0,0.0,0.0,0.0,1.0,0,1,1.0,1.0,0.0,1,1,0,1,1,0,0,6,0.0,0.0,320.4916,355.8915938964844,0,1,0,2024-04-01,0.0,0.0,0.0,0.0,0
9,-0.0,0.0,0.0,0.0,1.0,0,1,1.0,1.0,0.6666666666666666,1,1,0,1,1,0,0,6,0.0,0.0,301.2916183105469,336.69158168945313,0,1,0,2024-04-01,0.0,0.0,0.0,0.0,0
10,-0.0,0.0,0.0,0.0,1.0,0,1,1.0,1.0,1.0,1,1,1,1,1,0,0,6,0.0,0.0,301.2916183105469,336.69158168945313,0,1,0,2024-04-01,0.0,0.0,0.0,0.0,0
11,11.0,0.0,0.0,0.0,1.0,0,1,0.16666666666666666,1.0,1.0,1,1,1,0,1,6,0,0,0.0,0.0,312.2916183105469,325.69158168945313,0,1,0,2024-04-01,0.0,0.0,0.0,11000000000.0,0
12,9.598665110270177,0.0,0.0,0.0,1.0,0,1,0.0,1.0,1.0,1,1,1,0,1,6,0,0,0.0,0.0,321.89028342081707,338.09291657918294,0,1,0,2024-04-01,0.0,0.0,0.0,9598665110.270176,0
13,-0.0,0.0,0.0,0.0,1.0,0,1,1.0,1.0,0.0,1,1,0,1,1,0,0,6,0.0,0.0,331.4916,366.89156337890626,0,1,0,2024-04-01,0.0,0.0,0.0,0.0,0
14,23.829064432779944,0.0,0.0,0.0,1.0,0,1,0.0,1.0,1.0,1,1,1,0,1,6,0,0,0.0,0.0,405.7206583292643,408.9625233601888,0,1,0,2024-04-01,0.0,0.0,0.0,23829064432.77994,0
15,61.0,0.0,0.0,0.0,1.0,0,1,0.0,1.0,1.0,1,1,1,0,1,6,0,0,0.0,0.0,442.8915938964844,371.79158779296876,0,1,0,2024-04-01,0.0,0.0,0.0,61000000000.0,0
16,315.6224235534669,0.0,0.0,0.0,1.0,0,1,0.0,1.0,1.0,1,1,1,0,1,6,0,0,0.0,0.0,767.2140296569826,202.36914592895494,0,1,0,2024-04-01,0.0,0.0,0.0,315622423553.46686,0
17,319.1000061035157,766.2880096435547,500.0,1266.2880096435547,1.0,0,1,1.0,1.0,1.0,1,1,1,1,1,0,5,1,0.0,0.32641676337890646,908.5916061035157,336.79161831054677,1,1,0,2024-04-01,76.62880096435548,50.0,126.62880096435548,0.023351626982734984,0
18,105.02000122070315,818.1000045776367,858.2000045776367,1676.3000091552735,1.0,0,1,1.0,1.0,1.0,1,1,1,1,1,0,6,0,0.010784701992459686,0.2645402626607967,809.277039828237,631.1715499511718,1,1,0,2024-04-01,81.81000045776368,85.82000045776368,167.63000091552738,0.034681218392571926,0
19,319.73995514087363,853.633669535319,606.8445002218916,1460.4781697572107,1.0,0,1,1.0,1.0,1.0,1,1,1,1,1,0,6,0,0.0,0.1469781664845702,1127.7140042464544,517.6516082380326,1,1,0,2024-04-01,85.36336695353191,60.68445002218917,146.04781697572108,0.022562686228343194,0
20,-105.18117941054889,831.133669535319,766.3192977311786,1597.4529672664976,1.0,0,1,1.0,1.0,1.0,1,1,1,1,1,4,2,0,0.1666414103321084,0.0,692.6323826694529,932.1545909339864,1,1,0,2024-04-01,83.11336695353191,76.63192977311786,159.74529672664977,0.017438842927328557,0
21,-25.516143302856886,859.9000053405762,500.0000514703344,1359.9000568109107,1.0,0,1,1.0,1.0,1.0,1,1,1,1,1,0,0,6,0.10411984141698966,0.0,770.3673531500468,855.9628824630131,1,1,0,2024-04-01,85.99000053405763,50.00000514703345,135.99000568109108,3.6471153648785606e-10,0
22,487.40000534057646,937.4000053405762,500.0,1437.4000053405762,1.0,0,1,1.0,1.0,1.0,1,1,1,1,1,3,3,0,0.0,0.24377188880615303,1307.4326531846684,378.1140555969235,1,1,0,2024-04-01,93.74000053405763,50.0,143.74000053405763,0.038151321350769665,0
23,238.22055804616025,985.6333386739095,837.9771636604621,1823.6105023343716,1.0,0,1,1.0,1.0,1.0,1,1,1,1,1,6,0,0,0.0,0.2244630567619485,1118.464275633091,649.8822480085272,1,1,0,2024-04-01,98.56333386739095,83.79771636604622,182.36105023343717,4.1176834992012985e-09,0
24,101.66000061035153,1015.6000058492025,1016.6000061035156,2032.2000119527181,1.0,0,1,1.0,1.0,1.0,1,1,1,1,1,0,6,0,0.027625221138254663,0.23113163241214138,987.5438310996055,781.6315871826172,1,1,0,2024-04-01,101.56000058492026,101.66000061035157,203.22000119527183,0.030519537916250974,0
25,146.3900020599365,969.9000053405762,969.9000053405762,1939.8000106811523,1.0,0,1,1.0,1.0,1.0,1,1,1,1,1,6,0,0,0.0,0.12430726739942548,1143.679346840318,849.334386026001,1,1,0,2024-04-01,96.99000053405763,96.99000053405763,193.98000106811526,1.3765790566970945e-09,0
26,573.2387300491326,1003.3000068664551,520.6236409081357,1523.9236477745908,1.0,0,1,1.0,1.0,1.0,1,1,1,1,1,6,0,0,0.0,0.26039429556873855,1594.8227750833187,385.0562146774298,1,1,0,2024-04-01,100.33000068664552,52.062364090813574,152.39236477745908,1.414312253955231e-08,0
27,638.5000076293948,1026.300006866455,500.0,1526.300006866455,1.0,0,1,1.0,1.0,1.0,1,1,1,1,1,6,0,0,0.0,0.26712130744628965,1721.276322586473,366.4393462768552,1,1,0,2024-04-01,102.63000068664552,50.0,152.6300006866455,4.998620667169541e-09,0
28,471.57904527449557,1080.200008392334,719.0232923531538,1799.223300745488,1.0,0,1,1.0,1.0,1.0,1,1,1,1,1,6,0,0,0.0,0.21976106643380455,1657.1203719045475,561.0099668348795,1,1,0,2024-04-01,108.0200008392334,71.90232923531538,179.9223300745488,0.10962807430481074,0
29,160.71000099182135,1054.7833159723098,1107.100009918213,2161.8833258905224,1.0,0,1,1.0,1.0,1.0,1,1,1,1,1,3,3,0,0.0,0.19713257333855347,1382.201314153409,888.8545360198975,1,1,0,2024-04-01,105.47833159723098,110.71000099182129,216.18833258905227,0.03808001788487545,0
30,116.81000099182125,1168.100009918213,1168.100009918213,2336.200019836426,1.0,0,1,1.0,1.0,1.0,1,1,1,1,1,6,0,0,0.0,0.2704842470250579,1225.1013681313752,852.1473582855224,1,1,0,2024-04-01,116.8100009918213,116.8100009918213,233.6200019836426,1.4695777227143564e-09,0
31,138.70000190734868,1172.3000106811523,1195.0000114440918,2367.300022125244,1.0,0,1,1.0,1.0,1.0,1,1,1,1,1,6,0,0,0.0,0.28063666520917574,1282.691308774686,859.639193307495,1,1,0,2024-04-01,117.23000106811524,119.50000114440918,236.73000221252443,2.0948364991502836e-09,0
32,118.34000129699704,1160.040011469523,1183.4000129699707,2343.4400244394938,1.0,0,1,1.0,1.0,1.0,1,1,1,1,1,0,6,0,0.0,0.25303383850027045,1245.831302645739,883.9597652069092,1,1,0,2024-04-01,116.0040011469523,118.34000129699707,234.3440024439494,1.139473630077527e-09,0
33,107.90000114440915,1055.6400099436441,1079.0000114440918,2134.640021387736,1.0,0,1,1.0,1.0,1.0,1,1,1,1,1,0,0,6,0.0,0.1814306164240662,1196.9912831049521,883.2363742462157,1,1,0,2024-04-01,105.56400099436442,107.90000114440919,213.4640021387736,1.7870449202041882e-10,0
34,131.23000106811529,1033.1400099436441,1037.3000106811523,2070.4400206247965,1.0,0,1,1.0,1.0,1.0,1,1,1,1,1,6,0,0,0.0,0.11446856225602418,1280.7212881530684,918.5617698303223,1,1,0,2024-04-01,103.31400099436442,103.73000106811524,207.04400206247965,0.043221760545373585,0
35,148.73000106811557,983.1400099436441,987.3000106811523,1970.4400206247965,1.0,0,1,1.0,1.0,1.0,1,1,1,1,1,0,6,0,0.0,0.41888244528730073,1158.0212625850602,573.7373679748531,1,1,0,2024-04-01,98.31400099436442,98.73000106811524,197.04400206247965,0.2776195136226795,0
36,111.33000106811494,999.1400099436441,1003.3000106811523,2002.4400206247965,1.0,0,1,1.0,1.0,1.0,1,1,1,1,1,4,2,0,0.0,0.48265252581737855,1032.7212809719003,519.0547263732913,1,1,0,2024-04-01,99.91400099436441,100.33000106811524,200.24400206247967,0.21602539726265657,0
37,117.61000175476079,984.1000099182129,984.1000099182129,1968.2000198364258,1.0,0,1,1.0,1.0,1.0,1,1,1,1,1,5,1,0,0.0,0.33882831266343855,992.4012259385348,650.6590640655517,1,1,0,2024-04-01,98.41000099182129,98.41000099182129,196.82000198364258,0.2559243705115472,0
38,109.03000183105449,898.3000106811523,898.3000106811523,1796.6000213623047,1.0,0,1,1.0,1.0,1.0,1,1,1,1,1,2,4,0,0.16444425417817823,0.4170879818896197,750.5797353964407,523.6298720947267,1,1,0,2024-04-01,89.83000106811524,89.83000106811524,179.66000213623047,0.15060975632715218,0
39,-65.19501330057798,917.5000114440918,917.5000114440918,1835.0000228881836,1.0,0,1,1.0,1.0,1.0,1,1,1,1,1,3,3,0,0.403299684759113,0.2711832680741541,547.472546062207,668.6893598826092,1,1,0,2024-04-01,91.75000114440918,91.75000114440918,183.50000228881837,0.0549276315627086,0
40,90.9200012207026,909.2000122070312,909.2000122070312,1818.4000244140625,1.0,0,1,1.0,1.0,1.0,1,1,1,1,1,6,0,0,0.20598526948007476,0.40993329872526296,721.9182026812787,536.4886520019536,1,1,0,2024-04-01,90.92000122070313,90.92000122070313,181.84000244140626,0.03157182270126451,0
41,128.590001296997,900.9000129699707,900.9000129699707,1801.8000259399414,1.0,0,1,1.0,1.0,1.0,1,1,1,1,1,6,0,0,0.15977261547017857,0.44149914250865724,756.9608616206407,503.15342975769045,1,1,0,2024-04-01,90.09000129699707,90.09000129699707,180.18000259399415,0.07987805022441608,0
42,95.92000122070323,939.2000122070312,959.2000122070312,1898.4000244140625,1.0,0,1,1.0,1.0,1.0,1,1,1,1,1,6,0,0,0.272247141410631,0.47821234733814005,683.5054936708373,500.4987228027342,1,1,0,2024-04-01,93.92000122070313,95.92000122070313,189.84000244140626,0.055506564194222056,0
43,103.82000083923346,763.200008392334,763.200008392334,1526.400016784668,1.0,0,1,1.0,1.0,1.0,1,1,1,1,1,6,0,0,0.12913614685456723,0.3889790343730762,664.6433000291746,466.33120609436025,1,1,0,2024-04-01,76.3200008392334,76.3200008392334,152.6400016784668,7.49743990296702e-10,0
44,116.3633345286051,645.4309455530703,651.0407470420555,1296.4716925951257,1.0,0,1,1.0,1.0,1.0,1,1,1,1,1,0,0,6,0.0,0.19133596696289268,758.1642897046963,526.4732361745198,1,1,0,2024-04-01,64.54309455530704,65.10407470420556,129.64716925951257,9.807898275866124e-11,0
45,92.23000068664562,500.0,616.7444513108993,1116.7444513108994,1.0,0,1,1.0,1.0,1.0,1,1,1,1,1,0,6,0,0.0,0.19205539556030612,673.3463105278573,498.2953517547606,1,1,0,2024-04-01,50.0,61.67444513108993,111.67444513108995,2.391136097675661e-09,0
46,88.93000068664604,614.3000068664551,614.3000068664551,1228.6000137329102,1.0,0,1,1.0,1.0,1.0,1,1,1,1,1,0,0,6,0.0,0.19151218944550316,671.9941968327131,496.65406757507265,1,1,0,2024-04-01,61.43000068664551,61.43000068664551,122.86000137329103,3.1049182303801893e-10,0
47,62.260000610351575,622.6000061035156,622.6000061035156,1245.2000122070312,1.0,0,1,1.0,1.0,1.0,1,1,1,1,1,0,6,0,0.006129483252033599,0.20482392182049472,618.7837897933881,495.0766311279296,1,1,0,2024-04-01,62.26000061035157,62.26000061035157,124.52000122070314,1.2254086721021754e-09,0
0,151.7091999053955,0.0,0.0,0.0,1.0,0,1,1.0,1.0,1.0,1,1,1,1,1,6,0,0,0.0,0.0,502.40081211242676,188.98241230163575,0,2,0,2024-04-01,0.0,0.0,0.0,151709199905.3955,0
1,45.55599670410158,0.0,0.0,0.0,1.0,0,1,1.0,1.0,1.0,1,1,1,1,1,6,0,0,0.0,0.0,396.24760891113283,295.1356155029297,0,2,0,2024-04-01,0.0,0.0,0.0,45555996704.10158,0
2,19.200000762939453,0.0,0.0,0.0,1.0,0,1,1.0,1.0,1.0,1,1,1,1,1,6,0,0,0.0,0.0,369.8916129699707,321.4916114440918,0,2,0,2024-04-01,0.0,0.0,0.0,19200000762.939453,0
3,4.799997711181635,0.0,0.0,0.0,1.0,0,1,1.0,1.0,1.0,1,1,1,1,1,6,0,0,0.0,0.0,405.4916099182129,380.89161449584964,0,2,0,2024-04-01,0.0,0.0,0.0,4799997711.181635,0
4,-0.0,0.0,0.0,0.0,1.0,0,1,1.0,1.0,0.5,1,1,0,1,1,0,0,6,0.0,0.0,361.69161220703126,346.69161220703126,0,2,0,2024-04-01,0.0,0.0,0.0,0.0,0
5,-0.0,0.0,0.0,0.0,1.0,0,1,1.0,1.0,0.3333333333333333,1,1,0,1,1,0,0,6,0.0,0.0,361.69161220703126,346.69161220703126,0,2,0,2024-04-01,0.0,0.0,0.0,0.0,0
6,8.016000366210934,0.0,0.0,0.0,1.0,0,1,0.16666666666666666,1.0,1.0,1,1,1,0,1,6,0,0,0.0,0.0,342.2076125732422,311.1756118408203,0,2,0,2024-04-01,0.0,0.0,0.0,8016000366.210933,0
7,-0.0,0.0,0.0,0.0,1.0,0,1,1.0,1.0,1.0,1,1,1,1,1,0,0,6,0.0,0.0,334.19161220703126,319.19161220703126,0,2,0,2024-04-01,0.0,0.0,0.0,0.0,0
8,-0.0,0.0,0.0,0.0,1.0,0,1,1.0,1.0,1.0,1,1,1,1,1,0,0,6,0.0,0.0,334.19161220703126,319.19161220703126,0,2,0,2024-04-01,0.0,0.0,0.0,0.0,0
9,-0.0,0.0,0.0,0.0,1.0,0,1,1.0,1.0,1.0,1,1,1,1,1,0,0,6,0.0,0.0,334.19161220703126,319.19161220703126,0,2,0,2024-04-01,0.0,0.0,0.0,0.0,0
10,-0.0,0.0,0.0,0.0,1.0,0,1,1.0,1.0,1.0,1,1,1,1,1,0,0,6,0.0,0.0,334.19161220703126,319.19161220703126,0,2,0,2024-04-01,0.0,0.0,0.0,0.0,0
11,11.0,0.0,0.0,0.0,1.0,0,1,1.0,1.0,1.0,1,1,1,1,1,6,0,0,0.0,0.0,345.19161220703126,308.19161220703126,0,2,0,2024-04-01,0.0,0.0,0.0,11000000000.0,0
12,9.598665110270177,0.0,0.0,0.0,1.0,0,1,1.0,1.0,1.0,1,1,1,1,1,6,0,0,0.0,0.0,354.79027731730145,320.59294709676107,0,2,0,2024-04-01,0.0,0.0,0.0,9598665110.270176,0
13,-0.0,0.0,0.0,0.0,1.0,0,1,1.0,1.0,0.0,1,1,0,1,1,0,0,6,0.0,0.0,372.19161220703126,357.69161220703126,0,2,0,2024-04-01,0.0,0.0,0.0,0.0,0
14,23.829064432779944,0.0,0.0,0.0,1.0,0,1,0.0,1.0,1.0,1,1,1,0,1,6,0,0,0.0,0.0,409.7206583292643,347.56252946370444,0,2,0,2024-04-01,0.0,0.0,0.0,23829064432.77994,0
15,61.0,0.0,0.0,0.0,1.0,0,1,0.0,1.0,1.0,1,1,1,0,1,6,0,0,0.0,0.0,546.2915877929688,429.0915755859375,0,2,0,2024-04-01,0.0,0.0,0.0,61000000000.0,0
16,315.6224235534669,0.0,0.0,0.0,1.0,0,1,0.0,1.0,1.0,1,1,1,0,1,6,0,0,0.0,0.0,853.4140113464356,245.86917644653306,0,2,0,2024-04-01,0.0,0.0,0.0,315622423553.46686,0
17,319.1000061035157,766.2880096435547,500.0,1266.2880096435547,1.0,0,1,1.0,1.0,1.0,1,1,1,1,1,0,2,4,0.0,0.27816346748046894,985.6316451660157,360.9182662597655,1,2,0,2024-04-01,76.62880096435548,50.0,126.62880096435548,0.032904573327197,0
18,105.02000122070315,818.1000045776367,858.2000045776367,1676.3000091552735,1.0,0,1,1.0,1.0,1.0,1,1,1,1,1,0,6,0,0.0,0.17773251075149452,901.7653854003906,705.6699630371093,1,2,0,2024-04-01,81.81000045776368,85.82000045776368,167.63000091552738,1.820531987265402e-09,0
19,319.73995514087363,853.633669535319,606.8445002218916,1460.4781697572107,1.0,0,1,1.0,1.0,1.0,1,1,1,1,1,0,6,0,0.0,0.22293219612378834,1105.7863036760298,471.55932308178257,1,2,0,2024-04-01,85.36336695353191,60.68445002218917,146.04781697572108,3.1331678465698966e-09,0
20,-105.18117941054889,831.133669535319,766.3192977311786,1597.4529672664976,1.0,0,1,1.0,1.0,1.0,1,1,1,1,1,4,2,0,0.0993551366805551,0.0,748.556270198826,940.7144053871114,1,2,0,2024-04-01,83.11336695353191,76.63192977311786,159.74529672664977,0.04797132311589813,0
21,-25.516143302856886,859.9000053405762,500.0000514703344,1359.9000568109107,1.0,0,1,1.0,1.0,1.0,1,1,1,1,1,0,0,6,0.0,0.0,904.9188771072993,952.7615274825444,1,2,0,2024-04-01,85.99000053405763,50.00000514703345,135.99000568109108,3.6471153648785606e-10,0
22,487.40000534057646,937.4000053405762,500.0,1437.4000053405762,1.0,0,1,1.0,1.0,1.0,1,1,1,1,1,5,1,0,0.0,0.0,1567.905643426514,591.3986014953612,1,2,0,2024-04-01,93.74000053405763,50.0,143.74000053405763,0.040723994153164945,0
23,238.22055804616025,985.6333386739095,837.9771636604621,1823.6105023343716,1.0,0,1,1.0,1.0,1.0,1,1,1,1,1,2,4,0,0.0,0.0,1403.6741941789728,890.2114716413398,1,2,0,2024-04-01,98.56333386739095,83.79771636604622,182.36105023343717,0.06739560219941852,0
24,101.66000061035153,1015.6000058492025,1016.6000061035156,2032.2000119527181,1.0,0,1,1.0,1.0,1.0,1,1,1,1,1,0,6,0,0.0,0.042698046613844076,1285.158769142564,973.1931716552735,1,2,0,2024-04-01,101.56000058492026,101.66000061035157,203.22000119527183,0.12938335432579176,0
25,146.3900020599365,969.9000053405762,969.9000053405762,1939.8000106811523,1.0,0,1,1.0,1.0,1.0,1,1,1,1,1,2,4,0,0.0,0.08004850415510743,1295.064703749752,892.2609607330323,1,2,0,2024-04-01,96.99000053405763,96.99000053405763,193.98000106811526,0.03166666835133723,0
26,573.2387300491326,1003.3000068664551,520.6236409081357,1523.9236477745908,1.0,0,1,1.0,1.0,1.0,1,1,1,1,1,0,6,0,0.0,0.3816339671820184,1710.0303788772576,321.9359754196173,1,2,0,2024-04-01,100.33000068664552,52.062364090813574,152.39236477745908,0.006821253283308176,0
27,638.5000076293948,1026.300006866455,500.0,1526.300006866455,1.0,0,1,1.0,1.0,1.0,1,1,1,1,1,6,0,0,0.0,0.6299793396728521,1856.3915099731448,185.01033016357394,1,2,0,2024-04-01,102.63000068664552,50.0,152.6300006866455,4.998620667169541e-09,0
28,471.57904527449557,1080.200008392334,719.0232923531538,1799.223300745488,1.0,0,1,1.0,1.0,1.0,1,1,1,1,1,0,6,0,0.0,0.6559404103376151,1708.6706208604332,247.38685892472313,1,2,0,2024-04-01,108.0200008392334,71.90232923531538,179.9223300745488,0.059933169834205324,0
29,160.71000099182135,1054.7833159723098,1107.100009918213,2161.8833258905224,1.0,0,1,1.0,1.0,1.0,1,1,1,1,1,6,0,0,0.0,0.5671516580231266,1371.6806048980714,479.2064036956786,1,2,0,2024-04-01,105.47833159723098,110.71000099182129,216.18833258905227,0.14474372654509998,0
30,116.81000099182125,1168.100009918213,1168.100009918213,2336.200019836426,1.0,0,1,1.0,1.0,1.0,1,1,1,1,1,6,0,0,0.0,0.4589462924155528,1350.9046283355713,632.0048411956786,1,2,0,2024-04-01,116.8100009918213,116.8100009918213,233.6200019836426,0.09999999853042224,0
31,138.70000190734868,1172.3000106811523,1195.0000114440918,2367.300022125244,1.0,0,1,1.0,1.0,1.0,1,1,1,1,1,6,0,0,0.0,0.39400489560557517,1397.4564944854737,724.1641566864013,1,2,0,2024-04-01,117.23000106811524,119.50000114440918,236.73000221252443,2.0948364991502836e-09,0
32,118.34000129699704,1160.040011469523,1183.4000129699707,2343.4400244394938,1.0,0,1,1.0,1.0,1.0,1,1,1,1,1,0,6,0,0.0,0.4009961765883495,1308.4175387969972,708.8611323944092,1,2,0,2024-04-01,116.0040011469523,118.34000129699707,234.3440024439494,1.139473630077527e-09,0
33,107.90000114440915,1055.6400099436441,1079.0000114440918,2134.640021387736,1.0,0,1,1.0,1.0,1.0,1,1,1,1,1,0,0,6,0.0,0.34965889132828787,1249.3444820037842,701.7180636993407,1,2,0,2024-04-01,105.56400099436442,107.90000114440919,213.4640021387736,1.7870449202041882e-10,0
34,131.23000106811529,1033.1400099436441,1037.3000106811523,2070.4400206247965,1.0,0,1,1.0,1.0,1.0,1,1,1,1,1,6,0,0,0.0,0.28488203535033185,1310.0216498962404,741.7918723693847,1,2,0,2024-04-01,103.31400099436442,103.73000106811524,207.04400206247965,2.5794402010363245e-09,0
35,148.73000106811557,983.1400099436441,987.3000106811523,1970.4400206247965,1.0,0,1,1.0,1.0,1.0,1,1,1,1,1,6,0,0,0.0,0.34218320709002537,1192.4215522399907,649.4625266662594,1,2,0,2024-04-01,98.31400099436442,98.73000106811524,197.04400206247965,2.710347156650704e-09,0
36,111.33000106811494,999.1400099436441,1003.3000106811523,2002.4400206247965,1.0,0,1,1.0,1.0,1.0,1,1,1,1,1,0,0,6,0.0,0.42396825485088363,1009.1161567321774,577.9326560607913,1,2,0,2024-04-01,99.91400099436441,100.33000106811524,200.24400206247967,3.810050442723011e-10,0
37,117.61000175476079,984.1000099182129,984.1000099182129,1968.2000198364258,1.0,0,1,1.0,1.0,1.0,1,1,1,1,1,6,0,0,0.07264373829195442,0.5035564359436923,912.6113063446045,488.5501163116454,1,2,0,2024-04-01,98.41000099182129,98.41000099182129,196.82000198364258,5.814496563501433e-10,0
38,109.03000183105449,898.3000106811523,898.3000106811523,1796.6000213623047,1.0,0,1,1.0,1.0,1.0,1,1,1,1,1,6,0,0,0.005653341403409149,0.47312923460204437,893.2216140380857,473.28801418457044,1,2,0,2024-04-01,89.83000106811524,89.83000106811524,179.66000213623047,1.6986294000353814e-09,0
39,-65.19501330057798,917.5000114440918,917.5000114440918,1835.0000228881836,0.6666666666666666,2,0,1.0,0.0,1.0,0,0,1,1,0,4,2,0,0.21635249053044234,0.3718104800953425,718.9965989064532,576.3638917015818,1,2,0,2024-04-01,91.75000114440918,91.75000114440918,183.50000228881837,0.16666666627399418,1
40,90.9200012207026,909.2000122070312,909.2000122070312,1818.4000244140625,1.0,0,1,1.0,1.0,1.0,1,1,1,1,1,6,0,0,0.02858383506867156,0.5294891937998906,883.2115890136713,427.7884307406796,1,2,0,2024-04-01,90.92000122070313,90.92000122070313,181.84000244140626,1.6782650949006147e-09,0
41,128.590001296997,900.9000129699707,900.9000129699707,1801.8000259399414,0.8333333333333334,1,0,1.0,0.0,1.0,0,0,1,1,0,5,1,0,0.07605552546738491,0.6645361045045961,832.3815890899657,302.2194278027663,1,2,0,2024-04-01,90.09000129699707,90.09000129699707,180.18000259399415,0.08333333340390528,1
42,95.92000122070323,939.2000122070312,959.2000122070312,1898.4000244140625,0.6666666666666666,2,0,1.0,0.0,1.0,0,0,1,1,0,4,2,0,0.23103530593904154,0.7521883588726852,722.2116500488282,237.70092919436485,1,2,0,2024-04-01,93.92000122070313,95.92000122070313,189.84000244140626,0.16842252908841931,1
43,103.82000083923346,763.200008392334,763.200008392334,1526.400016784668,1.0,0,1,1.0,1.0,1.0,1,1,1,1,1,5,1,0,0.10886847333133026,0.7511342313976088,680.1115886322021,189.93435668590962,1,2,0,2024-04-01,76.3200008392334,76.3200008392334,152.6400016784668,0.02500000012495735,0
44,116.3633345286051,645.4309455530703,651.0407470420555,1296.4716925951257,0.6666666666666666,2,0,1.0,0.0,1.0,0,0,1,1,0,0,2,4,0.0,0.8590144384647057,662.4549101145426,91.78734530408167,1,2,0,2024-04-01,64.54309455530704,65.10407470420556,129.64716925951257,0.16738782193202795,1
45,92.23000068664562,500.0,616.7444513108993,1116.7444513108994,0.8333333333333334,1,0,1.0,0.8333333333333334,1.0,0,0,1,1,0,0,6,0,0.0,0.9172570309183401,583.3216067901612,51.03126706610304,1,2,0,2024-04-01,50.0,61.67444513108993,111.67444513108995,0.03347090946751951,1
46,88.93000068664604,614.3000068664551,614.3000068664551,1228.6000137329102,1.0,0,1,1.0,1.0,1.0,1,1,1,1,1,0,0,6,0.055800748320267164,0.9296318823175207,580.0216067901616,43.227135175526556,1,2,0,2024-04-01,61.43000068664551,61.43000068664551,122.86000137329103,3.1049182303801893e-10,0
47,62.260000610351575,622.6000061035156,622.6000061035156,1245.2000122070312,1.0,0,1,1.0,1.0,1.0,1,1,1,1,1,0,6,0,0.1288923845212845,0.8926436462469458,542.3516067138672,66.84006650190273,1,2,0,2024-04-01,62.26000061035157,62.26000061035157,124.52000122070314,1.2254086721021754e-09,0
0,151.7091999053955,0.0,0.0,0.0,1.0,0,1,1.0,1.0,1.0,1,1,1,1,1,6,0,0,0.0,0.0,421.00078769836426,185.58238788757325,0,3,0,2024-04-01,0.0,0.0,0.0,151709199905.3955,0
1,45.55599670410158,0.0,0.0,0.0,1.0,0,1,0.5,1.0,1.0,1,1,1,0,1,6,0,0,0.0,0.0,314.84758449707033,291.7355910888672,0,3,0,2024-04-01,0.0,0.0,0.0,45555996704.10158,0
2,19.200000762939453,0.0,0.0,0.0,1.0,0,1,0.0,1.0,1.0,1,1,1,0,1,6,0,0,0.0,0.0,297.9915885559082,318.0915870300293,0,3,0,2024-04-01,0.0,0.0,0.0,19200000762.939453,0
3,4.799997711181635,0.0,0.0,0.0,1.0,0,1,0.0,1.0,1.0,1,1,1,0,1,6,0,0,0.0,0.0,233.59160076293946,282.49159008178714,0,3,0,2024-04-01,0.0,0.0,0.0,4799997711.181635,0
4,-0.0,0.0,0.0,0.0,1.0,0,1,1.0,1.0,0.0,1,1,0,1,1,0,0,6,0.0,0.0,246.29160305175782,287.29158779296876,0,3,0,2024-04-01,0.0,0.0,0.0,0.0,0
5,-0.0,0.0,0.0,0.0,1.0,0,1,1.0,1.0,0.3333333333333333,1,1,0,1,1,0,0,6,0.0,0.0,218.79160305175782,259.7916030517578,0,3,0,2024-04-01,0.0,0.0,0.0,0.0,0
6,8.016000366210934,0.0,0.0,0.0,1.0,0,1,0.6666666666666666,1.0,1.0,1,1,1,0,1,6,0,0,0.0,0.0,226.80760341796875,251.7756026855469,0,3,0,2024-04-01,0.0,0.0,0.0,8016000366.210933,0
7,-0.0,0.0,0.0,0.0,1.0,0,1,1.0,1.0,0.0,1,1,0,1,1,0,0,6,0.0,0.0,218.79160305175782,259.7916030517578,0,3,0,2024-04-01,0.0,0.0,0.0,0.0,0
8,-0.0,0.0,0.0,0.0,1.0,0,1,1.0,1.0,0.3333333333333333,1,1,0,1,1,0,0,6,0.0,0.0,190.59159084472657,190.59159084472657,0,3,0,2024-04-01,0.0,0.0,0.0,0.0,0
9,-0.0,0.0,0.0,0.0,1.0,0,1,1.0,1.0,1.0,1,1,1,1,1,0,0,6,0.0,0.0,201.59159084472657,201.59159084472657,0,3,0,2024-04-01,0.0,0.0,0.0,0.0,0
10,-0.0,0.0,0.0,0.0,1.0,0,1,1.0,1.0,0.6666666666666666,1,1,0,1,1,0,0,6,0.0,0.0,201.59159084472657,201.59159084472657,0,3,0,2024-04-01,0.0,0.0,0.0,0.0,0
11,11.0,0.0,0.0,0.0,1.0,0,1,0.3333333333333333,1.0,1.0,1,1,1,0,1,6,0,0,0.0,0.0,223.59159084472657,201.59159084472657,0,3,0,2024-04-01,0.0,0.0,0.0,11000000000.0,0
12,9.598665110270177,0.0,0.0,0.0,1.0,0,1,0.0,1.0,1.0,1,1,1,0,1,6,0,0,0.0,0.0,244.0902651102702,224.89293488972982,0,3,0,2024-04-01,0.0,0.0,0.0,9598665110.270176,0
13,-0.0,0.0,0.0,0.0,1.0,0,1,1.0,1.0,0.0,1,1,0,1,1,0,0,6,0.0,0.0,234.4916,234.4916,0,3,0,2024-04-01,0.0,0.0,0.0,0.0,0
14,23.829064432779944,0.0,0.0,0.0,1.0,0,1,0.0,1.0,1.0,1,1,1,0,1,6,0,0,0.0,0.0,344.82066443277995,299.16253556722006,0,3,0,2024-04-01,0.0,0.0,0.0,23829064432.77994,0
15,61.0,0.0,0.0,0.0,1.0,0,1,0.0,1.0,1.0,1,1,1,0,1,6,0,0,0.0,0.0,409.4916,289.4916,0,3,0,2024-04-01,0.0,0.0,0.0,61000000000.0,0
16,315.6224235534669,0.0,0.0,0.0,1.0,0,1,0.0,1.0,1.0,1,1,1,0,1,6,0,0,0.0,0.0,690.4140113464357,62.36917644653312,0,3,0,2024-04-01,0.0,0.0,0.0,315622423553.46686,0
17,319.1000061035157,766.2880096435547,500.0,1266.2880096435547,1.0,0,1,1.0,1.0,1.0,1,1,1,1,1,0,0,6,0.0,0.6986168366210939,777.0916061035157,150.69158168945307,1,3,0,2024-04-01,76.62880096435548,50.0,126.62880096435548,4.4889802657776704e-17,0
18,105.02000122070315,818.1000045776367,858.2000045776367,1676.3000091552735,0.16666666666666666,5,0,1.0,0.16666666666666666,1.0,0,0,1,1,0,0,6,0,0.12238346302100937,0.3815291950870577,717.9780929199219,530.7716476074218,1,3,0,2024-04-01,81.81000045776368,85.82000045776368,167.63000091552738,0.5119608816025987,1
19,319.73995514087363,853.633669535319,606.8445002218916,1460.4781697572107,0.6666666666666666,2,0,1.0,0.6666666666666666,1.0,0,0,1,1,0,0,6,0,0.0,0.36713232945564306,1178.698229945561,384.05226523808307,1,3,0,2024-04-01,85.36336695353191,60.68445002218917,146.04781697572108,0.13850361688234025,1
20,-105.18117941054889,831.133669535319,766.3192977311786,1597.4529672664976,1.0,0,1,1.0,1.0,1.0,1,1,1,1,1,4,2,0,0.03227308666350218,0.0,804.310420589451,818.8258941746094,1,3,0,2024-04-01,83.11336695353191,76.63192977311786,159.74529672664977,0.15990440711419893,0
21,-25.516143302856886,859.9000053405762,500.0000514703344,1359.9000568109107,1.0,0,1,1.0,1.0,1.0,1,1,1,1,1,4,0,2,0.0,0.0,1010.4316334549557,819.0863760640603,1,3,0,2024-04-01,85.99000053405763,50.00000514703345,135.99000568109108,0.3893984238593382,0
22,487.40000534057646,937.4000053405762,500.0,1437.4000053405762,1.0,0,1,1.0,1.0,1.0,1,1,1,1,1,1,5,0,0.0,0.05382778538275136,1587.608768426514,473.0861073086243,1,3,0,2024-04-01,93.74000053405763,50.0,143.74000053405763,0.3780976343302992,0
23,238.22055804616025,985.6333386739095,837.9771636604621,1823.6105023343716,1.0,0,1,1.0,1.0,1.0,1,1,1,1,1,6,0,0,0.0,0.17883902041869484,1372.7293699602228,688.1141485781887,1,3,0,2024-04-01,98.56333386739095,83.79771636604622,182.36105023343717,0.1801615261892619,0
24,101.66000061035153,1015.6000058492025,1016.6000061035156,2032.2000119527181,1.0,0,1,1.0,1.0,1.0,1,1,1,1,1,0,6,0,0.0,0.0,1377.9179580322266,1041.1241301377174,1,3,0,2024-04-01,101.56000058492026,101.66000061035157,203.22000119527183,1.5017015184600263e-09,0
25,146.3900020599365,969.9000053405762,969.9000053405762,1939.8000106811523,1.0,0,1,1.0,1.0,1.0,1,1,1,1,1,6,0,0,0.0,0.0,1403.3173930755615,1018.1044326384201,1,3,0,2024-04-01,96.99000053405763,96.99000053405763,193.98000106811526,0.41666666968203037,0
26,573.2387300491326,1003.3000068664551,520.6236409081357,1523.9236477745908,1.0,0,1,1.0,1.0,1.0,1,1,1,1,1,5,1,0,0.0,0.0,1756.8272538772576,622.7146705319243,1,3,0,2024-04-01,100.33000068664552,52.062364090813574,152.39236477745908,0.0569389642359652,0
27,638.5000076293948,1026.300006866455,500.0,1526.300006866455,1.0,0,1,1.0,1.0,1.0,1,1,1,1,1,6,0,0,0.0,0.0,1929.7916564575198,547.6340277716722,1,3,0,2024-04-01,102.63000068664552,50.0,152.6300006866455,4.998620667169541e-09,0
28,471.57904527449557,1080.200008392334,719.0232923531538,1799.223300745488,1.0,0,1,1.0,1.0,1.0,1,1,1,1,1,6,0,0,0.0,0.01944613003340913,1793.6706208604332,705.0410719130044,1,3,0,2024-04-01,108.0200008392334,71.90232923531538,179.9223300745488,2.6384450546614996e-09,0
29,160.71000099182135,1054.7833159723098,1107.100009918213,2161.8833258905224,1.0,0,1,1.0,1.0,1.0,1,1,1,1,1,0,6,0,0.0,0.1183513744117063,1452.6015033355714,976.0732021331787,1,3,0,2024-04-01,105.47833159723098,110.71000099182129,216.18833258905227,2.6467875361576496e-09,0
30,116.81000099182125,1168.100009918213,1168.100009918213,2336.200019836426,1.0,0,1,1.0,1.0,1.0,1,1,1,1,1,6,0,0,0.0,0.14243422371706502,1386.2015033355713,1001.7225917816163,1,3,0,2024-04-01,116.8100009918213,116.8100009918213,233.6200019836426,0.08214285736446011,0
31,138.70000190734868,1172.3000106811523,1195.0000114440918,2367.300022125244,1.0,0,1,1.0,1.0,1.0,1,1,1,1,1,6,0,0,0.0,0.16931816413777295,1331.1916019073487,992.6648033617605,1,3,0,2024-04-01,117.23000106811524,119.50000114440918,236.73000221252443,0.3159882768352685,0
32,118.34000129699704,1160.040011469523,1183.4000129699707,2343.4400244394938,1.0,0,1,1.0,1.0,1.0,1,1,1,1,1,4,2,0,0.0,0.10262851816112308,1291.5640231719972,1061.9494232470088,1,3,0,2024-04-01,116.0040011469523,118.34000129699707,234.3440024439494,0.19329191121903205,0
33,107.90000114440915,1055.6400099436441,1079.0000114440918,2134.640021387736,1.0,0,1,1.0,1.0,1.0,1,1,1,1,1,1,0,5,0.0,0.033842969880592225,1218.9916988006592,1042.4834465556307,1,3,0,2024-04-01,105.56400099436442,107.90000114440919,213.4640021387736,0.010597036307914932,0
34,131.23000106811529,1033.1400099436441,1037.3000106811523,2070.4400206247965,1.0,0,1,1.0,1.0,1.0,1,1,1,1,1,6,0,0,0.0,0.20575519702839798,1039.3356147399902,823.8701426058925,1,3,0,2024-04-01,103.31400099436442,103.73000106811524,207.04400206247965,0.022573602334502885,0
35,148.73000106811557,983.1400099436441,987.3000106811523,1970.4400206247965,1.0,0,1,1.0,1.0,1.0,1,1,1,1,1,6,0,0,0.036492472874861855,0.26175416092509335,947.2627997985843,728.8701248039716,1,3,0,2024-04-01,98.31400099436442,98.73000106811524,197.04400206247965,0.019007407998015608,0
36,111.33000106811494,999.1400099436441,1003.3000106811523,2002.4400206247965,1.0,0,1,1.0,1.0,1.0,1,1,1,1,1,0,0,6,0.0,0.11415311939600001,1021.2115546813961,888.7701847718587,1,3,0,2024-04-01,99.91400099436441,100.33000106811524,200.24400206247967,3.810050442723011e-10,0
37,117.61000175476079,984.1000099182129,984.1000099182129,1968.2000198364258,1.0,0,1,1.0,1.0,1.0,1,1,1,1,1,6,0,0,0.038798904103888185,0.20486735073530937,945.9180080047607,782.490048027677,1,3,0,2024-04-01,98.41000099182129,98.41000099182129,196.82000198364258,5.814496563501433e-10,0
38,109.03000183105449,898.3000106811523,898.3000106811523,1796.6000213623047,1.0,0,1,1.0,1.0,1.0,1,1,1,1,1,6,0,0,0.0,0.06738278831035927,1003.751460229492,837.7700512222308,1,3,0,2024-04-01,89.83000106811524,89.83000106811524,179.66000213623047,1.6986294000353814e-09,0
39,-65.19501330057798,917.5000114440918,917.5000114440918,1835.0000228881836,1.0,0,1,1.0,1.0,1.0,1,1,1,1,1,6,0,0,0.14721000373959545,0.0,782.4348313283282,984.4950790359485,1,3,0,2024-04-01,91.75000114440918,91.75000114440918,183.50000228881837,9.008366634106798e-10,0
40,90.9200012207026,909.2000122070312,909.2000122070312,1818.4000244140625,1.0,0,1,1.0,1.0,1.0,1,1,1,1,1,6,0,0,0.0,0.10153974812589614,918.1645309082026,816.8800719714676,1,3,0,2024-04-01,90.92000122070313,90.92000122070313,181.84000244140626,1.6782650949006147e-09,0
41,128.590001296997,900.9000129699707,900.9000129699707,1801.8000259399414,1.0,0,1,1.0,1.0,1.0,1,1,1,1,1,6,0,0,0.0,0.11609498065942257,974.1520358673095,796.3100433881484,1,3,0,2024-04-01,90.09000129699707,90.09000129699707,180.18000259399415,2.7523067519734273e-09,0
42,95.92000122070323,939.2000122070312,959.2000122070312,1898.4000244140625,0.5,3,0,0.75,0.0,1.0,0,0,1,0,0,4,2,0,0.11565397236378579,0.22540863866698319,830.577799951172,742.9880432460907,1,3,0,2024-04-01,93.92000122070313,95.92000122070313,189.84000244140626,0.4810659285348118,1
43,103.82000083923346,763.200008392334,763.200008392334,1526.400016784668,1.0,0,1,1.0,1.0,1.0,1,1,1,1,1,5,1,0,0.0,0.03815511595557449,804.9777995697021,734.080023574829,1,3,0,2024-04-01,76.3200008392334,76.3200008392334,152.6400016784668,0.08333333508273591,0
44,116.3633345286051,645.4309455530703,651.0407470420555,1296.4716925951257,1.0,0,1,1.0,1.0,1.0,1,1,1,1,1,0,4,2,0.0,0.0,862.9243925364176,702.3366293237041,1,3,0,2024-04-01,64.54309455530704,65.10407470420556,129.64716925951257,0.2303166871883741,0
45,92.23000068664562,500.0,616.7444513108993,1116.7444513108994,1.0,0,1,1.0,1.0,1.0,1,1,1,1,1,6,0,0,0.0,0.0,918.4448062530519,767.2913005828856,1,3,0,2024-04-01,50.0,61.67444513108993,111.67444513108995,0.42459728217454884,0
46,88.93000068664604,614.3000068664551,614.3000068664551,1228.6000137329102,1.0,0,1,1.0,1.0,1.0,1,1,1,1,1,6,0,0,0.0,0.0,693.9647525421148,722.269950485229,1,3,0,2024-04-01,61.43000068664551,61.43000068664551,122.86000137329103,0.24249999590668897,0
47,62.260000610351575,622.6000061035156,622.6000061035156,1245.2000122070312,1.0,0,1,1.0,1.0,1.0,1,1,1,1,1,0,6,0,0.0,0.0,663.2552627197265,710.4399505615235,1,3,0,2024-04-01,62.26000061035157,62.26000061035157,124.52000122070314,0.38666667103729097,0
0,151.7091999053955,0.0,0.0,0.0,1.0,0,1,1.0,1.0,1.0,1,1,1,1,1,6,0,0,0.0,0.0,489.1007938018799,231.68239399108887,0,4,0,2024-04-01,0.0,0.0,0.0,151709199905.3955,0
1,45.55599670410158,0.0,0.0,0.0,1.0,0,1,0.6666666666666666,1.0,1.0,1,1,1,0,1,6,0,0,0.0,0.0,382.94759060058595,337.8355971923828,0,4,0,2024-04-01,0.0,0.0,0.0,45555996704.10158,0
2,19.200000762939453,0.0,0.0,0.0,1.0,0,1,0.0,1.0,1.0,1,1,1,0,1,6,0,0,0.0,0.0,309.8916129699707,317.4916114440918,0,4,0,2024-04-01,0.0,0.0,0.0,19200000762.939453,0
3,4.799997711181635,0.0,0.0,0.0,1.0,0,1,0.0,1.0,1.0,1,1,1,0,1,6,0,0,0.0,0.0,295.4916099182129,331.89161449584964,0,4,0,2024-04-01,0.0,0.0,0.0,4799997711.181635,0
4,-0.0,0.0,0.0,0.0,1.0,0,1,1.0,1.0,1.0,1,1,1,1,1,0,0,6,0.0,0.0,271.4916,317.4916,0,4,0,2024-04-01,0.0,0.0,0.0,0.0,0
5,-0.0,0.0,0.0,0.0,1.0,0,1,1.0,1.0,1.0,1,1,1,1,1,0,0,6,0.0,0.0,271.4916,317.4916,0,4,0,2024-04-01,0.0,0.0,0.0,0.0,0
6,8.016000366210934,0.0,0.0,0.0,1.0,0,1,1.0,1.0,1.0,1,1,1,1,1,6,0,0,0.0,0.0,279.50760036621097,309.47559963378905,0,4,0,2024-04-01,0.0,0.0,0.0,8016000366.210933,0
7,-0.0,0.0,0.0,0.0,1.0,0,1,1.0,1.0,0.0,1,1,0,1,1,0,0,6,0.0,0.0,271.4916,317.4916,0,4,0,2024-04-01,0.0,0.0,0.0,0.0,0
8,-0.0,0.0,0.0,0.0,1.0,0,1,1.0,1.0,0.0,1,1,0,1,1,0,0,6,0.0,0.0,271.4916,317.4916,0,4,0,2024-04-01,0.0,0.0,0.0,0.0,0
9,-0.0,0.0,0.0,0.0,1.0,0,1,1.0,1.0,0.3333333333333333,1,1,0,1,1,0,0,6,0.0,0.0,252.29160305175782,298.29158779296876,0,4,0,2024-04-01,0.0,0.0,0.0,0.0,0
10,-0.0,0.0,0.0,0.0,1.0,0,1,1.0,1.0,1.0,1,1,1,1,1,0,0,6,0.0,0.0,252.29160305175782,298.29158779296876,0,4,0,2024-04-01,0.0,0.0,0.0,0.0,0
11,11.0,0.0,0.0,0.0,1.0,0,1,1.0,1.0,1.0,1,1,1,1,1,6,0,0,0.0,0.0,263.2916030517578,287.29158779296876,0,4,0,2024-04-01,0.0,0.0,0.0,11000000000.0,0
12,9.598665110270177,0.0,0.0,0.0,1.0,0,1,1.0,1.0,1.0,1,1,1,1,1,6,0,0,0.0,0.0,261.890268162028,288.69292268269857,0,4,0,2024-04-01,0.0,0.0,0.0,9598665110.270176,0
13,-0.0,0.0,0.0,0.0,1.0,0,1,1.0,1.0,1.0,1,1,1,1,1,0,0,6,0.0,0.0,265.2916030517578,317.4916,0,4,0,2024-04-01,0.0,0.0,0.0,0.0,0
14,23.829064432779944,0.0,0.0,0.0,1.0,0,1,1.0,1.0,1.0,1,1,1,1,1,6,0,0,0.0,0.0,296.12066748453776,312.8625477742513,0,4,0,2024-04-01,0.0,0.0,0.0,23829064432.77994,0
15,61.0,0.0,0.0,0.0,1.0,0,1,0.8333333333333334,1.0,1.0,1,1,1,0,1,6,0,0,0.0,0.0,387.79158779296876,330.69161220703126,0,4,0,2024-04-01,0.0,0.0,0.0,61000000000.0,0
16,315.6224235534669,0.0,0.0,0.0,1.0,0,1,0.0,1.0,1.0,1,1,1,0,1,6,0,0,0.0,0.0,680.9140113464357,114.56918865356437,0,4,0,2024-04-01,0.0,0.0,0.0,315622423553.46686,0
17,319.1000061035157,766.2880096435547,500.0,1266.2880096435547,0.0,6,0,0.0,1.0,1.0,0,0,1,0,1,6,0,0,0.1476025312131217,0.6184167633789064,653.181959781901,190.79161831054682,1,4,0,2024-04-01,76.62880096435548,50.0,126.62880096435548,0.6051451080236215,1
18,105.02000122070315,818.1000045776367,858.2000045776367,1676.3000091552735,0.5,3,0,1.0,0.5,1.0,0,0,1,1,0,0,6,0,0.5299221419732897,0.5307563108440766,384.57069780349735,402.7049361816406,1,4,0,2024-04-01,81.81000045776368,85.82000045776368,167.63000091552738,0.25598044171156525,1
19,319.73995514087363,853.633669535319,606.8445002218916,1460.4781697572107,0.6666666666666666,2,0,1.0,0.6666666666666666,1.0,0,0,1,1,0,0,6,0,0.023046369239706085,0.5951983264520536,833.9605127917628,245.65166927318882,1,4,0,2024-04-01,85.36336695353191,60.68445002218917,146.04781697572108,0.1385036168823403,1
20,-105.18117941054889,831.133669535319,766.3192977311786,1597.4529672664976,0.3333333333333333,4,0,1.0,0.2,1.0,0,0,1,1,0,1,5,0,0.3960282808239597,0.18604100744498697,501.98123125433756,623.7524835567352,1,4,0,2024-04-01,83.11336695353191,76.63192977311786,159.74529672664977,0.3997610145452335,1
21,-25.516143302856886,859.9000053405762,500.0000514703344,1359.9000568109107,1.0,0,1,1.0,1.0,1.0,1,1,1,1,1,0,1,5,0.3202983450783294,0.0,584.475456697143,529.7721204404779,1,4,0,2024-04-01,85.99000053405763,50.00000514703345,135.99000568109108,0.061279020777402674,0
22,487.40000534057646,937.4000053405762,500.0,1437.4000053405762,0.8333333333333334,1,0,1.0,0.0,1.0,0,0,1,1,0,5,1,0,0.0,1.0,1055.6915931335452,0.0,1,4,0,2024-04-01,93.74000053405763,50.0,143.74000053405763,0.05797505617042638,1
23,238.22055804616025,985.6333386739095,837.9771636604621,1823.6105023343716,1.0,0,1,1.0,1.0,1.0,1,1,1,1,1,6,0,0,0.19015304502575925,0.8178766517396394,798.2121580461602,152.61520681156355,1,4,0,2024-04-01,98.56333386739095,83.79771636604622,182.36105023343717,4.1176834992012985e-09,0
24,101.66000061035153,1015.6000058492025,1016.6000061035156,2032.2000119527181,1.0,0,1,1.0,1.0,1.0,1,1,1,1,1,0,6,0,0.3139507954081841,0.6629858448626531,696.751576196289,342.60859216959807,1,4,0,2024-04-01,101.56000058492026,101.66000061035157,203.22000119527183,1.5017015184600263e-09,0
25,146.3900020599365,969.9000053405762,969.9000053405762,1939.8000106811523,1.0,0,1,1.0,1.0,1.0,1,1,1,1,1,6,0,0,0.14766307320245914,0.6088496241194455,826.6815898529052,379.3767516555181,1,4,0,2024-04-01,96.99000053405763,96.99000053405763,193.98000106811526,1.3765790566970945e-09,0
26,573.2387300491326,1003.3000068664551,520.6236409081357,1523.9236477745908,1.0,0,1,1.0,1.0,1.0,1,1,1,1,1,6,0,0,0.0,1.0,1261.7303300491326,0.0,1,4,0,2024-04-01,100.33000068664552,52.062364090813574,152.39236477745908,1.414312253955231e-08,0
27,638.5000076293948,1026.300006866455,500.0,1526.300006866455,0.5,3,0,0.5,1.0,1.0,0,0,1,0,1,6,0,0,0.0,1.0,1384.6915588012698,0.0,1,4,0,2024-04-01,102.63000068664552,50.0,152.6300006866455,4.998620667169541e-09,1
28,471.57904527449557,1080.200008392334,719.0232923531538,1799.223300745488,1.0,0,1,1.0,1.0,1.0,1,1,1,1,1,6,0,0,0.0,1.0,1340.9706086534018,0.0,1,4,0,2024-04-01,108.0200008392334,71.90232923531538,179.9223300745488,2.6384450546614996e-09,0
29,160.71000099182135,1054.7833159723098,1107.100009918213,2161.8833258905224,1.0,0,1,1.0,1.0,1.0,1,1,1,1,1,0,6,0,0.0,0.780524843900546,1058.1016254058839,242.98094749450678,1,4,0,2024-04-01,105.47833159723098,110.71000099182129,216.18833258905227,2.6467875361576496e-09,0
30,116.81000099182125,1168.100009918213,1168.100009918213,2336.200019836426,0.3333333333333333,4,0,1.0,0.3333333333333333,1.0,0,0,1,1,0,0,6,0,0.16462495273829836,0.7572282688143367,975.8016009918213,283.581661605835,1,4,0,2024-04-01,116.8100009918213,116.8100009918213,233.6200019836426,0.3644444525833651,1
31,138.70000190734868,1172.3000106811523,1195.0000114440918,2367.300022125244,1.0,0,1,1.0,1.0,1.0,1,1,1,1,1,6,0,0,0.0828357996153048,0.8067780111773055,1075.1916019073487,230.90027885437007,1,4,0,2024-04-01,117.23000106811524,119.50000114440918,236.73000221252443,2.0948364991502836e-09,0
32,118.34000129699704,1160.040011469523,1183.4000129699707,2343.4400244394938,1.0,0,1,1.0,1.0,1.0,1,1,1,1,1,0,6,0,0.05043658703335015,0.7588376334592931,1101.531552468872,285.3915476921413,1,4,0,2024-04-01,116.0040011469523,118.34000129699707,234.3440024439494,1.139473630077527e-09,0
33,107.90000114440915,1055.6400099436441,1079.0000114440918,2134.640021387736,1.0,0,1,1.0,1.0,1.0,1,1,1,1,1,0,0,6,0.0,0.619811636577593,1153.5874019256592,410.22324848368777,1,4,0,2024-04-01,105.56400099436442,107.90000114440919,213.4640021387736,1.7870449202041882e-10,0
34,131.23000106811529,1033.1400099436441,1037.3000106811523,2070.4400206247965,1.0,0,1,1.0,1.0,1.0,1,1,1,1,1,6,0,0,0.0,0.5762184772928233,1220.0216498962404,439.5885780306294,1,4,0,2024-04-01,103.31400099436442,103.73000106811524,207.04400206247965,2.5794402010363245e-09,0
35,148.73000106811557,983.1400099436441,987.3000106811523,1970.4400206247965,1.0,0,1,1.0,1.0,1.0,1,1,1,1,1,6,0,0,0.0,0.5055214107489926,1299.8859077087407,488.19871644912075,1,4,0,2024-04-01,98.31400099436442,98.73000106811524,197.04400206247965,0.02518572913595544,0
36,111.33000106811494,999.1400099436441,1003.3000106811523,2002.4400206247965,1.0,0,1,1.0,1.0,1.0,1,1,1,1,1,0,0,6,0.0,0.39235657901370513,1294.1215278259274,609.6486507658816,1,4,0,2024-04-01,99.91400099436441,100.33000106811524,200.24400206247967,3.810050442723011e-10,0
37,117.61000175476079,984.1000099182129,984.1000099182129,1968.2000198364258,1.0,0,1,1.0,1.0,1.0,1,1,1,1,1,6,0,0,0.0,0.30664774309696574,1274.6612941375733,682.3279628950913,1,4,0,2024-04-01,98.41000099182129,98.41000099182129,196.82000198364258,5.814496563501433e-10,0
38,109.03000183105449,898.3000106811523,898.3000106811523,1796.6000213623047,1.0,0,1,1.0,1.0,1.0,1,1,1,1,1,6,0,0,0.0,0.19983748357700712,1287.305415307617,718.7859970494322,1,4,0,2024-04-01,89.83000106811524,89.83000106811524,179.66000213623047,1.6986294000353814e-09,0
39,-65.19501330057798,917.5000114440918,917.5000114440918,1835.0000228881836,1.0,0,1,1.0,1.0,1.0,1,1,1,1,1,4,2,0,0.0,0.02669100029682709,1114.935014433797,893.0110183662987,1,4,0,2024-04-01,91.75000114440918,91.75000114440918,183.50000228881837,0.16666666627399418,0
40,90.9200012207026,909.2000122070312,909.2000122070312,1818.4000244140625,1.0,0,1,1.0,1.0,1.0,1,1,1,1,1,6,0,0,0.0,0.16989061459970614,1298.9322311035153,754.7354633391184,1,4,0,2024-04-01,90.92000122070313,90.92000122070313,181.84000244140626,0.3255555609446519,0
41,128.590001296997,900.9000129699707,900.9000129699707,1801.8000259399414,1.0,0,1,1.0,1.0,1.0,1,1,1,1,1,5,1,0,0.0,0.0,1313.2100192657472,936.1688554015296,1,4,0,2024-04-01,90.09000129699707,90.09000129699707,180.18000259399415,0.27777777349641164,0
42,95.92000122070323,939.2000122070312,959.2000122070312,1898.4000244140625,1.0,0,1,1.0,1.0,1.0,1,1,1,1,1,3,3,0,0.0,0.006950529506029745,1242.5794479003907,952.5330642200022,1,4,0,2024-04-01,93.92000122070313,95.92000122070313,189.84000244140626,0.16280844926872806,0
43,103.82000083923346,763.200008392334,763.200008392334,1526.400016784668,1.0,0,1,1.0,1.0,1.0,1,1,1,1,1,5,1,0,0.0,0.0,1260.4070598236085,942.4223126373572,1,4,0,2024-04-01,76.3200008392334,76.3200008392334,152.6400016784668,0.17444444317890445,0
44,116.3633345286051,645.4309455530703,651.0407470420555,1296.4716925951257,1.0,0,1,1.0,1.0,1.0,1,1,1,1,1,6,0,0,0.0,0.0,1159.3201444895426,861.7248222164392,1,4,0,2024-04-01,64.54309455530704,65.10407470420556,129.64716925951257,0.1517216022533176,0
45,92.23000068664562,500.0,616.7444513108993,1116.7444513108994,1.0,0,1,1.0,1.0,1.0,1,1,1,1,1,6,0,0,0.0,0.0,1030.9883243194581,800.5956104278563,1,4,0,2024-04-01,50.0,61.67444513108993,111.67444513108995,0.11001366015500864,0
46,88.93000068664604,614.3000068664551,614.3000068664551,1228.6000137329102,1.0,0,1,1.0,1.0,1.0,1,1,1,1,1,6,0,0,0.0,0.0,965.6826480499273,762.4104351797478,1,4,0,2024-04-01,61.43000068664551,61.43000068664551,122.86000137329103,0.1600000018008505,0
47,62.260000610351575,622.6000061035156,622.6000061035156,1245.2000122070312,1.0,0,1,1.0,1.0,1.0,1,1,1,1,1,6,0,0,0.0,0.0,894.3035415283202,781.1990126364119,1,4,0,2024-04-01,62.26000061035157,62.26000061035157,124.52000122070314,0.13238095540654476,0
0,151.7091999053955,0.0,0.0,0.0,1.0,0,1,0.3333333333333333,1.0,1.0,1,1,1,0,1,6,0,0,0.0,0.0,419.9007968536377,116.48239704284669,0,5,0,2024-04-01,0.0,0.0,0.0,151709199905.3955,0
1,45.55599670410158,0.0,0.0,0.0,1.0,0,1,0.0,1.0,1.0,1,1,1,0,1,6,0,0,0.0,0.0,313.74759365234377,222.63560024414062,0,5,0,2024-04-01,0.0,0.0,0.0,45555996704.10158,0
2,19.200000762939453,0.0,0.0,0.0,1.0,0,1,0.0,1.0,1.0,1,1,1,0,1,6,0,0,0.0,0.0,265.39159771118165,226.99159618530274,0,5,0,2024-04-01,0.0,0.0,0.0,19200000762.939453,0
3,4.799997711181635,0.0,0.0,0.0,1.0,0,1,0.0,1.0,1.0,1,1,1,0,1,6,0,0,0.0,0.0,250.99159465942384,241.39159923706055,0,5,0,2024-04-01,0.0,0.0,0.0,4799997711.181635,0
4,-0.0,0.0,0.0,0.0,1.0,0,1,1.0,1.0,0.0,1,1,0,1,1,0,0,6,0.0,0.0,262.6915969482422,262.6915969482422,0,5,0,2024-04-01,0.0,0.0,0.0,0.0,0
5,-0.0,0.0,0.0,0.0,1.0,0,1,1.0,1.0,0.0,1,1,0,1,1,0,0,6,0.0,0.0,235.1915969482422,235.1915969482422,0,5,0,2024-04-01,0.0,0.0,0.0,0.0,0
6,8.016000366210934,0.0,0.0,0.0,1.0,0,1,0.0,1.0,1.0,1,1,1,0,1,6,0,0,0.0,0.0,243.20759731445312,227.17559658203126,0,5,0,2024-04-01,0.0,0.0,0.0,8016000366.210933,0
7,-0.0,0.0,0.0,0.0,1.0,0,1,1.0,1.0,0.0,1,1,0,1,1,0,0,6,0.0,0.0,235.1915969482422,235.1915969482422,0,5,0,2024-04-01,0.0,0.0,0.0,0.0,0
8,-0.0,0.0,0.0,0.0,1.0,0,1,1.0,1.0,0.0,1,1,0,1,1,0,0,6,0.0,0.0,235.1915969482422,235.1915969482422,0,5,0,2024-04-01,0.0,0.0,0.0,0.0,0
9,-0.0,0.0,0.0,0.0,1.0,0,1,1.0,1.0,0.0,1,1,0,1,1,0,0,6,0.0,0.0,235.1915969482422,235.1915969482422,0,5,0,2024-04-01,0.0,0.0,0.0,0.0,0
10,-0.0,0.0,0.0,0.0,1.0,0,1,1.0,1.0,0.6666666666666666,1,1,0,1,1,0,0,6,0.0,0.0,196.6915969482422,196.6915969482422,0,5,0,2024-04-01,0.0,0.0,0.0,0.0,0
11,11.0,0.0,0.0,0.0,1.0,0,1,0.6666666666666666,1.0,1.0,1,1,1,0,1,6,0,0,0.0,0.0,235.1915969482422,213.1915969482422,0,5,0,2024-04-01,0.0,0.0,0.0,11000000000.0,0
12,9.598665110270177,0.0,0.0,0.0,1.0,0,1,0.0,1.0,1.0,1,1,1,0,1,6,0,0,0.0,0.0,233.79026205851238,214.592931837972,0,5,0,2024-04-01,0.0,0.0,0.0,9598665110.270176,0
13,-0.0,0.0,0.0,0.0,1.0,0,1,1.0,1.0,0.0,1,1,0,1,1,0,0,6,0.0,0.0,251.6915969482422,251.6915969482422,0,5,0,2024-04-01,0.0,0.0,0.0,0.0,0
14,23.829064432779944,0.0,0.0,0.0,1.0,0,1,0.0,1.0,1.0,1,1,1,0,1,6,0,0,0.0,0.0,283.82066443277995,236.16253556722006,0,5,0,2024-04-01,0.0,0.0,0.0,23829064432.77994,0
15,61.0,0.0,0.0,0.0,1.0,0,1,0.0,1.0,1.0,1,1,1,0,1,6,0,0,0.0,0.0,340.1915969482422,218.1915969482422,0,5,0,2024-04-01,0.0,0.0,0.0,61000000000.0,0
16,315.6224235534669,0.0,0.0,0.0,1.0,0,1,0.0,1.0,1.0,1,1,1,0,1,6,0,0,0.0,0.0,670.5140174499513,48.76917034301749,0,5,0,2024-04-01,0.0,0.0,0.0,315622423553.46686,0
17,319.1000061035157,766.2880096435547,500.0,1266.2880096435547,1.0,0,1,1.0,1.0,1.0,1,1,1,1,1,2,4,0,0.0,0.5290168610351564,831.6915816894532,235.49156948242177,1,5,0,2024-04-01,76.62880096435548,50.0,126.62880096435548,0.08309102460965251,0
18,105.02000122070315,818.1000045776367,858.2000045776367,1676.3000091552735,1.0,0,1,1.0,1.0,1.0,1,1,1,1,1,5,1,0,0.06941500457915674,0.3894309790523161,761.3115890136719,523.9903365722655,1,5,0,2024-04-01,81.81000045776368,85.82000045776368,167.63000091552738,0.0543222173509236,0
19,319.73995514087363,853.633669535319,606.8445002218916,1460.4781697572107,1.0,0,1,1.0,1.0,1.0,1,1,1,1,1,4,2,0,0.0,0.3707458289472219,1047.4315063127485,381.8594329450638,1,5,0,2024-04-01,85.36336695353191,60.68445002218917,146.04781697572108,0.08143127017633782,0
20,-105.18117941054889,831.133669535319,766.3192977311786,1597.4529672664976,1.0,0,1,1.0,1.0,1.0,1,1,1,1,1,4,2,0,0.21792318662202398,0.0,650.010371761326,836.0780528480489,1,5,0,2024-04-01,83.11336695353191,76.63192977311786,159.74529672664977,0.11371499520773043,0
21,-25.516143302856886,859.9000053405762,500.0000514703344,1359.9000568109107,1.0,0,1,1.0,1.0,1.0,1,1,1,1,1,0,0,6,0.10027281885805733,0.0,773.675407869018,804.1340860762944,1,5,0,2024-04-01,85.99000053405763,50.00000514703345,135.99000568109108,3.6471153648785606e-10,0
22,487.40000534057646,937.4000053405762,500.0,1437.4000053405762,1.0,0,1,1.0,1.0,1.0,1,1,1,1,1,6,0,0,0.0,0.306416664196778,1341.5915565124515,346.791667901611,1,5,0,2024-04-01,93.74000053405763,50.0,143.74000053405763,7.961661359797019e-09,0
23,238.22055804616025,985.6333386739095,837.9771636604621,1823.6105023343716,1.0,0,1,1.0,1.0,1.0,1,1,1,1,1,4,2,0,0.0,0.1980518859477757,1177.512145839129,672.0142060163397,1,5,0,2024-04-01,98.56333386739095,83.79771636604622,182.36105023343717,0.03369780315855101,0
24,101.66000061035153,1015.6000058492025,1016.6000061035156,2032.2000119527181,1.0,0,1,1.0,1.0,1.0,1,1,1,1,1,1,5,0,0.0,0.09412301727527261,1145.643421899414,920.9145461669922,1,5,0,2024-04-01,101.56000058492026,101.66000061035157,203.22000119527183,0.09504019020564254,0
25,146.3900020599365,969.9000053405762,969.9000053405762,1939.8000106811523,1.0,0,1,1.0,1.0,1.0,1,1,1,1,1,5,1,0,0.0,0.0,1338.9936626068115,985.8049670806886,1,5,0,2024-04-01,96.99000053405763,96.99000053405763,193.98000106811526,0.03828186696860262,0
26,573.2387300491326,1003.3000068664551,520.6236409081357,1523.9236477745908,1.0,0,1,1.0,1.0,1.0,1,1,1,1,1,6,0,0,0.0,0.0,1766.9068437210076,530.2797254196174,1,5,0,2024-04-01,100.33000068664552,52.062364090813574,152.39236477745908,0.16898069568334417,0
27,638.5000076293948,1026.300006866455,500.0,1526.300006866455,1.0,0,1,1.0,1.0,1.0,1,1,1,1,1,6,0,0,0.0,0.0,1878.6683654418948,512.8824615112303,1,5,0,2024-04-01,102.63000068664552,50.0,152.6300006866455,0.3362052016099988,0
28,471.57904527449557,1080.200008392334,719.0232923531538,1799.223300745488,1.0,0,1,1.0,1.0,1.0,1,1,1,1,1,6,0,0,0.0,0.18107604748752232,1714.2705964463707,588.8253965223795,1,5,0,2024-04-01,108.0200008392334,71.90232923531538,179.9223300745488,2.6384450546614996e-09,0
29,160.71000099182135,1054.7833159723098,1107.100009918213,2161.8833258905224,1.0,0,1,1.0,1.0,1.0,1,1,1,1,1,3,3,0,0.0,0.2009579245704007,1403.4015521636964,884.6194896331788,1,5,0,2024-04-01,105.47833159723098,110.71000099182129,216.18833258905227,0.07975800437800772,0
30,116.81000099182125,1168.100009918213,1168.100009918213,2336.200019836426,1.0,0,1,1.0,1.0,1.0,1,1,1,1,1,6,0,0,0.0,0.2150258057021176,1312.8016009918213,916.9283641448976,1,5,0,2024-04-01,116.8100009918213,116.8100009918213,233.6200019836426,0.10166666514810296,0
31,138.70000190734868,1172.3000106811523,1195.0000114440918,2367.300022125244,1.0,0,1,1.0,1.0,1.0,1,1,1,1,1,6,0,0,0.0,0.19314785156938383,1403.8915530792237,964.1883266082764,1,5,0,2024-04-01,117.23000106811524,119.50000114440918,236.73000221252443,2.0948364991502836e-09,0
32,118.34000129699704,1160.040011469523,1183.4000129699707,2343.4400244394938,1.0,0,1,1.0,1.0,1.0,1,1,1,1,1,0,6,0,0.0,0.24137831061088655,1317.5315524688722,897.752917062378,1,5,0,2024-04-01,116.0040011469523,118.34000129699707,234.3440024439494,1.139473630077527e-09,0
33,107.90000114440915,1055.6400099436441,1079.0000114440918,2134.640021387736,1.0,0,1,1.0,1.0,1.0,1,1,1,1,1,0,0,6,0.0,0.1779748613489253,1287.8916011444092,886.9651340118407,1,5,0,2024-04-01,105.56400099436442,107.90000114440919,213.4640021387736,1.7870449202041882e-10,0
34,131.23000106811529,1033.1400099436441,1037.3000106811523,2070.4400206247965,1.0,0,1,1.0,1.0,1.0,1,1,1,1,1,6,0,0,0.0,0.2963158446680003,1193.5216498962404,729.9315818420409,1,5,0,2024-04-01,103.31400099436442,103.73000106811524,207.04400206247965,2.5794402010363245e-09,0
35,148.73000106811557,983.1400099436441,987.3000106811523,1970.4400206247965,1.0,0,1,1.0,1.0,1.0,1,1,1,1,1,6,0,0,0.0,0.3699653614426204,1152.7216010681154,622.0332053771969,1,5,0,2024-04-01,98.31400099436442,98.73000106811524,197.04400206247965,2.710347156650704e-09,0
36,111.33000106811494,999.1400099436441,1003.3000106811523,2002.4400206247965,1.0,0,1,1.0,1.0,1.0,1,1,1,1,1,0,0,6,0.0,0.42464844430046605,1010.3216010681149,577.25022197876,1,5,0,2024-04-01,99.91400099436441,100.33000106811524,200.24400206247967,3.810050442723011e-10,0
37,117.61000175476079,984.1000099182129,984.1000099182129,1968.2000198364258,1.0,0,1,1.0,1.0,1.0,1,1,1,1,1,6,0,0,0.0,0.42106699825731414,1036.4015285125733,569.7279727569579,1,5,0,2024-04-01,98.41000099182129,98.41000099182129,196.82000198364258,5.814496563501433e-10,0
38,109.03000183105449,898.3000106811523,898.3000106811523,1796.6000213623047,1.0,0,1,1.0,1.0,1.0,1,1,1,1,1,6,0,0,0.0,0.4414400101496509,1011.821528588867,501.75444484863294,1,5,0,2024-04-01,89.83000106811524,89.83000106811524,179.66000213623047,1.6986294000353814e-09,0
39,-65.19501330057798,917.5000114440918,917.5000114440918,1835.0000228881836,1.0,0,1,1.0,1.0,1.0,1,1,1,1,1,6,0,0,0.14476720053011252,0.27062380686689524,784.6761033009844,669.2026655466717,1,5,0,2024-04-01,91.75000114440918,91.75000114440918,183.50000228881837,9.008366634106798e-10,0
40,90.9200012207026,909.2000122070312,909.2000122070312,1818.4000244140625,1.0,0,1,1.0,1.0,1.0,1,1,1,1,1,6,0,0,0.0,0.3609678922725474,959.6760055175776,581.0080001464848,1,5,0,2024-04-01,90.92000122070313,90.92000122070313,181.84000244140626,1.6782650949006147e-09,0
41,128.590001296997,900.9000129699707,900.9000129699707,1801.8000259399414,1.0,0,1,1.0,1.0,1.0,1,1,1,1,1,6,0,0,0.0,0.3985771806489645,995.5815402618407,541.8218257537842,1,5,0,2024-04-01,90.09000129699707,90.09000129699707,180.18000259399415,2.7523067519734273e-09,0
42,95.92000122070323,939.2000122070312,959.2000122070312,1898.4000244140625,1.0,0,1,1.0,1.0,1.0,1,1,1,1,1,6,0,0,0.10167002021659541,0.5433263972402338,843.7115279785157,438.0413253417967,1,5,0,2024-04-01,93.92000122070313,95.92000122070313,189.84000244140626,1.6075420752062375e-09,0
43,103.82000083923346,763.200008392334,763.200008392334,1526.400016784668,1.0,0,1,1.0,1.0,1.0,1,1,1,1,1,6,0,0,0.0,0.4597552632292784,819.1115886322021,412.314787637329,1,5,0,2024-04-01,76.3200008392334,76.3200008392334,152.6400016784668,7.49743990296702e-10,0
44,116.3633345286051,645.4309455530703,651.0407470420555,1296.4716925951257,1.0,0,1,1.0,1.0,1.0,1,1,1,1,1,0,0,6,0.0,0.43129514966565297,812.4549101145426,370.25003060811366,1,5,0,2024-04-01,64.54309455530704,65.10407470420556,129.64716925951257,9.807898275866124e-11,0
45,92.23000068664562,500.0,616.7444513108993,1116.7444513108994,1.0,0,1,1.0,1.0,1.0,1,1,1,1,1,0,6,0,0.0,0.5006370773809418,741.6215640655519,307.97931171569815,1,5,0,2024-04-01,50.0,61.67444513108993,111.67444513108995,2.391136097675661e-09,0
46,88.93000068664604,614.3000068664551,614.3000068664551,1228.6000137329102,1.0,0,1,1.0,1.0,1.0,1,1,1,1,1,0,2,4,0.0,0.6784049661682069,660.8215640655523,197.55583149108833,1,5,0,2024-04-01,61.43000068664551,61.43000068664551,122.86000137329103,0.018333334771943592,0
47,62.260000610351575,622.6000061035156,622.6000061035156,1245.2000122070312,1.0,0,1,1.0,1.0,1.0,1,1,1,1,1,0,6,0,0.0925930834502822,0.7323932643892267,564.9515517822266,166.61195522460937,1,5,0,2024-04-01,62.26000061035157,62.26000061035157,124.52000122070314,1.2254086721021754e-09,0
