index,service_date,forecast_seed,method,activation_mode,activation_scenarios,bid_status,bid_solved,bid_feasible,bid_objective_capacity_kw_block,submitted_mean_up_kw,submitted_mean_down_kw,submitted_participating_blocks,awarded_mean_up_kw,awarded_mean_down_kw,bid_mean_baseline_kw,bid_mean_up_kw,bid_mean_down_kw,bid_max_up_kw,bid_max_down_kw,bid_participating_blocks,bid_global_tracking_rate,target_min_kw,target_max_kw
0,2024-04-02,73000,outer_participation_colgen_benders_certified,pjm_regd_phase_shift:pjm_regd_phase_shift,128,outer_participation_colgen_benders_certified,True,True,35395.12471834818,367.0588447385364,370.33958689371747,34,367.0588447385364,370.33958689371747,23.84842676265833,367.0588447385364,370.33958689371747,720.9000066121419,722.1000061035156,34,1.0,-607.0906982421875,792.3887939453125
1,2024-04-03,74009,outer_participation_colgen_benders_certified,pjm_regd_phase_shift:pjm_regd_phase_shift,128,outer_participation_colgen_benders_certified,True,True,38783.75437742859,405.18029582765365,402.81458703544195,35,405.18029582765365,402.81458703544195,27.648053620113387,405.18029582765365,402.81458703544195,827.3833427429198,831.9000091552734,35,1.0,-744.1885375976562,896.271240234375
2,2024-04-13,75018,outer_participation_colgen_benders_certified,pjm_regd_phase_shift:pjm_regd_phase_shift,128,outer_participation_colgen_benders_certified,True,True,43491.791150156656,451.75467168490087,454.32431061002944,32,451.75467168490087,454.32431061002944,24.68018277898845,451.75467168490087,454.32431061002944,930.3000106811523,930.3000106811523,32,1.0,-947.2069091796875,1010.1104736328125
3,2024-04-14,76027,outer_participation_colgen_benders_certified,pjm_regd_phase_shift:pjm_regd_phase_shift,128,outer_participation_colgen_benders_certified,True,True,38086.36046791077,394.50333853562665,398.9625045458476,33,394.50333853562665,398.9625045458476,14.37601814615075,394.50333853562665,398.9625045458476,890.0000114440918,906.5000114440918,33,1.0,-820.8051147460938,1002.8157348632812
4,2024-04-20,77036,outer_participation_colgen_benders_certified,pjm_regd_phase_shift:pjm_regd_phase_shift,128,outer_participation_colgen_benders_certified,True,True,48198.86377512614,501.0429906421238,503.10000467300415,32,501.0429906421238,503.10000467300415,23.557833962208907,501.0429906421238,503.10000467300415,1140.300006866455,1140.300006866455,32,1.0,-1082.6318359375,1150.357666015625
5,2024-04-21,78045,outer_participation_colgen_benders_certified,pjm_regd_phase_shift:pjm_regd_phase_shift,128,outer_participation_colgen_benders_certified,True,True,40114.443217976885,416.94186959266654,418.77569744851854,31,416.94186959266654,418.77569744851854,21.90653936579132,416.94186959266654,418.77569744851854,965.6313374837239,973.1333401997884,31,1.0,-704.4299926757812,962.3442993164062
6,2024-08-02,79054,outer_participation_colgen_benders_certified,pjm_regd_phase_shift:pjm_regd_phase_shift,128,outer_participation_colgen_benders_certified,True,True,45408.88365586598,471.5579873945978,474.46042210261027,32,471.5579873945978,474.46042210261027,23.448213620411238,471.5579873945978,474.46042210261027,968.6000099182129,968.6000099182129,32,1.0,-899.0740966796875,1065.4599609375
7,2024-08-04,80063,outer_participation_colgen_benders_certified,pjm_regd_phase_shift:pjm_regd_phase_shift,128,outer_participation_colgen_benders_certified,True,True,43569.460310363764,450.23597568405995,457.4611141151852,33,450.23597568405995,457.4611141151852,16.402474990960425,450.23597568405995,457.4611141151852,857.5000038146973,876.7000045776367,33,1.0,-795.8633422851562,964.3485717773438
8,2024-08-05,81072,outer_participation_colgen_benders_certified,pjm_regd_phase_shift:pjm_regd_phase_shift,128,outer_participation_colgen_benders_certified,True,True,44422.2232111613,459.87131151093377,465.5916720549265,42,459.87131151093377,465.5916720549265,24.66383199526652,459.87131151093377,465.5916720549265,818.200008392334,818.200008392334,42,1.0,-719.0947265625,899.993896484375
9,2024-08-10,82081,outer_participation_colgen_benders_certified,pjm_regd_phase_shift:pjm_regd_phase_shift,128,outer_participation_colgen_benders_certified,True,True,42012.21708780419,432.980560013983,442.27396264860425,36,432.980560013983,442.27396264860425,18.892125837543677,432.980560013983,442.27396264860425,842.450008392334,867.200008392334,36,1.0,-917.02001953125,861.9459228515625
10,2024-08-11,83090,outer_participation_colgen_benders_certified,pjm_regd_phase_shift:pjm_regd_phase_shift,128,outer_participation_colgen_benders_certified,True,True,39232.659132003784,405.8658108313878,411.481254418691,30,405.8658108313878,411.481254418691,29.572352157801713,405.8658108313878,411.481254418691,903.2333424886067,920.9000091552734,30,1.0,-800.2744750976562,1006.321044921875
11,2024-08-17,84099,outer_participation_colgen_benders_certified,pjm_regd_phase_shift:pjm_regd_phase_shift,128,outer_participation_colgen_benders_certified,True,True,31094.958356602987,322.728989900483,325.08264252874585,31,322.728989900483,325.08264252874585,19.973053354747226,322.728989900483,325.08264252874585,740.8000068664551,729.8000068664551,31,1.0,-667.4866333007812,813.7672729492188
12,2024-10-01,85108,outer_participation_colgen_benders_certified,pjm_regd_phase_shift:pjm_regd_phase_shift,128,outer_participation_colgen_benders_certified,True,True,44803.749260330194,464.3781033436457,469.0333395799001,33,464.3781033436457,469.0333395799001,27.016562947993737,464.3781033436457,469.0333395799001,921.3000106811523,935.5000114440918,33,1.0,-889.9200439453125,1013.4133911132812
13,2024-10-02,86117,outer_participation_colgen_benders_certified,pjm_regd_phase_shift:pjm_regd_phase_shift,128,outer_participation_colgen_benders_certified,True,True,34820.90306243896,361.3083930068546,364.1270874606239,32,361.3083930068546,364.1270874606239,25.035074501014773,361.3083930068546,364.1270874606239,886.7600107192993,895.1000099182129,32,1.0,-722.9199829101562,983.9717407226562
14,2024-10-03,87126,outer_participation_colgen_benders_certified,pjm_regd_phase_shift:pjm_regd_phase_shift,128,outer_participation_colgen_benders_certified,True,True,35303.221027150015,365.75043422910903,369.7333371698496,32,365.75043422910903,369.7333371698496,25.710310862727567,365.75043422910903,369.7333371698496,744.9000091552734,744.9000091552734,32,1.0,-671.0235595703125,773.0294799804688
15,2024-10-05,88135,outer_participation_colgen_benders_certified,pjm_regd_phase_shift:pjm_regd_phase_shift,128,outer_participation_colgen_benders_certified,True,True,42635.83517150879,443.252116590076,444.9944494830238,34,443.252116590076,444.9944494830238,25.273252848506388,443.252116590076,444.9944494830238,973.1000099182129,973.1000099182129,34,1.0,-857.6433715820312,1070.4100341796875
16,2024-10-06,89144,outer_participation_colgen_benders_certified,pjm_regd_phase_shift:pjm_regd_phase_shift,128,outer_participation_colgen_benders_certified,True,True,35381.150341288245,368.1010452164544,369.0062535603841,28,368.1010452164544,369.0062535603841,21.543328174793142,368.1010452164544,369.0062535603841,950.200008392334,950.200008392334,28,1.0,-968.58935546875,1019.9978637695312
17,2024-10-12,90153,outer_participation_colgen_benders_certified,pjm_regd_phase_shift:pjm_regd_phase_shift,128,outer_participation_colgen_benders_certified,True,True,35333.65351950328,366.22749987310834,369.89028178320996,30,366.22749987310834,369.89028178320996,22.332552399874995,366.22749987310834,369.89028178320996,883.8666750590006,884.200008392334,30,1.0,-836.5587158203125,961.18798828125
18,2024-10-13,91162,outer_participation_colgen_benders_certified,pjm_regd_phase_shift:pjm_regd_phase_shift,128,outer_participation_colgen_benders_certified,True,True,37757.23038800557,391.62979585594604,394.9791705608368,31,391.62979585594604,394.9791705608368,25.94668665799843,391.62979585594604,394.9791705608368,870.5960076649984,870.6000061035156,31,1.0,-783.4745483398438,957.4727783203125
19,2024-12-01,92171,outer_participation_colgen_benders_certified,pjm_regd_phase_shift:pjm_regd_phase_shift,128,outer_participation_colgen_benders_certified,True,True,31680.990394592285,329.01229580243427,331.00833741823834,28,329.01229580243427,331.00833741823834,23.733818675233966,329.01229580243427,331.00833741823834,740.200008392334,740.200008392334,28,1.0,-653.0354614257812,744.1820068359375
20,2024-12-02,93180,outer_participation_colgen_benders_certified,pjm_regd_phase_shift:pjm_regd_phase_shift,128,outer_participation_colgen_benders_certified,True,True,42422.39511744181,439.58739373419024,444.2125045458476,36,439.58739373419024,444.2125045458476,30.621782389158057,439.58739373419024,444.2125045458476,888.0000076293945,892.9000091552734,36,1.0,-799.2000122070312,982.1900024414062
21,2024-12-03,94189,outer_participation_colgen_benders_certified,pjm_regd_phase_shift:pjm_regd_phase_shift,128,outer_participation_colgen_benders_certified,True,True,42597.484123102826,441.0767486068938,446.3708372910817,32,441.0767486068938,446.3708372910817,26.43075860638454,441.0767486068938,446.3708372910817,968.2000122070312,968.2000122070312,32,1.0,-1024.3857421875,1012.5523681640625
22,2024-12-07,95198,outer_participation_colgen_benders_certified,pjm_regd_phase_shift:pjm_regd_phase_shift,128,outer_participation_colgen_benders_certified,True,True,41527.22423884074,431.2199440161387,433.93056095971,31,431.2199440161387,433.93056095971,25.0542358395098,431.2199440161387,433.93056095971,955.3653424580892,962.700008392334,31,1.0,-858.2928466796875,1055.1767578125
23,2024-12-08,96207,outer_participation_colgen_benders_certified,pjm_regd_phase_shift:pjm_regd_phase_shift,128,outer_participation_colgen_benders_certified,True,True,40354.79091898601,415.739391459359,424.9854193528493,32,415.739391459359,424.9854193528493,20.275381534979918,415.739391459359,424.9854193528493,953.3386744181315,964.1000061035156,32,1.0,-856.9039916992188,1060.5025634765625
24,2024-12-14,97216,outer_participation_colgen_benders_certified,pjm_regd_phase_shift:pjm_regd_phase_shift,128,outer_participation_colgen_benders_certified,True,True,43895.60361022949,454.5084055900573,459.9833362897237,34,454.5084055900573,459.9833362897237,20.131259655932112,454.5084055900573,459.9833362897237,971.1000053405762,978.8000068664551,34,1.0,-926.1058959960938,1076.4227294921875
