Episode,Local_Reward,Global_Reward
1,0.06027456786897448,-0.9249392615424262
2,0.0635795725716485,-1.1238269805908203
3,0.0590297712220086,-1.348836898803711
4,0.06742299265331692,-0.9161940680609809
5,0.05606750647226969,-0.9211736255221896
6,0.06539730230967204,-0.9376163482666016
7,0.04721042182710436,-1.2672176361083984
8,0.04784236020512051,-0.9625848134358724
9,0.06533592277103001,-0.8846109178331163
10,0.059071103731791176,-1.2303524017333984
11,0.05386994613541497,-1.2142325507269964
12,0.063967850473192,-1.545451905992296
13,0.055749323632982045,-1.6395958794487848
14,0.06560224956936306,-1.359134356180827
15,0.06116899516847399,-0.7048537466261122
16,0.054256455765830144,-1.5813672807481554
17,0.05280211236741808,-0.577256891462538
18,0.05308018459214105,-1.103746732076009
19,0.057881057262420654,-1.1695883009168837
20,0.05986835559209188,-0.8624791569179959
21,0.05507214864095052,-1.0798091888427734
22,0.06361312998665704,-1.3932469685872395
23,0.05804717540740967,-1.3079845640394423
24,0.05446212821536594,-1.0876291063096788
25,0.059320648511250816,-1.71034484439426
26,0.05754079421361288,-1.052848180135091
27,0.06229697995715671,-0.9455317391289605
28,0.06334794229931301,-1.0689234203762479
29,0.05387766824828254,-1.2222614288330078
30,0.05777615308761597,-0.9465130700005425
31,0.05802149905098809,-0.34409851498074
32,0.05217578344874912,-1.4921375910441081
33,0.05902524789174398,-1.365570068359375
34,0.06525898642010158,-0.9810022777981229
35,0.06414032644695705,-1.1754896375868056
36,0.0622196528646681,-0.731414900885688
37,0.0562202533086141,-1.2346612082587347
38,0.059877872467041016,-1.0798444747924805
39,0.06803539064195421,-1.2817225986056857
40,0.06616109609603882,-0.7846146159701877
41,0.05844967232810126,-1.1995041105482314
42,0.057543774445851646,-1.002804332309299
43,0.06169683403438992,-0.7696163919236925
44,0.05448443359798855,-0.6394069989522299
45,0.05262118246820238,-0.9286928176879883
46,0.05825111601087782,-1.4641138712565105
47,0.06014101372824775,-1.2310658560858831
48,0.06008693244722155,-1.4927707248263888
49,0.05746070543924967,-2.271540323893229
50,0.05583085616429647,-1.4059121873643663
51,0.06721584664450751,-1.0851566526624892
52,0.06451738542980617,-1.1008033752441406
53,0.06654875808291966,-1.129478030734592
54,0.05793828434414334,-1.3027032216389973
55,0.06880917151769002,-0.7898104455735948
56,0.06504483355416192,-0.8873753547668457
57,0.05370838112301297,-1.1150405671861436
58,0.059208075205485024,-0.7997395197550455
59,0.062002725071377225,-1.1852214601304796
60,0.065224998527103,-1.0291430155436199
61,0.0532996224032508,-1.3042868508232965
62,0.058803717295328774,-1.2255287170410156
63,0.06189038356145223,-1.472588751051161
64,0.06254355112711589,-1.5681277381049261
65,0.058354477087656655,-0.7666164504157172
66,0.06086180607477824,-1.360216776529948
67,0.05468067857954237,-0.8798564275105795
68,0.062003009849124484,-0.6103613641526964
69,0.04995174540413751,-0.9124870300292969
70,0.05564594268798828,-0.9548652436998155
71,0.054095811314053006,-1.119049072265625
72,0.06666548384560479,-1.4497168858846028
73,0.0630753305223253,-1.192352506849501
74,0.06275255812538995,-1.0248196919759114
75,0.05833523141013251,-1.7149300045437283
76,0.05455053514904446,-0.9883418613009982
77,0.06667384174134997,-1.1626511679755316
78,0.05935806698269314,-0.724972301059299
79,0.05088665750291613,-1.4392096201578777
80,0.051774015029271446,-0.4362064732445611
81,0.05848212374581231,-0.8617678748236762
82,0.07517930534150866,-1.1797509723239474
83,0.053300850921207,-1.2983133527967665
84,0.06305747561984593,-0.8697450955708822
85,0.05844107601377699,-0.9362419976128472
86,0.06610682275560167,-1.1518615086873372
87,0.055729687213897705,-1.2122589747111003
88,0.06427386071946886,-0.9432924058702257
89,0.057781842019822865,-1.5687409506903753
90,0.07026651170518664,-0.8785805702209473
91,0.0605133573214213,-0.9634931352403429
92,0.060340285301208496,-0.7192401356167264
93,0.0474647581577301,-0.8956188625759549
94,0.05020909176932441,-0.917930179172092
95,0.05237984988424513,-0.8490290111965604
96,0.05297823415862189,-1.2438873714870877
97,0.0653498305214776,-1.5400619506835938
98,0.05990174743864271,-1.2660734388563368
99,0.06235793564054701,-1.385073767768012
100,0.06762042310502794,-1.4435112211439345
101,0.05473572015762329,-1.1853288014729817
102,0.057602630721198186,-0.9141991933186849
103,0.05593279997507731,-0.8721435334947374
104,0.05433191193474664,-1.3130389319525824
105,0.06376744641198052,-1.5367441177368164
106,0.0586603217654758,-1.3822064929538302
107,0.0645047558678521,-1.5339149898952908
108,0.0654558605617947,-1.064106093512641
109,0.07441829310523139,-1.1723590426974826
110,0.047318875789642334,-0.6409948137071397
111,0.06422213051054212,-1.3921234342787001
112,0.0639042920536465,-1.3946318096584744
113,0.05762381023830838,-1.5662481519911025
114,0.06017461087968615,-1.169904285007053
115,0.057788352171579994,-0.9708739386664497
116,0.057576252354515925,-1.1612638897365994
117,0.06262361341052586,-0.5840779940287272
118,0.05148510469330682,-0.7379289733039008
119,0.0626651578479343,-0.8128694428337945
120,0.06504691971672906,-0.910666995578342
121,0.05424695875909594,-0.9781012005276151
122,0.06445147593816121,-1.3645473056369357
123,0.055659340487586126,-1.1386082967122395
124,0.06607472234302098,-1.2693692313300238
125,0.06814232137468126,-1.2101603613959417
126,0.06601517068015204,-1.0502185821533203
127,0.05004587438371447,-0.9270094765557183
128,0.0690379540125529,-0.9660032060411241
129,0.07122588157653809,-1.2761308881971571
130,0.05915196074379815,-0.9156694412231445
131,0.056523395909203425,-0.9219042460123698
132,0.06143268611696032,-1.201388994852702
133,0.0611018869611952,-0.8102653291490343
134,0.0577220254474216,-1.3837551540798612
135,0.05610122283299764,-1.1179304122924805
136,0.06364177332984076,-1.291712760925293
137,0.053248567713631526,-1.048604965209961
138,0.0571979284286499,-1.1539160410563152
139,0.051819672187169395,-1.1143036948310003
140,0.05641080273522271,-0.7074403232998319
141,0.05295578969849481,-0.8789328469170464
142,0.062299523088667125,-0.6745781898498535
143,0.06490298774507311,-0.7722106509738498
144,0.05847107701831394,-1.3447385364108615
145,0.05552174316512214,-0.6307183371649848
146,0.05861226055357191,-1.1662025451660156
147,0.06392703453699748,-1.2618649800618489
148,0.06273729933632745,-1.3775513966878254
149,0.04687782128651937,-1.0468025207519531
150,0.06058759821785821,-1.1351018481784396
151,0.055492242177327476,-0.885567135281033
152,0.05747871266471015,-0.6217447916666666
153,0.06705737113952637,-1.269336806403266
154,0.06115965710745917,-0.8633473714192709
155,0.05810000499089559,-0.821170859866672
156,0.05745438734690348,-0.8871951103210449
157,0.06459063291549683,-1.2545156478881836
158,0.05473729968070984,-0.7191632058885362
159,0.06265169382095337,-0.5234704547458224
160,0.06820627053578694,-0.8159168561299642
161,0.057550542884402804,-0.8290476269192166
162,0.06020024749967787,-0.9735232459174262
163,0.06076953808466593,-1.439196056789822
164,0.05916972292794122,-1.4404445224338107
165,0.057647387186686196,-0.8640031284756131
166,0.06463279326756795,-0.9163038465711806
167,0.062085999382866755,-0.5903903643290201
168,0.055480231841405235,-0.9118662940131294
169,0.06021519502003988,-0.5944446987575955
170,0.056114375591278076,-0.7730158699883355
171,0.059859891732533775,-1.0329448911878798
172,0.06708423958884345,-1.1605792575412326
173,0.059497310055626765,-1.2645013597276475
174,0.058446519904666476,-0.8458367453681098
175,0.058243903848859996,-1.3661624060736761
176,0.06387397315767077,-0.9687791400485568
177,0.06486094660229152,-0.7725835906134711
178,0.061967300044165716,-0.7713087929619683
179,0.0535658597946167,-0.9268490473429362
180,0.06009337637159559,-1.0517367257012262
181,0.05790699852837457,-0.7214614020453559
182,0.059460845258500844,-1.271231969197591
183,0.05933642387390137,-1.1942598554823134
184,0.05665332741207547,-0.9073991775512695
185,0.060890535513559975,-1.2246538798014324
186,0.06688277588950263,-0.839772277408176
187,0.04970417751206292,-1.122372521294488
188,0.06207535001966688,-0.850052621629503
189,0.06318137380811903,-1.008978631761339
190,0.05970548258887397,-0.47606918546888566
191,0.06436178419325086,-1.177040417989095
192,0.0646467473771837,-0.5808091693454318
193,0.05696198675367567,-1.3347916073269315
194,0.05920113457573785,-0.7050308651394315
195,0.05863924821217855,-0.520038021935357
196,0.05578325854407416,-1.1384588877360027
197,0.06269927157296075,-1.5063916312323675
198,0.06985288196139866,-1.0093574523925781
199,0.04957462350527445,-0.8011824819776747
200,0.056527396043141685,-1.380017810397678
201,0.049524823824564614,-0.6916285620795356
202,0.06197290950351291,-0.8998871909247504
203,0.060550292332967125,-0.5802310307820638
204,0.05911593304740058,-0.8246477974785699
205,0.0631368358929952,-0.950437969631619
206,0.060610459910498724,-0.7879098256429037
207,0.061038725905948214,-1.1891422271728516
208,0.052426262034310236,-0.7728876537746854
209,0.06502696540620592,-0.6564513842264811
210,0.06428052981694539,-0.7195400132073296
211,0.06440140803654988,-0.7711257404751248
212,0.06282647450764973,-1.0685207578870985
213,0.060483071539137095,-0.7884997261895074
214,0.05597826507356432,-1.2955784267849393
215,0.07436189386579725,-0.5559394094679091
216,0.05925619602203369,-0.9077692031860352
217,0.05759819348653158,-0.6042084164089627
218,0.05467377768622504,-0.7140504519144694
219,0.054362992445627846,-0.8876742257012261
220,0.05328668157259623,-0.686347590552436
221,0.05386559168497721,-0.9309497409396701
222,0.05936716662512885,-1.2196581098768446
223,0.05859400166405572,-0.9860317442152235
224,0.05846950080659655,-0.6095733112759061
225,0.05385024348894755,-0.9406250847710503
226,0.05652248197131687,-0.8131763140360514
227,0.062455958790249295,-0.8420150544908311
228,0.06251953707800971,-1.1233835220336914
229,0.06167910496393839,-1.073847770690918
230,0.06019283003277249,-0.5569846365186903
231,0.055510371923446655,-0.8159370422363281
232,0.06575680441326565,-0.9909796184963651
233,0.04997551110055712,-1.727444330851237
234,0.05521966020266215,-0.6732631789313422
235,0.0591795179578993,-0.9173148473103842
236,0.061681018935309515,-0.8699453671773275
237,0.056610696845584445,-1.257838249206543
238,0.07722626129786174,-1.0841326183742948
239,0.06498862637413873,-1.1105815039740667
240,0.07085360421074761,-0.7933698760138618
241,0.05376730031437344,-1.077630254957411
242,0.06042944060431586,-0.49581029680040145
243,0.06215986278322008,-0.5443126890394423
244,0.053953097926245794,-0.32682980431450737
245,0.05950891971588135,-0.7856497234768338
246,0.06642829047309028,-1.2001011106703017
247,0.05993688768810696,-1.111364894443088
248,0.05967050790786743,-1.2237639957004123
249,0.058616320292154946,-0.8350215488009982
250,0.058273779021369085,-1.4775724411010742
251,0.06482497851053874,-0.8831437958611382
252,0.05989621745215522,-0.5105836656358507
253,0.05889504485660129,-0.41304439968532985
254,0.04859767357508341,-0.755194346110026
255,0.05696207284927368,-0.9993667602539062
256,0.061863601207733154,-0.9379987716674805
257,0.06500238842434353,-1.5563550525241427
258,0.05993432468838162,-1.2490818235609267
259,0.06914411650763617,-0.655279795328776
260,0.06727841165330675,-0.5878356827629937
261,0.060866210195753306,-0.6037220425075955
262,0.05687961313459608,-0.9453263812594943
263,0.05908443530400594,-0.8810843361748589
264,0.06065506405300564,-0.9865735371907552
265,0.06271535158157349,-0.9790617624918619
266,0.06447824504640368,-1.4343253241644964
267,0.05426139301723904,-0.7678675651550293
268,0.05995951096216837,-0.8069717089335123
269,0.05498503645261129,-0.6574381192525228
270,0.05504968431260851,-0.4858326382107205
271,0.0626853969362047,-0.8550250265333388
272,0.04507948954900106,-0.9516044192843967
273,0.04884191354115804,-0.8127353456285265
274,0.05302382508913676,-1.501106686062283
275,0.0548114279905955,-1.110509130689833
276,0.055838061703575984,-1.0558226903279622
277,0.0613836579852634,-0.7478756904602051
278,0.05640139182408651,-0.9472517437405057
279,0.06367920504675971,-0.7391877704196506
280,0.06014778878953722,-0.5439023971557617
281,0.06147858169343737,-0.791280534532335
282,0.06149765517976549,-1.3488691118028429
283,0.06474943293465509,-1.1592661539713542
284,0.05608948071797689,-0.8449463844299316
285,0.05938229295942518,-1.1519384384155273
286,0.0569248530599806,-0.7649615075853136
287,0.05835944414138794,-0.7970620261298286
288,0.05990650918748644,-0.788710806104872
289,0.051431241962644786,-1.0795163048638239
290,0.06274272335900201,-0.8893740971883138
291,0.06365094582239787,-1.2298074298434787
292,0.057522561815049916,-0.8747391170925565
293,0.06150368849436442,-0.5381671587626139
294,0.06183765994177924,-0.5738168292575412
295,0.06465660201178657,-0.775776121351454
296,0.0683822234471639,-1.225261476304796
297,0.0712629026836819,-0.9650739034016927
298,0.057590762774149575,-0.7495329115125868
299,0.06447490056355794,-0.8178913858201768
300,0.053765429390801325,-1.1976374520195856
301,0.0642931858698527,-0.7080988354153104
302,0.07008469104766846,-0.7746440039740669
303,0.06147866116629706,-0.49197636710272896
304,0.05687175194422404,-0.732879744635688
305,0.060922331280178495,-1.0368118286132812
306,0.062026778856913246,-0.6576448546515571
307,0.06372765037748548,-1.3425036536322699
308,0.061292449633280434,-1.1860523223876953
309,0.062432448069254555,-0.7175727420383029
310,0.07038241624832153,-0.9873153898451064
311,0.06044509675767687,-0.6933928595648872
312,0.06427613894144694,-0.8845225440131294
313,0.05877425273259481,-0.566812727186415
314,0.062079264058007136,-0.857649114396837
315,0.05976549122068617,-0.6288572947184244
316,0.05472200446658664,-1.2059273189968533
317,0.06030790673361884,-0.5488347477383084
318,0.04630254374610053,-0.5532409879896376
319,0.06018157137764825,-0.4235655731625027
320,0.06515160534116957,-0.7826960881551107
321,0.06283906433317396,-0.9543386035495334
322,0.054262247350480824,-1.1300088034735785
323,0.061897185113694936,-0.9181405173407661
324,0.06279477808210585,-0.7366558710734049
325,0.053969502449035645,-0.9512963824801974
326,0.0593585040834215,-0.8721045388115777
327,0.053327586915757924,-0.5622239642673068
328,0.057133502430386014,-1.5192989773220487
329,0.05651459428999159,-1.0331913630167644
330,0.06082908312479655,-0.3929974502987332
331,0.06439960665173,-0.7370883093939887
332,0.055302186144722834,-1.1998842027452257
333,0.05232714613278707,-0.7328044573465983
334,0.04646855923864576,-1.1527930365668402
335,0.06226766109466553,-0.7371806038750542
336,0.059954437944624156,-0.5460756089952257
337,0.0588782893286811,-0.5795911682976617
338,0.05894701348410712,-0.687364313337538
339,0.06507727834913465,-0.933826764424642
340,0.05686822864744398,-0.7722519768608941
341,0.06444552871916029,-1.1264309353298612
342,0.06811470455593532,-0.7264629999796549
343,0.06742861535814074,-0.8603972858852811
344,0.06679247485266791,-0.6046737564934624
345,0.0626861916648017,-0.5909366607666016
346,0.053721742497550115,-0.8273457421196831
347,0.07052994436687893,-0.9586653179592557
348,0.057937317424350314,-0.7556464407179091
349,0.06586953666475084,-1.2318778567843967
350,0.061302615536583796,-1.3638997607760959
351,0.06394600868225098,-0.7646888097127279
352,0.055890957514444985,-0.912189801534017
353,0.05547958943578932,-1.0463085174560547
354,0.05627546045515272,-0.7556887732611762
355,0.06305417087343004,-0.6686946551005045
356,0.06162567933400472,-0.8021234936184354
357,0.06601383950975206,-1.0651729371812608
358,0.05773682726754083,-0.8418239487542046
359,0.0621692074669732,-1.2524740431043837
360,0.06157440609402127,-0.6215959654914008
361,0.06097903516557482,-1.120237668355306
362,0.05354201793670654,-0.592938052283393
363,0.06731677717632717,-0.6651824845208062
364,0.06321143441730076,-0.9353539148966471
365,0.07174033588833278,-0.6949088838365343
366,0.06344874699910481,-0.8384014235602485
367,0.05766312943564521,-0.5455510881212022
368,0.055079387293921575,-0.6850893232557509
369,0.06370723909801906,-0.8872030046251085
370,0.059077031082577176,-0.6085536744859483
371,0.05787604384952121,-0.8281918101840549
372,0.0611818962626987,-1.0017687479654949
373,0.054527491331100464,-0.7864326900906033
374,0.06384094556172688,-0.6302484936184354
375,0.049153788222206965,-0.7903463045756022
376,0.06316877073711819,-0.9319483439127604
377,0.054436577690972224,-0.5265771018134223
378,0.05852658881081475,-0.7761633661058214
379,0.05977638562520345,-1.177504539489746
380,0.055941919485727944,-0.7601215574476454
381,0.060765498214297824,-0.4828278223673503
382,0.05537706282403734,-1.1140885882907443
383,0.05892041656706068,-1.0903596878051758
384,0.06568246417575413,-0.6144227981567383
385,0.062483900123172335,-0.8268085585700141
386,0.04948440525266859,-0.34153978029886883
387,0.05891531043582492,-0.7727117538452148
388,0.060734291871388756,-0.949914296468099
389,0.056860268115997314,-0.910944832695855
390,0.058708402845594615,-0.8456093470255533
391,0.059736258453793,-0.8250207371181912
392,0.07022525866826375,-0.6604320738050673
393,0.0616484350628323,-0.8731076452467177
394,0.05517629120084974,-0.49011532465616864
395,0.06802050934897529,-0.5624405013190376
396,0.05861545271343655,-0.8803207079569498
397,0.05964646736780802,-0.7674797905815972
398,0.05811103847291735,-1.0056326124403212
399,0.056950661871168345,-0.5732080671522353
400,0.06264550818337335,-1.0451536178588867
401,0.05703320768144396,-0.6605751249525282
402,0.06577165259255303,-1.128747092352973
403,0.058301448822021484,-0.559282143910726
404,0.05339395006497701,-0.9766464233398438
405,0.05764884418911404,-0.8137770228915744
406,0.05703265799416436,-0.9568245146009657
407,0.06236682335535685,-1.2934349907769098
408,0.05585002236896091,-0.6634463734096951
409,0.05771452850765652,-0.38971749941507977
410,0.07047690947850545,-1.135022481282552
411,0.052311638991038,-0.38344155417548287
412,0.05497416853904724,-0.6498334142896864
413,0.06277607546912299,-0.7814690272013346
414,0.06274799505869548,-0.9889048470391167
415,0.06476687060462104,-0.5874742931789823
416,0.061581439442104764,-0.8535405264960395
417,0.05566870503955417,-0.6665837499830458
418,0.049565033780203924,-0.4278678099314372
419,0.06856986549165514,-0.7075261010064019
420,0.05889954831865099,-0.5479950375027127
421,0.06731069750256008,-0.9329863654242622
422,0.05338543322351244,-0.7689239713880751
423,0.0580234858724806,-0.6289761861165365
424,0.06701448890897962,-0.5044428507486979
425,0.05527264873186747,-0.9165475633409288
426,0.06555331415600246,-0.4757656521267361
427,0.06480522950490315,-0.621705585055881
428,0.0625845260090298,-0.9744177924262153
429,0.06513662470711602,-0.7024614016215006
430,0.06404258807500203,-0.509178638458252
431,0.0639525122112698,-0.768903891245524
432,0.058150927225748696,-1.0646743774414062
433,0.06432271665996975,-1.0055762396918402
434,0.05917605426576403,-0.7410657140943739
435,0.06523798571692573,-0.6739424599541558
436,0.06123071246676975,-0.6719519297281901
437,0.06295067734188503,-0.7180682818094889
438,0.06420944796668158,-0.7671362559000651
439,0.05123359296056959,-0.6734811464945475
440,0.055532488558027476,-0.6168926027086046
441,0.0708912346098158,-0.667762385474311
442,0.06066076623068915,-0.4393353992038303
443,0.04983715547455682,-0.5464035140143501
444,0.0491209692425198,-0.5807329283820258
445,0.06690190235773723,-0.5212236510382758
446,0.05648336145612928,-0.9196692572699653
447,0.0537785722149743,-0.7111379835340712
448,0.06263902452256945,-0.9605782826741537
449,0.0571803715493944,-0.5315723419189453
450,0.05623664458592733,-0.6168979538811578
451,0.05913700660069784,-0.6138634151882596
452,0.060739258925120033,-0.45138973659939235
453,0.05800554487440321,-0.4157072967953152
454,0.055951972802480064,-0.7744290563795302
455,0.05972763564851549,-0.7332477569580078
456,0.05550084842575921,-0.7445796330769857
457,0.06584140989515516,-0.8050323592291938
458,0.05203891462749905,-0.7224616474575467
459,0.06142359972000122,-0.7297535472446017
460,0.06882355610529582,-0.8508808347913954
461,0.05792765484915839,-0.4172639846801758
462,0.05423677298757765,-0.5617309146457248
463,0.06649841864903767,-0.7453850640190972
464,0.05215299791759915,-0.9078706105550131
465,0.06676777203877766,-0.6979267332288954
466,0.04985811312993368,-0.6945010291205512
467,0.06553722752465142,-0.5698242717319064
468,0.05951366821924845,-0.44469356536865234
469,0.05284218986829122,-0.524176279703776
470,0.06146725681093004,-0.5801705254448785
471,0.05727985832426283,-0.7336352666219076
472,0.054750127924813166,-0.7646747165256076
473,0.06338969204160902,-0.7105987866719564
474,0.051205996010038585,-0.7380838923984103
475,0.054624862141079374,-0.6783956951565213
476,0.06147051519817776,-0.4869734976026747
477,0.05465364787313673,-0.8944007025824653
478,0.06004835499657525,-0.7410043080647787
479,0.06501217020882501,-0.9516320758395724
480,0.05960617462793986,-0.983549541897244
481,0.0576032731268141,-0.8349852561950684
482,0.06213439835442437,-0.9905977249145508
483,0.05752729045020209,-0.5211282836066352
484,0.05640592839982775,-0.4075324270460341
485,0.05965523587332831,-0.4644033643934462
486,0.06025889184739855,-0.6576916376749674
487,0.05350928505261739,-0.5503032472398546
488,0.06198841995663113,-0.5460330645243326
489,0.0679307844903734,-0.8328793313768175
490,0.06361243459913465,-1.0587298075358074
491,0.060064077377319336,-0.6710373560587565
492,0.0544532405005561,-0.565044191148546
493,0.06357466512256199,-0.4071642557779948
494,0.07288486427730984,-0.7544731563991971
495,0.0644190510114034,-0.30525369114345974
496,0.057651652230156794,-0.8065995640224881
497,0.060744245847066246,-0.579662005106608
498,0.06776529550552368,-0.7066133817036947
499,0.052201310793558754,-0.5311894946628146
500,0.06071830458111233,-0.8646921051873101
501,0.0627757642004225,-0.7497385872734917
502,0.06500818994310167,-0.40274092886183
503,0.06928298208448622,-0.7928524547153049
504,0.056201663282182485,-0.6610768636067709
505,0.05742336644066705,-0.6284368303087022
506,0.058433075745900474,-0.391091267267863
507,0.07247652610143025,-0.8282192548116049
508,0.04967241485913595,-0.5775676833258735
509,0.07137772109773424,-0.7030227449205186
510,0.05687689781188965,-0.6232362853156196
511,0.058794723616706,-0.6241509649488661
512,0.058466970920562744,-0.6874451107449002
513,0.0591015617052714,-0.5884428554111056
514,0.07421627309587267,-0.6516487333509657
515,0.06510797474119398,-0.5976259973314073
516,0.06591747866736518,-0.6852295133802626
517,0.04948318004608154,-0.18283045291900635
518,0.06193929248385959,-0.6109002961052789
519,0.0591917700237698,-0.5206043455335829
520,0.06302419635984632,-0.46768856048583984
521,0.060282766819000244,-0.8364223374260796
522,0.04912818471590678,-0.59032228257921
523,0.06406771474414402,-0.7379448678758409
524,0.05275710092650519,-0.5933927959865994
525,0.06138549910651313,-0.9620004230075412
526,0.0570020145840115,-0.4740748405456543
527,0.06385276052686903,-0.7022647327846951
528,0.06652979056040446,-0.6425603760613335
529,0.06391937202877468,-0.8025008307562934
530,0.052389678027894765,-0.8493313259548612
531,0.05974814626905653,-0.5750388039482964
532,0.0681723223792182,-0.7221912807888455
533,0.04934872852431403,-0.6959981918334961
534,0.06665175490909153,-0.5874613126118978
535,0.06666945748858982,-0.504646725124783
536,0.05721829334894816,-0.7271322674221463
537,0.05433410737249586,-0.4484304322136773
538,0.06433557801776463,-0.6786479420132108
539,0.05993362267812093,-0.7460525830586752
540,0.0628012948566013,-0.5780554877387153
541,0.05005271567238702,-0.4352995024787055
542,0.05345064732763502,-0.44089547793070477
543,0.06103280517790052,-0.5812255541483561
544,0.06847623984018962,-0.2907385561201308
545,0.05791546238793267,-0.5718163914150662
546,0.06960556242201063,-0.6417178577846951
547,0.06146774689356486,-0.7930048836602105
548,0.06297490331861708,-0.8576587041219076
549,0.06859783331553142,-0.6905417442321777
550,0.06797119643953112,-0.9033297432793511
551,0.05076300766732958,-0.4671977890862359
552,0.05717845757802328,-0.4197425842285156
553,0.06488807333840264,-0.6264434920416938
554,0.0689743955930074,-0.5230521096123589
555,0.05716126494937473,-0.6712137858072916
556,0.05514515439669291,-0.8355821503533257
557,0.06036249134275648,-0.8479527367485894
558,0.06414112779829237,-0.69614044825236
559,0.06071151627434625,-0.6779299841986762
560,0.061618553267584905,-0.4902344279819065
561,0.06464674075444539,-0.5250422159830729
562,0.0602477855152554,-0.40358609623379177
563,0.05693052874671088,-0.5598681237962511
564,0.059950550397237144,-0.6377548111809624
565,0.05926950110329522,-0.5519629054599338
566,0.061159206761254206,-0.5338445769415961
567,0.056173370944129095,-0.6101814375983344
568,0.0610193477736579,-0.5551048914591471
569,0.06820391284094916,-0.6488966412014432
570,0.05716476175520155,-0.3780212667253282
571,0.05981306897269355,-0.6320390171474881
572,0.05001092950503031,-0.7637994024488661
573,0.06006777286529541,-0.7347647878858778
574,0.060525748464796275,-0.5631412929958768
575,0.0646780596839057,-0.8593384954664443
576,0.06477967235777113,-0.54477326075236
577,0.05443671014573839,-0.2851521968841553
578,0.06390209330452813,-0.5173274676005045
579,0.06506453620062934,-0.6225417984856499
580,0.05029011103841993,-0.28062687979804146
581,0.05658296081754896,-0.29639212290445965
582,0.06617624892128839,-0.6986315515306261
583,0.06580291854010688,-0.7929120063781738
584,0.05821961826748318,-0.46348773108588326
585,0.05787234836154514,-0.34993508127000594
586,0.06430333852767944,-0.6263641251458062
587,0.05952301952573988,-0.5695959197150336
588,0.0583542717827691,-0.7570918930901421
589,0.07086579004923503,-0.916316032409668
590,0.065694702996148,-0.5998338593377007
591,0.06706064939498901,-0.6126215722825792
592,0.05719598134358724,-0.5241138140360514
593,0.05297712484995524,-0.44326747788323295
594,0.06529429886076185,-0.35023003154330784
595,0.056404815779791936,-0.5120102034674751
596,0.061101026005215116,-0.5275517569647895
597,0.05962736076778836,-0.8092222213745117
598,0.054030024343066745,-0.7861621114942763
599,0.0551007522477044,-0.31927850511338973
600,0.06474434667163426,-0.6075788074069552
601,0.05830062760247125,-0.5968368318345811
602,0.05752385987175836,-0.3750485314263238
603,0.06970805592007107,-0.3551682366265191
604,0.06279908286200629,-0.5161356396145291
605,0.059477150440216064,-0.5581650733947754
606,0.06608643796708849,-0.6349500020345052
607,0.058955497211880155,-0.6768278015984429
608,0.04750227597024706,-0.6367867257859972
609,0.05364378955629137,-0.2903519736395942
610,0.05453593201107449,-0.6194822523328993
611,0.061532437801361084,-0.5814518928527832
612,0.04771424664391412,-0.49733400344848633
613,0.06789617405997382,-0.41347161928812665
614,0.06546388069788615,-0.8667768372429742
615,0.06229107909732395,-0.4298599296145969
616,0.06426792674594456,-0.47769800821940106
617,0.05994517935646905,-0.30919400850931805
618,0.05742512808905707,-0.39984819624159074
619,0.06415446599324544,-0.6714768409729004
620,0.05801712142096625,-0.4096447361840142
621,0.0585999952422248,-0.5425031979878744
622,0.06427454948425293,-0.4329153431786431
623,0.06109615166982015,-0.5095382796393501
624,0.05775365564558241,-0.4719699223836263
625,0.05269145965576172,-0.7048041025797526
626,0.05745344691806369,-0.45417149861653644
627,0.056457195017072886,-0.2083371877670288
628,0.06546939081615871,-0.5707990858289931
629,0.05467221803135342,-0.4844951629638672
630,0.056742568810780845,-0.7819641960991753
631,0.05671848191155328,-0.36002712779574925
632,0.05335470702913073,-0.7374716334872775
633,0.0563186075952318,-0.4872433344523112
634,0.0605622132619222,-0.37232258584764266
635,0.06074747774336073,-0.44684939914279515
636,0.0683777994579739,-0.5946130752563477
637,0.051995545625686646,-0.5171570777893066
638,0.06015906069013807,-0.5196542739868164
639,0.06243858072492811,-0.5617298550075955
640,0.060029943784077965,-0.44558307859632706
641,0.061111523045433894,-0.6445684432983398
642,0.059022638532850474,-0.33864662382337785
643,0.057721389664544,-0.2956518332163493
644,0.05809477965037028,-0.5297088093227811
645,0.0663954946729872,-0.21176120969984266
646,0.05471721622678968,-0.7129802174038358
647,0.07056925694147746,-0.8728445900811089
648,0.04961334996753269,-0.3583804236518012
649,0.05622088246875339,-0.7275508774651421
650,0.06360413630803426,-0.6316874292161729
651,0.06149365504582723,-0.4114967981974284
652,0.06910117467244466,-0.6434081395467123
653,0.05305976006719801,-0.3897160159216987
654,0.05910516447491116,-0.42256924841139054
655,0.056026339530944824,-0.6413284407721626
656,0.05466878414154053,-0.7364316516452365
657,0.07073924938837688,-0.7261531088087294
658,0.060286376211378306,-0.5164826181199815
659,0.06528230508168538,-0.3163389099968804
660,0.05978823370403714,-0.6828118960062662
661,0.05791952212651571,-0.2547079722086589
662,0.056412590874565974,-0.3571396933661567
663,0.06817509068383111,-0.4169367419348823
664,0.06350132491853502,-0.45082134670681423
665,0.061956306298573814,-0.4280429416232639
666,0.05426775746875339,-0.43717651897006565
667,0.053939219978120595,-0.2606365945604112
668,0.059169126881493464,-0.2001494566599528
669,0.05625491009818183,-0.3205206659105089
670,0.06243885887993707,-0.231488307317098
671,0.060677674081590444,-0.5029781129625108
672,0.05860523382822672,-0.7581767506069608
673,0.06525468164020115,-0.6999445491366916
674,0.06431227922439575,-0.3875659571753608
675,0.0677631828520033,-0.5447680685255263
676,0.06499868631362915,-0.41665564643012154
677,0.058242612414889865,-0.4171726438734267
678,0.0615824196073744,-0.3820514678955078
679,0.054184903701146446,-0.30892441007826066
680,0.05660739872190687,-0.9632219738430448
681,0.05188570088810391,-0.44781653086344403
682,0.06651824712753296,-0.5170638826158311
683,0.06229907274246216,-0.40020179748535156
684,0.06433133284250896,-0.413338581720988
685,0.058343715137905545,-0.32357292705112034
686,0.062253461943732366,-0.32611388630337185
687,0.05725979142718845,-0.4591107898288303
688,0.061629149648878306,-0.43439873059590656
689,0.060386478900909424,-0.5521564483642578
690,0.06403564744525486,-0.5931683116488986
691,0.05777957042058309,-0.40567612648010254
692,0.06115712059868707,-0.3313874668545193
693,0.046850512425104775,-0.3372175428602431
694,0.05677591429816352,-0.1381837526957194
695,0.05417295628123813,-0.4377278751797146
696,0.06485254897011651,-0.5581949551900228
697,0.05966228246688843,-0.4599005911085341
698,0.04913743668132358,-0.5671397315131294
699,0.060805559158325195,-0.4667015075683594
700,0.05430625875790914,-0.8367367320590549
701,0.05925023555755615,-0.43404200341966415
702,0.05370334121916029,-0.41022949748569065
703,0.058193339241875544,-0.24556549390157065
704,0.061947776211632624,-0.38525544272528756
705,0.06297775771882799,-0.6879808108011881
706,0.060732497109307185,-0.3127683268653022
707,0.053837226496802434,-0.6473721398247613
708,0.058429592185550265,-0.5007850858900282
709,0.0562117165989346,-0.19994797971513537
710,0.05988768736521403,-0.2520439359876845
711,0.06752728091345893,-0.40092084142896867
712,0.05840436617533366,-0.32120996051364475
713,0.06753627459208171,-0.27148670620388454
714,0.05440947082307604,-0.504929436577691
715,0.06073023875554403,-0.5304741859436035
716,0.05835568242602878,-0.4530105061001248
717,0.06474448574913873,-0.30000268088446724
718,0.0649334192276001,-0.3623430199093289
719,0.06040049261516995,-0.3870859411027696
720,0.06561828321880764,-0.3939514689975315
721,0.05665195650524563,-0.6333527035183377
722,0.06440425581402248,-0.5819060537550185
723,0.06954414976967706,-0.45069297154744464
724,0.05609871281517877,-0.21043509907192653
725,0.062114556630452476,-0.431551456451416
726,0.0622741182645162,-0.33630802896287704
727,0.06351705392201741,-0.4380921522776286
728,0.05693610509236654,-0.47464047537909615
729,0.056595173146989614,-0.2957330014970567
730,0.05703343947728475,-0.4499126540289985
731,0.06014987495210436,-0.3285820749070909
732,0.05308804909388224,-0.5252479447258843
733,0.0629862215783861,-0.44782670338948566
734,0.06601118379169041,-0.2464605172475179
735,0.058710058530171715,-0.42263314459058976
736,0.055195864703920156,-0.6446916262308756
737,0.05144553383191427,-0.23623506228129068
738,0.0625962151421441,-0.4028582043117947
739,0.054393145773145885,-0.509623474544949
740,0.06149962213304308,-0.3697960641649034
741,0.053878953059514366,-0.41474493344624835
742,0.06010125080744425,-0.36395245128207737
743,0.05782137976752387,-0.38353750440809464
744,0.058579444885253906,-0.31020503573947483
745,0.059167941411336265,-0.33624807993570965
746,0.0547941525777181,-0.6111149787902832
747,0.057531125015682645,-0.5532841152615018
748,0.053438146909077965,-0.49298254648844403
749,0.05857523282368978,-0.8235351244608561
750,0.06110935078726874,-0.6290988922119141
751,0.06418049997753567,-0.17025303840637207
752,0.058040983147091336,-0.6037756601969401
753,0.052784194548924766,-0.27775735325283474
754,0.055236362748675875,-0.2133206393983629
755,0.056897507773505315,-0.48797067006429035
756,0.06231070889366998,-0.16671082708570692
757,0.06261736816830105,-0.415813684463501
758,0.05968038241068522,-0.5474625163608127
759,0.0650373101234436,-0.28859808709886337
760,0.06051183409161038,-0.19136566585964626
761,0.05552905466821459,-0.36858921580844456
762,0.050172617038091026,-0.2767752276526557
763,0.058087322447035045,-0.37885504298739964
764,0.057359655698140465,-0.3362847434149848
765,0.07518745793236627,-0.5432291560702853
766,0.04621264338493347,-0.3737633493211534
767,0.05512843198246426,-0.2229871220058865
768,0.06291933192147149,-0.3952073785993788
769,0.0646317270067003,-0.2707889874776204
770,0.05999704864290026,-0.13405538929833305
771,0.0658139321539137,-0.3386099868350559
772,0.06329639090432061,-0.33494191699557835
773,0.06110343005922106,-0.633760028415256
774,0.04719420936372545,-0.3250654803382026
775,0.05751176675160726,-0.5329470104641385
776,0.06760381327735053,-0.3502737681070964
777,0.06713478432761298,-0.2662332322862413
778,0.05981138679716322,-0.33319388495551217
779,0.06151973538928562,-0.20915106932322183
780,0.05795363585154215,-0.4197349018520779
781,0.06507463587654962,-0.26664723290337455
782,0.061255190107557506,-0.48752302593655056
783,0.054124014245139226,-0.3612784544626872
784,0.06669527292251587,-0.25130873256259495
785,0.05942494339413113,-0.07926399177975124
786,0.05265495181083679,-0.16785262690650093
787,0.060633705721961126,-0.29554706149631077
788,0.057145244545406766,-0.21188414096832275
789,0.053587496280670166,-0.17048711246914333
790,0.06009368101755778,-0.42425399356418186
791,0.05757413970099555,-0.6676438119676378
792,0.06474702225791083,-0.3711858325534397
793,0.058938841025034584,-0.3773401578267415
794,0.0626348786883884,-0.24689841270446777
795,0.0598364339934455,-0.17470502853393555
796,0.059648613135019936,-0.33424003918965656
797,0.05922703610526191,-0.25207893053690594
798,0.06522980663511488,-0.40097064442104763
799,0.06075635221269396,-0.3729413350423177
800,0.06265261438157824,-0.3401805559794108
801,0.07500521341959636,-0.3184378941853841
802,0.06235875023735894,-0.09782299068239
803,0.05799863735834757,-0.24642250272962782
804,0.05816182163026598,-0.4616258939107259
805,0.05729289849599203,-0.5081658363342285
806,0.054940743578804865,-0.32824863327874076
807,0.06099378400378757,-0.4043051666683621
808,0.06222086482577854,-0.45892005496554905
809,0.07044400109185113,-0.3489927185906304
810,0.05681059757868449,-0.3174741533067491
811,0.06215504142973158,-0.23549040158589682
812,0.05255282256338331,-0.17024971379174125
813,0.07002206643422444,-0.4329863389333089
814,0.060016128751966685,-0.3581610255771213
815,0.062089615397983126,-0.2601705127292209
816,0.055679268307156034,-0.1679897043440077
817,0.05468326144748264,-0.11627588007185194
818,0.05966420306099786,-0.3270440101623535
819,0.061665972073872886,-0.5853125254313151
820,0.06143510341644287,-0.12116290463341607
821,0.05462011032634311,-0.3107728693220351
822,0.06010261509153578,-0.34723377227783203
823,0.06036570337083605,-0.12711339526706272
824,0.057296951611836754,-1.0022473865085177
825,0.068857298956977,-0.3959609932369656
826,0.06367441018422444,-0.2569335831536187
827,0.06344807810253567,-0.08705290820863512
828,0.052914424075020686,-0.12486351860894097
829,0.057902673880259194,-0.17149192757076687
830,0.05253456698523627,-0.5538970629374186
831,0.05901271767086453,-0.16314182016584608
832,0.06505284706751506,-0.26813721656799316
833,0.057679706149631076,-0.35049894120958114
834,0.06372994846767849,-0.09816773070229425
835,0.05746599038441976,-0.20321740044487846
836,0.06749249829186334,-0.20798254013061523
837,0.06685050990846422,-0.16253558794657388
838,0.05744440688027276,-0.11656375726064046
839,0.06250503990385267,-0.17125891314612496
840,0.06025654739803738,-0.43197088771396214
841,0.0647652546564738,-0.20274288124508327
842,0.06760618421766493,-0.12708597713046604
843,0.06151543723212348,-0.16417717933654785
844,0.055275662077797785,-0.40352092848883736
845,0.056403160095214844,-0.28072690963745117
846,0.0588726798693339,-0.15254881646898058
847,0.06246433655420939,-0.4778801070319282
848,0.06264338228437635,-0.10271769099765354
849,0.06360424227184719,-0.1891405979792277
850,0.0596334007051256,-0.41952382193671334
851,0.06726114617453681,-0.15397451983557808
852,0.05942059887780084,-0.18244400289323595
853,0.06028066741095649,-0.3415709071689182
854,0.06247623761494955,-0.11785830391777886
855,0.051100035508473717,-0.08189665608935887
856,0.051810267898771495,-0.124789383676317
857,0.0695122480392456,-0.24718814425998265
858,0.05813342332839966,-0.13331409295399985
859,0.06427296002705891,-0.07312460740407307
860,0.05355767077869839,-0.12215560012393528
861,0.06370849741829766,-0.14765550030602348
862,0.054001559813817344,-0.1938658422893948
863,0.05270849002732171,-0.11977877881791857
864,0.06548421250449286,-0.2366665999094645
865,0.05907452768749661,-0.14978663126627603
866,0.0684160523944431,-0.18784572018517387
867,0.053532318936453924,-0.007498318950335185
868,0.05622893571853638,-0.049961831834581166
869,0.05370862285296122,-0.09430562787585789
870,0.0701704290178087,-0.29248732990688747
871,0.064384659131368,-0.27760842111375594
872,0.06585397322972615,-0.43067362573411727
