date,seed,ev_count,ev_count_delta_from_day_mean,ev_count_ratio_to_design_median,pass_pct,failed,unknown
2024-04-02,10073000,101,-2.3333333333333286,0.9901960784313726,82.8125,43,1
2024-04-02,10083007,102,-1.3333333333333286,1.0,94.140625,14,1
2024-04-02,10093014,107,3.6666666666666714,1.0490196078431373,97.265625,6,1
2024-04-03,10074009,107,5.666666666666671,1.0388349514563107,100.0,0,0
2024-04-03,10084016,99,-2.3333333333333286,0.9611650485436893,92.578125,18,1
2024-04-03,10094023,98,-3.3333333333333286,0.9514563106796117,73.828125,67,0
2024-04-13,10075018,112,5.0,1.1313131313131313,100.0,0,0
2024-04-13,10085025,115,8.0,1.1616161616161615,99.609375,0,1
2024-04-13,10095032,94,-13.0,0.9494949494949495,97.265625,7,0
2024-04-14,10076027,110,7.333333333333329,1.1111111111111112,98.4375,2,2
2024-04-14,10086034,107,4.333333333333329,1.0808080808080809,91.015625,22,1
2024-04-14,10096041,91,-11.666666666666671,0.9191919191919192,80.859375,47,2
2024-04-20,10077036,112,14.0,1.12,73.046875,69,0
2024-04-20,10087043,92,-6.0,0.92,83.59375,42,0
2024-04-20,10097050,90,-8.0,0.9,83.203125,43,0
2024-04-21,10078045,82,-9.666666666666671,0.82,78.125,56,0
2024-04-21,10088052,94,2.3333333333333286,0.94,91.40625,22,0
2024-04-21,10098059,99,7.333333333333329,0.99,82.421875,45,0
2024-08-02,10079054,100,5.0,0.9900990099009901,69.53125,77,1
2024-08-02,10089061,97,2.0,0.9603960396039604,67.96875,79,3
2024-08-02,10099068,88,-7.0,0.8712871287128713,91.40625,22,0
2024-08-04,10080063,88,-9.0,0.8888888888888888,64.0625,92,0
2024-08-04,10090070,109,12.0,1.101010101010101,72.265625,71,0
2024-08-04,10100077,94,-3.0,0.9494949494949495,85.546875,37,0
2024-08-05,10081072,103,-0.3333333333333286,1.0,64.84375,89,1
2024-08-05,10091079,100,-3.3333333333333286,0.970873786407767,80.46875,49,1
2024-08-05,10101086,107,3.6666666666666714,1.0388349514563107,86.328125,35,0
2024-08-10,10082081,103,5.333333333333329,1.0404040404040404,91.796875,21,0
2024-08-10,10092088,90,-7.666666666666671,0.9090909090909091,87.109375,33,0
2024-08-10,10102095,100,2.3333333333333286,1.0101010101010102,67.578125,83,0
2024-08-11,10083090,89,-9.333333333333329,0.9081632653061225,82.421875,45,0
2024-08-11,10093097,94,-4.333333333333329,0.9591836734693877,85.9375,35,1
2024-08-11,10103104,112,13.666666666666671,1.1428571428571428,100.0,0,0
2024-08-17,10084099,89,-13.333333333333329,0.89,88.28125,29,1
2024-08-17,10094106,109,6.666666666666671,1.09,100.0,0,0
2024-08-17,10104113,109,6.666666666666671,1.09,100.0,0,0
2024-10-01,10085108,98,-3.6666666666666714,0.9514563106796117,83.984375,41,0
2024-10-01,10095115,105,3.3333333333333286,1.0194174757281553,100.0,0,0
2024-10-01,10105122,102,0.3333333333333286,0.9902912621359223,88.28125,30,0
2024-10-02,10086117,93,-10.333333333333329,0.9029126213592233,100.0,0,0
2024-10-02,10096124,102,-1.3333333333333286,0.9902912621359223,92.1875,20,0
2024-10-02,10106131,115,11.666666666666671,1.116504854368932,100.0,0,0
2024-10-03,10087126,95,-7.666666666666671,0.9047619047619048,99.609375,0,1
2024-10-03,10097133,111,8.333333333333329,1.0571428571428572,99.609375,0,1
2024-10-03,10107140,102,-0.6666666666666714,0.9714285714285714,99.609375,0,1
2024-10-05,10088135,105,-1.6666666666666714,1.0606060606060606,99.609375,0,1
2024-10-05,10098142,109,2.3333333333333286,1.101010101010101,99.609375,0,1
2024-10-05,10108149,106,-0.6666666666666714,1.0707070707070707,99.21875,0,2
2024-10-06,10089144,93,-6.666666666666671,0.93,97.265625,7,0
2024-10-06,10099151,117,17.33333333333333,1.17,100.0,0,0
2024-10-06,10109158,89,-10.666666666666671,0.89,99.609375,1,0
2024-10-12,10090153,86,-8.333333333333329,0.8686868686868687,95.3125,10,2
2024-10-12,10100160,99,4.666666666666671,1.0,99.609375,0,1
2024-10-12,10110167,98,3.6666666666666714,0.98989898989899,99.21875,1,1
2024-10-13,10091162,107,1.6666666666666714,1.0918367346938775,100.0,0,0
2024-10-13,10101169,99,-6.333333333333329,1.010204081632653,100.0,0,0
2024-10-13,10111176,110,4.666666666666671,1.1224489795918366,100.0,0,0
2024-12-01,10092171,99,-1.0,1.0,100.0,0,0
2024-12-01,10102178,105,5.0,1.0606060606060606,100.0,0,0
2024-12-01,10112185,96,-4.0,0.9696969696969697,99.21875,2,0
2024-12-02,10093180,110,7.666666666666671,1.0679611650485437,71.09375,74,0
2024-12-02,10103187,98,-4.333333333333329,0.9514563106796117,85.15625,38,0
2024-12-02,10113194,99,-3.3333333333333286,0.9611650485436893,83.984375,40,1
2024-12-03,10094189,93,-6.0,0.9029126213592233,81.640625,47,0
2024-12-03,10104196,103,4.0,1.0,100.0,0,0
2024-12-03,10114203,101,2.0,0.9805825242718447,91.40625,22,0
2024-12-07,10095198,96,-5.0,0.9795918367346939,82.03125,46,0
2024-12-07,10105205,109,8.0,1.1122448979591837,100.0,0,0
2024-12-07,10115212,98,-3.0,1.0,69.140625,79,0
2024-12-08,10096207,101,1.0,1.02020202020202,100.0,0,0
2024-12-08,10106214,87,-13.0,0.8787878787878788,94.921875,13,0
2024-12-08,10116221,112,12.0,1.1313131313131313,100.0,0,0
2024-12-14,10097216,107,7.333333333333329,1.1030927835051547,94.140625,15,0
2024-12-14,10107223,92,-7.666666666666671,0.9484536082474226,96.09375,10,0
2024-12-14,10117230,100,0.3333333333333286,1.0309278350515463,94.53125,14,0
