Episode,SoC_Hit_Rate_%,Dispatch_Tracking_Rate_%,Avg_SoC_Deficit_kWh,SoC_Departing_EVs,SoC_Hit_EVs,Surplus_Steps,Surplus_Steps_Within_Narrow,Shortage_Steps,Shortage_Steps_Within_Narrow,Central_Tracking_Rate_%,System_Tracking_Rate_%,Raw_Actor_MAE_kW,Pre_BESS_MAE_kW,Post_BESS_MAE_kW,Central_Corrected_EV_Steps,Central_Corrected_Station_Steps,Central_Max_Corrected_Stations_Per_Step,Central_Max_Station_Target_Error_kW,Central_Absolute_Correction_kWh,BESS_Throughput_kWh
1,28.395061728395063,29.411764705882355,18.8035509319141,81,23,186,57,18,3,29.411764705882355,29.411764705882355,213.72680962319467,213.7268004323922,213.7268004323922,1205,718,6,7.62939453125e-05,0.002777854228952492,0.0
2,44.827586206896555,21.904761904761905,22.556015772745013,87,39,161,39,49,7,21.904761904761905,21.904761904761905,219.79261418013346,219.79262041988827,219.79262041988827,1738,783,6,0.0001068115234375,0.0035952220969193145,0.0
3,28.94736842105263,27.604166666666668,19.592414167192246,76,22,174,51,18,2,27.604166666666668,27.604166666666668,269.34690431257087,269.3469068010648,269.3469068010648,1455,837,7,7.62939453125e-05,0.003073813953960779,0.0
4,35.1063829787234,21.71717171717172,22.65941972419864,94,33,168,38,30,5,21.71717171717172,21.71717171717172,235.73286285544887,235.73285804132018,235.73285804132018,1666,778,6,0.0001220703125,0.0035408537645101493,0.0
5,40.25974025974026,37.5,20.706072330474854,77,31,167,67,25,5,37.5,37.5,213.71988283097744,213.71986828744411,213.71986828744411,1661,825,7,0.0001678466796875,0.0034446345374211282,0.0
6,40.298507462686565,32.795698924731184,26.10630951821804,67,27,181,61,5,0,32.795698924731184,32.795698924731184,162.08192433593095,162.0819255562239,162.0819255562239,1234,628,6,9.918212890625e-05,0.002643241638603892,0.0
7,41.0958904109589,29.166666666666668,18.1781417069047,73,30,166,44,26,12,29.166666666666668,29.166666666666668,251.78707500050464,251.78707703202963,251.78707703202963,1453,799,6,0.0001068115234375,0.002851147576317696,0.0
8,38.88888888888889,40.86021505376344,17.15723013539206,72,28,167,73,19,3,40.86021505376344,40.86021505376344,191.49810207531016,191.4981044184777,191.4981044184777,1212,737,6,7.62939453125e-05,0.002652916685140856,0.0
9,34.04255319148936,21.428571428571427,19.375377887679683,94,32,190,41,62,13,21.428571428571427,21.428571428571427,176.34021583353243,176.3402114890161,176.3402114890161,1548,881,7,0.0001068115234375,0.003370909456862137,0.0
10,36.231884057971016,40.74074074074074,16.283526713875208,69,25,163,72,53,16,40.74074074074074,40.74074074074074,158.42125298800292,158.42125468783908,158.42125468783908,1259,825,6,9.918212890625e-05,0.002637179567803589,0.0
11,26.027397260273972,35.0,16.742509424686432,73,19,147,53,33,10,35.0,35.0,273.4863864156935,273.4863740709093,273.4863740709093,1499,886,7,9.1552734375e-05,0.003098118245967876,0.0
12,40.50632911392405,12.365591397849462,16.10580893146231,79,32,116,21,70,2,12.365591397849462,12.365591397849462,327.48339568927724,327.483393971638,327.483393971638,1218,622,6,9.1552734375e-05,0.0025085492237243066,0.0
13,28.089887640449433,32.82828282828283,20.038913492113352,89,25,143,56,55,9,32.82828282828283,32.82828282828283,300.56818597003667,300.5681794050968,300.5681794050968,1600,994,7,7.62939453125e-05,0.003348086386116242,0.0
14,34.52380952380952,27.604166666666668,20.920574704083528,84,29,163,47,29,6,27.604166666666668,27.604166666666668,252.84785871207714,252.84785673767328,252.84785673767328,1649,745,6,0.0001220703125,0.0033706622659034715,0.0
15,29.76190476190476,21.875,17.162437562215125,84,25,188,41,4,1,21.875,21.875,216.86384465054894,216.86384534593648,216.86384534593648,1385,811,6,9.1552734375e-05,0.003216255578687803,0.0
16,45.94594594594595,28.125,17.49812641441822,74,34,177,53,15,1,28.125,28.125,304.71793262660503,304.7179353882869,304.7179353882869,1640,916,7,9.1552734375e-05,0.003337929614644962,0.0
17,37.9746835443038,22.61904761904762,18.279469791723756,79,30,160,37,8,1,22.61904761904762,22.61904761904762,192.84534655298506,192.8453440382367,192.8453440382367,1087,638,6,9.1552734375e-05,0.0024494813789412255,0.0
18,34.21052631578948,28.333333333333332,22.50494035243988,76,26,142,39,38,12,28.333333333333332,28.333333333333332,243.18220579359266,243.1822071340349,243.1822071340349,1494,767,6,0.0001068115234375,0.0033315809720685756,0.0
19,32.09876543209876,23.118279569892472,18.38635401292281,81,26,148,40,38,3,23.118279569892472,23.118279569892472,229.9112293886882,229.91123234200222,229.91123234200222,1541,911,7,0.0001068115234375,0.003271949886463214,0.0
20,34.72222222222223,23.214285714285715,16.431521851965723,72,25,162,39,6,0,23.214285714285715,23.214285714285715,231.82767220905848,231.82766453425089,231.82766453425089,1324,787,7,0.0001068115234375,0.0030436213576952773,0.0
21,27.272727272727266,27.61904761904762,17.258429046720266,88,24,200,55,10,3,27.61904761904762,27.61904761904762,245.71077680360702,245.7107696782975,245.7107696782975,1656,914,7,9.1552734375e-05,0.0033851472362584896,0.0
22,31.578947368421055,25.0,16.80762052192138,76,24,170,43,22,5,25.0,25.0,311.93343593428534,311.93343944102526,311.93343944102526,1540,774,7,0.0001068115234375,0.00333407221357144,0.0
23,35.80246913580247,22.58064516129032,22.972198922473652,81,29,138,36,48,6,22.58064516129032,22.58064516129032,265.9192496012616,265.9192428127412,265.9192428127412,1319,766,6,9.1552734375e-05,0.003081093309447171,0.0
24,40.0,29.166666666666668,15.57583185888472,70,28,119,38,73,18,29.166666666666668,29.166666666666668,196.3508097951611,196.35080521553755,196.35080521553755,1458,900,7,0.0001220703125,0.0031302889665312246,0.0
25,42.857142857142854,22.058823529411764,19.326871788750093,84,36,154,35,50,10,22.058823529411764,22.058823529411764,323.5831925867527,323.5831902773649,323.5831902773649,1522,808,6,0.0001220703125,0.0033271295299831163,0.0
26,45.20547945205479,25.98039215686275,24.138776886463166,73,33,179,48,25,5,25.98039215686275,25.98039215686275,220.40381030709136,220.40381616003373,220.40381616003373,1578,848,6,9.918212890625e-05,0.003533919870581789,0.0
27,36.04651162790697,24.761904761904763,20.006026575782084,86,31,144,42,66,10,24.761904761904763,24.761904761904763,184.49912380945113,184.4991313071478,184.4991313071478,1544,860,7,7.62939453125e-05,0.0033378360664452606,0.0
28,43.90243902439025,32.29166666666667,16.301565351693526,82,36,158,58,34,4,32.29166666666667,32.29166666666667,234.36344216515621,234.3634313121438,234.3634313121438,1470,866,7,9.1552734375e-05,0.003165132673530023,0.0
29,35.13513513513513,25.757575757575758,16.196008269985516,74,26,169,40,29,11,25.757575757575758,25.757575757575758,255.53749428734636,255.53748452904247,255.53748452904247,1444,907,7,7.62939453125e-05,0.0032422004345183586,0.0
30,27.90697674418604,35.41666666666667,21.52908528620197,86,24,176,65,16,3,35.41666666666667,35.41666666666667,224.72359681874514,224.72358567267656,224.72358567267656,1491,758,6,7.62939453125e-05,0.003059171224473782,0.0
31,42.5,32.25806451612903,18.40252665527489,80,34,186,60,0,0,32.25806451612903,32.25806451612903,206.90445674363002,206.9044529186782,206.9044529186782,1695,940,6,0.0001068115234375,0.003707673943911989,0.0
32,48.75,28.125,18.199103157694747,80,39,154,44,38,10,28.125,28.125,290.5694250365098,290.56942774852115,290.56942774852115,1484,806,6,9.1552734375e-05,0.0034660664665959,0.0
33,51.35135135135135,29.56989247311828,16.44513081614342,74,38,165,52,21,3,29.56989247311828,29.56989247311828,286.48852650324505,286.4885257700438,286.4885257700438,1220,763,6,9.1552734375e-05,0.0028719536291343193,0.0
34,47.25274725274725,35.317460317460316,15.811172974606356,91,43,201,79,51,10,35.317460317460316,35.317460317460316,193.80599563840835,193.80599144526892,193.80599144526892,2087,1048,6,0.0001220703125,0.0042978682334554215,0.0
35,33.80281690140845,36.574074074074076,20.463752165753792,71,24,183,71,33,8,36.574074074074076,36.574074074074076,201.14967692339863,201.14967776669397,201.14967776669397,1600,873,7,0.00012969970703125,0.003326348401969882,0.0
36,41.333333333333336,45.0,19.541007388721813,75,31,156,70,24,11,45.0,45.0,188.879218811459,188.879216448466,188.879216448466,1506,827,7,9.1552734375e-05,0.0031690017617620452,0.0
37,47.61904761904761,19.892473118279568,15.443145953796126,84,40,163,34,23,3,19.892473118279568,19.892473118279568,268.97816884774033,268.9781574959396,268.9781574959396,1697,819,6,0.0001068115234375,0.00345652788625254,0.0
38,48.10126582278481,26.767676767676768,17.83532529923974,79,38,162,47,36,6,26.767676767676768,26.767676767676768,249.25167460032185,249.25166872414675,249.25166872414675,1781,976,7,0.0001220703125,0.003648505906918823,0.0
39,48.57142857142857,31.770833333333332,15.539521638303995,70,34,162,56,30,5,31.770833333333332,31.770833333333332,226.47980576381087,226.4798036714395,226.4798036714395,1201,746,7,7.62939453125e-05,0.0027009613580351783,0.0
40,40.963855421686745,33.85416666666667,19.050165991393886,83,34,177,61,15,4,33.85416666666667,33.85416666666667,179.3756441026926,179.37563423315683,179.37563423315683,1721,903,6,0.0001068115234375,0.0034622798590741373,0.0
41,39.189189189189186,30.729166666666668,13.884976736704509,74,29,185,59,7,0,30.729166666666668,30.729166666666668,227.4592217206955,227.45921607812247,227.45921607812247,1248,796,6,0.0001220703125,0.002861629688292547,0.0
42,33.33333333333333,26.785714285714285,19.837658467201088,78,26,144,43,24,2,26.785714285714285,26.785714285714285,223.0593707561493,223.05936710039774,223.05936710039774,1192,638,7,9.1552734375e-05,0.002619464685873634,0.0
43,37.878787878787875,36.11111111111111,19.60047951267987,66,25,139,54,41,11,36.11111111111111,36.11111111111111,182.91428144772848,182.91427615483602,182.91427615483602,1243,725,7,7.62939453125e-05,0.0026852488820926133,0.0
44,40.27777777777778,26.881720430107524,17.343094872873884,72,29,167,45,19,5,26.881720430107524,26.881720430107524,226.1029583818169,226.10294076447846,226.10294076447846,1323,763,6,0.0001068115234375,0.0027594990096986294,0.0
45,41.55844155844156,17.857142857142858,17.74538912243313,77,32,136,28,32,2,17.857142857142858,17.857142857142858,252.82132356507438,252.82132112412225,252.82132112412225,1661,870,7,0.0001068115234375,0.003399989382766459,0.0
46,35.55555555555556,26.190476190476193,14.458417664314139,90,32,193,49,17,6,26.190476190476193,26.190476190476193,267.7726637613206,267.772660328093,267.772660328093,1427,788,6,9.918212890625e-05,0.0031666380333869406,0.0
47,37.66233766233766,27.083333333333332,13.839152003328005,77,29,175,50,17,2,27.083333333333332,27.083333333333332,255.8438104391098,255.84380479653677,255.84380479653677,1880,943,7,8.392333984375e-05,0.004020115976648716,0.0
48,43.037974683544306,30.64516129032258,18.087197146813075,79,34,154,48,32,9,30.64516129032258,30.64516129032258,246.84890170251168,246.84890778346727,246.84890778346727,1519,926,6,8.0108642578125e-05,0.0034342646537576607,0.0
49,37.83783783783784,15.625,18.369999236386754,74,28,112,23,80,7,15.625,15.625,356.240571513772,356.24056199193,356.24056199193,1593,790,6,0.0001220703125,0.0034185261520178773,0.0
50,27.710843373493972,25.0,18.171494218707085,83,23,174,45,30,6,25.0,25.0,260.0994838382683,260.09948022926557,260.09948022926557,1613,813,6,0.0001068115234375,0.003369582861220503,0.0
51,30.769230769230774,20.098039215686274,17.706887006759644,78,24,167,40,37,1,20.098039215686274,20.098039215686274,224.91425389051437,224.91424571649702,224.91424571649702,1718,932,7,0.000110626220703125,0.003889779563905903,0.0
52,46.51162790697674,20.0,18.315678166306537,86,40,144,32,66,10,20.0,20.0,242.6958676133837,242.6958624680837,242.6958624680837,1572,826,7,0.0001220703125,0.0033523000902278004,0.0
53,42.857142857142854,36.97916666666667,21.213959117233752,70,30,179,70,13,1,36.97916666666667,36.97916666666667,218.58789066970348,218.58788028359413,218.58788028359413,1452,695,6,9.1552734375e-05,0.00298489907951686,0.0
54,40.25974025974026,26.262626262626267,18.404124130373415,77,31,165,42,33,10,26.262626262626267,26.262626262626267,225.388478084044,225.38848786161404,225.38848786161404,1389,733,7,9.72747802734375e-05,0.0030192868992647477,0.0
55,37.333333333333336,43.75,15.699856342153346,75,28,171,80,21,4,43.75,43.75,178.59047347555557,178.59046466151872,178.59046466151872,1414,682,6,9.1552734375e-05,0.0028822388758271682,0.0
56,30.985915492957744,37.634408602150536,24.00591723347197,71,22,171,69,15,1,37.634408602150536,37.634408602150536,213.9212798456992,213.92127722053118,213.92127722053118,1208,803,6,6.4849853515625e-05,0.0028934863100100005,0.0
57,49.382716049382715,27.083333333333332,16.690660912816117,81,40,167,49,25,3,27.083333333333332,27.083333333333332,260.64926081399125,260.6492541531722,260.6492541531722,1869,910,7,0.0001068115234375,0.003840877775777095,0.0
58,40.44943820224719,33.87096774193548,12.736065657633656,89,36,173,58,13,5,33.87096774193548,33.87096774193548,201.42366787695116,201.42366005271992,201.42366005271992,1642,833,7,0.0001068115234375,0.003482094826419292,0.0
59,47.43589743589743,26.190476190476193,13.079984651833046,78,37,189,54,63,12,26.190476190476193,26.190476190476193,171.43720261823563,171.43720632129245,171.43720632129245,1429,855,6,9.1552734375e-05,0.003181062734559719,0.0
60,37.5,39.351851851851855,16.62432906627655,80,30,181,74,35,11,39.351851851851855,39.351851851851855,188.8128868341446,188.8128815425767,188.8128815425767,1644,785,6,8.392333984375e-05,0.003246325071510606,0.0
61,51.35135135135135,35.0,20.974326146973503,74,38,150,60,30,3,35.0,35.0,279.7462585502201,279.7462522506714,279.7462522506714,1579,782,7,9.1552734375e-05,0.0032462911979867677,0.0
62,37.142857142857146,14.516129032258066,17.28160723772916,70,26,157,27,29,0,14.516129032258066,14.516129032258066,273.3544830199211,273.35446813029625,273.35446813029625,1636,836,6,9.1552734375e-05,0.0033800009005062756,0.0
63,32.87671232876713,33.33333333333333,21.993353944651936,73,24,179,64,19,2,33.33333333333333,33.33333333333333,278.3300591719271,278.3300559833796,278.3300559833796,1285,881,7,9.1552734375e-05,0.0028080174785524528,0.0
64,29.885057471264375,29.166666666666668,15.899767740828093,87,26,161,49,31,7,29.166666666666668,29.166666666666668,240.55094633996487,240.55094612638155,240.55094612638155,1597,1010,7,0.0001068115234375,0.003462819940371752,0.0
65,34.14634146341464,29.166666666666668,18.480875152128714,82,28,182,56,10,0,29.166666666666668,29.166666666666668,187.4826490180567,187.4826388306295,187.4826388306295,1631,849,7,0.0001068115234375,0.0034414035602215657,0.0
66,37.17948717948718,28.645833333333332,22.04342301524415,78,29,164,49,28,6,28.645833333333332,28.645833333333332,233.20423802981773,233.20423869540295,233.20423869540295,1346,743,6,0.0001220703125,0.002985108225705821,0.0
67,36.11111111111111,22.61904761904762,18.349225059799526,72,26,158,38,10,0,22.61904761904762,22.61904761904762,238.9276361124856,238.92764259520033,238.92764259520033,1530,719,6,0.0001068115234375,0.0031671507737579905,0.0
68,32.55813953488372,35.0,17.037012950099747,86,28,133,51,47,12,35.0,35.0,192.39190759658814,192.39190594355264,192.39190594355264,1741,997,7,8.7738037109375e-05,0.003609248890522093,0.0
69,37.5,36.55913978494624,19.183322687149047,80,30,173,64,13,4,36.55913978494624,36.55913978494624,178.83407135932677,178.83407067227108,178.83407067227108,1544,812,7,9.5367431640625e-05,0.00321857620413842,0.0
70,45.67901234567901,26.785714285714285,18.504001798954878,81,37,146,44,22,1,26.785714285714285,26.785714285714285,214.5469692952576,214.5469549617597,214.5469549617597,1511,827,7,9.918212890625e-05,0.0034432895032902406,0.0
71,35.06493506493507,30.0,16.591637877821924,77,27,180,53,30,10,30.0,30.0,231.97296329679943,231.97295741353716,231.97295741353716,1415,816,7,9.918212890625e-05,0.0033090681420920513,0.0
72,40.50632911392405,27.604166666666668,18.370014001714424,79,32,179,50,13,3,27.604166666666668,27.604166666666668,254.58363287895918,254.58361517637968,254.58361517637968,2087,962,7,0.0001068115234375,0.0042279630552002345,0.0
73,29.113924050632903,38.17204301075269,20.67167235751237,79,23,174,66,12,5,38.17204301075269,38.17204301075269,216.3500507672628,216.3500496136245,216.3500496136245,1326,825,7,0.0001220703125,0.0031267533865199466,0.0
74,35.294117647058826,35.41666666666667,20.551363796537572,85,30,146,51,46,17,35.41666666666667,35.41666666666667,218.46156541754803,218.46156691759825,218.46156691759825,1065,669,6,9.1552734375e-05,0.00268210143409912,0.0
75,37.5,36.27450980392157,18.02703892503466,56,21,180,69,24,5,36.27450980392157,36.27450980392157,277.37805156263653,277.37805523124393,277.37805523124393,1066,685,7,7.62939453125e-05,0.002359115705985459,0.0
76,34.14634146341464,28.431372549019606,19.605224446014123,82,28,185,52,19,6,28.431372549019606,28.431372549019606,214.09944078735276,214.0994317812078,214.0994317812078,1316,727,6,0.0001220703125,0.0028923574354848837,0.0
77,35.365853658536594,38.57142857142858,20.53196743074453,82,29,183,78,27,3,38.57142857142858,38.57142857142858,206.7469570069086,206.74695698420206,206.74695698420206,1411,818,7,0.0001068115234375,0.0032563732317309295,0.0
78,35.06493506493507,42.70833333333333,15.623027000427246,77,27,180,82,12,0,42.70833333333333,42.70833333333333,170.27598855892816,170.2759972612063,170.2759972612063,1547,770,6,0.0001068115234375,0.0032739393648929154,0.0
79,32.91139240506328,27.27272727272727,18.32887841170689,79,26,171,48,27,6,27.27272727272727,27.27272727272727,239.63307118175007,239.63307746251425,239.63307746251425,1222,723,7,0.000118255615234375,0.0029057523388473783,0.0
80,28.16901408450704,51.041666666666664,18.339492208817425,71,20,175,91,17,7,51.041666666666664,51.041666666666664,154.67664854725203,154.67665406068167,154.67665406068167,1315,862,6,8.392333984375e-05,0.0028297412748846287,0.0
81,40.909090909090914,37.096774193548384,24.24488183779594,66,27,168,67,18,2,37.096774193548384,37.096774193548384,182.68688266508042,182.6868747793218,182.6868747793218,1737,793,7,8.7738037109375e-05,0.0035394947878254835,0.0
82,35.21126760563379,28.645833333333332,16.91635908510374,71,25,186,52,6,3,28.645833333333332,28.645833333333332,221.50266940395036,221.5026660785079,221.5026660785079,1471,790,7,9.1552734375e-05,0.003053213282934545,0.0
83,38.88888888888889,31.182795698924732,18.74419675090096,72,28,163,55,23,3,31.182795698924732,31.182795698924732,247.56064443690804,247.5606452367639,247.5606452367639,1428,751,7,9.1552734375e-05,0.0029826430021178897,0.0
84,41.0958904109589,29.761904761904763,20.807939636845923,73,30,216,69,36,6,29.761904761904763,29.761904761904763,160.40419559630138,160.40419211841765,160.40419211841765,1355,689,6,0.0001068115234375,0.0028148760614688712,0.0
85,36.36363636363637,37.96296296296296,16.94367582457406,66,24,181,69,35,13,37.96296296296296,37.96296296296296,184.13885765605502,184.13885568689417,184.13885568689417,1181,740,6,9.1552734375e-05,0.002521491297784452,0.0
86,36.708860759493675,31.666666666666664,22.79969366312027,79,29,130,49,50,8,31.666666666666664,31.666666666666664,231.6622105916341,231.6621908929613,231.6621908929613,1588,802,7,0.0001068115234375,0.0034056956671217136,0.0
87,38.23529411764706,25.268817204301076,24.42472116606569,68,26,158,43,28,4,25.268817204301076,25.268817204301076,250.41947015639275,250.41946692620553,250.41946692620553,1553,847,6,0.0001068115234375,0.003191473332966175,0.0
88,29.76190476190476,25.757575757575758,23.175268205545716,84,25,171,47,27,4,25.757575757575758,25.757575757575758,221.95248685852445,221.95249203148515,221.95249203148515,1442,821,7,9.1552734375e-05,0.0033219974187280363,0.0
89,44.5945945945946,27.083333333333332,19.908428177600953,74,33,163,44,29,8,27.083333333333332,27.083333333333332,237.93763942519823,237.9376207391421,237.9376207391421,1620,883,7,0.0001220703125,0.0035431457630087,0.0
90,36.144578313253014,23.958333333333336,22.446765784947377,83,30,183,46,9,0,23.958333333333336,23.958333333333336,222.03300160417953,222.03299676130214,222.03299676130214,1405,765,7,0.0001373291015625,0.0033076739218813604,0.0
91,41.55844155844156,31.25,26.418780528174505,77,32,187,59,5,1,31.25,31.25,230.65754476189613,230.6575295726458,230.6575295726458,1540,726,6,9.1552734375e-05,0.003163978491102171,0.0
92,31.343283582089555,38.095238095238095,18.9684993546942,67,21,162,64,6,0,38.095238095238095,38.095238095238095,176.89565349192847,176.8956462371917,176.8956462371917,1387,752,6,0.0001068115234375,0.0029367432707658723,0.0
93,27.397260273972606,35.55555555555556,19.102811206061887,73,20,118,46,62,18,35.55555555555556,35.55555555555556,199.37144894599913,199.3714386622111,199.3714386622111,1163,710,6,9.1552734375e-05,0.0025939861487434736,0.0
94,35.71428571428572,29.03225806451613,17.783421670065987,70,25,173,54,13,0,29.03225806451613,29.03225806451613,210.3387791725897,210.33877140988585,210.33877140988585,1284,760,6,0.0001068115234375,0.0029978770144225547,0.0
95,36.470588235294116,19.047619047619047,22.297267613587557,85,31,137,28,31,4,19.047619047619047,19.047619047619047,214.25172656703563,214.25172370033604,214.25172370033604,1761,853,7,8.392333984375e-05,0.0034214784045616376,0.0
96,39.75903614457831,26.190476190476193,18.252312512397765,83,33,176,47,34,8,26.190476190476193,26.190476190476193,256.0460770697821,256.0460644858224,256.0460644858224,1600,838,7,0.000152587890625,0.003499244900012854,0.0
97,41.891891891891895,26.041666666666668,17.816249392753424,74,31,168,45,24,5,26.041666666666668,26.041666666666668,254.31162919600806,254.31162685155869,254.31162685155869,1562,874,7,9.1552734375e-05,0.003137554568032406,0.0
98,51.80722891566265,26.344086021505376,20.72178420647979,83,43,170,44,16,5,26.344086021505376,26.344086021505376,292.21633501975765,292.2163285337469,292.2163285337469,1607,783,6,0.000152587890625,0.0034281725699353643,0.0
99,40.0,29.6875,16.744525437261544,85,34,113,36,79,21,29.6875,29.6875,252.34608091413975,252.34608208636442,252.34608208636442,1522,763,6,7.62939453125e-05,0.0030223286806479606,0.0
100,40.476190476190474,34.31372549019608,16.36541082859039,84,34,174,64,30,6,34.31372549019608,34.31372549019608,220.53682434909484,220.5368206232202,220.5368206232202,1562,887,7,9.918212890625e-05,0.003371234283501205,0.0
101,36.144578313253014,19.607843137254903,19.723651067265923,83,30,164,33,40,7,19.607843137254903,19.607843137254903,247.38840748048295,247.3884132305781,247.3884132305781,1305,867,6,0.0001068115234375,0.002942020533737379,0.0
102,38.23529411764706,34.76190476190476,19.222959822132474,68,26,187,70,23,3,34.76190476190476,34.76190476190476,186.00599444253103,186.0059928894043,186.0059928894043,1512,831,7,0.0001373291015625,0.003315154994197656,0.0
103,41.891891891891895,33.85416666666667,22.67217758089997,74,31,186,65,6,0,33.85416666666667,33.85416666666667,236.85596367220083,236.85596011330685,236.85596011330685,1225,721,7,0.0001220703125,0.0028522484511389226,0.0
104,37.03703703703704,23.737373737373737,23.254627330630434,81,30,170,41,28,6,23.737373737373737,23.737373737373737,254.22203402687805,254.22203341036132,254.22203341036132,1179,699,6,6.103515625e-05,0.002547359663973719,0.0
105,38.46153846153847,30.729166666666668,21.251909496883552,78,30,153,56,39,3,30.729166666666668,30.729166666666668,242.13971760869026,242.13971967995167,242.13971967995167,1559,827,7,0.0001068115234375,0.00317556375921413,0.0
106,45.07042253521127,31.182795698924732,19.74710880793058,71,32,172,57,14,1,31.182795698924732,31.182795698924732,246.24460006433148,246.2445969674536,246.2445969674536,1220,748,7,0.0001220703125,0.0027640963298836154,0.0
107,29.870129870129873,26.5625,19.18445737356389,77,23,153,44,39,7,26.5625,26.5625,291.93006814519566,291.9300683438778,291.9300683438778,1951,866,7,0.0001678466796875,0.004092193921375534,0.0
108,31.707317073170728,39.784946236559136,19.647018844461336,82,26,156,66,30,8,39.784946236559136,39.784946236559136,232.51741650283978,232.51741739498672,232.51741739498672,1184,688,6,7.62939453125e-05,0.002624833886708682,0.0
109,37.66233766233766,25.396825396825395,18.223733770350616,77,29,206,57,46,7,25.396825396825395,25.396825396825395,207.5074063090105,207.507406636363,207.507406636363,1609,733,6,0.0001068115234375,0.0034580283821317903,0.0
110,33.33333333333333,41.66666666666667,22.630037665367126,78,26,185,79,31,11,41.66666666666667,41.66666666666667,179.31756369714384,179.31755605450383,179.31755605450383,1240,602,6,0.0001373291015625,0.0026561169512812448,0.0
111,32.432432432432435,32.77777777777778,18.687036180496214,74,24,133,51,47,8,32.77777777777778,32.77777777777778,234.43866828812494,234.43867378764682,234.43867378764682,1297,822,6,7.62939453125e-05,0.0028449632870130403,0.0
112,36.26373626373626,32.25806451612903,16.881134278590565,91,33,178,59,8,1,32.25806451612903,32.25806451612903,219.96511536772533,219.96511786727496,219.96511786727496,1503,909,6,8.0108642578125e-05,0.0033208343375008553,0.0
113,38.2716049382716,27.77777777777778,16.363632369041444,81,31,168,51,30,4,27.77777777777778,27.77777777777778,301.8734901746114,301.873487120927,301.873487120927,1728,798,7,0.0001220703125,0.0035265783490103808,0.0
114,34.09090909090909,28.645833333333332,21.43900789474619,88,30,164,49,28,6,28.645833333333332,28.645833333333332,245.67307421565056,245.67306453982988,245.67306453982988,1437,757,6,0.0001068115234375,0.0030002794637766783,0.0
115,33.75,30.208333333333332,14.577769978991094,80,27,176,56,16,2,30.208333333333332,30.208333333333332,242.15949817498526,242.1594920953115,242.1594920953115,1274,766,6,0.0001068115234375,0.0029720125515571767,0.0
116,47.5609756097561,29.166666666666668,21.633549889852834,82,39,181,55,11,1,29.166666666666668,29.166666666666668,242.1512592782577,242.15125790735087,242.15125790735087,1769,867,7,0.0001068115234375,0.003586616571586394,0.0
117,40.78947368421053,21.428571428571427,13.568660137388441,76,31,162,35,6,1,21.428571428571427,21.428571428571427,207.7007305508568,207.70072729246957,207.70072729246957,1370,804,7,0.0001220703125,0.0030809413037786735,0.0
118,33.33333333333333,31.11111111111111,22.932774846752483,72,24,124,41,56,15,31.11111111111111,31.11111111111111,214.85081212123234,214.85081585645676,214.85081585645676,1178,668,7,7.62939453125e-05,0.0028506476558807954,0.0
119,34.28571428571428,27.419354838709676,22.383878160430037,70,24,158,46,28,5,27.419354838709676,27.419354838709676,205.30990938986503,205.3099172756236,205.3099172756236,1335,790,6,0.0001068115234375,0.0028292357292230034,0.0
120,40.845070422535215,26.190476190476193,20.945535940783365,71,29,156,43,12,1,26.190476190476193,26.190476190476193,209.02727482219538,209.02727386852106,209.02727386852106,1159,706,6,9.1552734375e-05,0.0025798702808970115,0.0
121,43.90243902439025,29.523809523809526,19.168282337810684,82,36,190,58,20,4,29.523809523809526,29.523809523809526,230.9216416801725,230.92163737955548,230.92163737955548,1475,886,7,9.1552734375e-05,0.0033823186192118255,0.0
122,34.66666666666667,28.645833333333332,22.240070789444204,75,26,164,47,28,8,28.645833333333332,28.645833333333332,241.9025671184063,241.90257174273333,241.90257174273333,1281,733,6,0.0001068115234375,0.0025810544724057145,0.0
123,32.0,30.107526881720432,23.64580311494715,75,24,167,47,19,9,30.107526881720432,30.107526881720432,249.00639445294615,249.00639233281535,249.00639233281535,1203,674,6,9.1552734375e-05,0.0026830592334287483,0.0
124,51.470588235294116,30.729166666666668,22.804702402967393,68,35,132,44,60,15,30.729166666666668,30.729166666666668,232.35650916397572,232.35651173690954,232.35651173690954,1596,899,6,9.1552734375e-05,0.003334597227270328,0.0
125,35.06493506493507,29.411764705882355,20.405291872024534,77,27,199,60,5,0,29.411764705882355,29.411764705882355,254.67454546573114,254.67453956136515,254.67453956136515,1584,893,7,9.1552734375e-05,0.0032655656032147804,0.0
126,40.298507462686565,24.509803921568626,21.431904923915862,67,27,169,42,35,8,24.509803921568626,24.509803921568626,212.9201582506591,212.92015498525956,212.92015498525956,1495,863,6,9.1552734375e-05,0.003228076857340057,0.0
127,40.909090909090914,30.476190476190478,17.342031855422718,88,36,184,55,26,9,30.476190476190478,30.476190476190478,233.00850098473686,233.00849939527967,233.00849939527967,1353,827,7,0.0001220703125,0.0029912608176042945,0.0
128,38.88888888888889,44.27083333333333,15.309416250749068,72,28,187,84,5,1,44.27083333333333,44.27083333333333,179.5015237480402,179.50150762001672,179.50150762001672,1407,828,6,9.918212890625e-05,0.0031441291645630067,0.0
129,29.268292682926827,29.797979797979796,23.516248309920574,82,24,147,47,51,12,29.797979797979796,29.797979797979796,218.83039721093996,218.83040338574034,218.83040338574034,1369,748,6,0.0001068115234375,0.002857815492310088,0.0
130,40.0,35.41666666666667,18.34776940258841,80,32,163,61,29,7,35.41666666666667,35.41666666666667,204.86086526854584,204.86086986307055,204.86086986307055,1088,708,6,9.1552734375e-05,0.0023668801739707593,0.0
131,39.08045977011494,24.193548387096776,24.48699578607701,87,34,133,33,53,12,24.193548387096776,24.193548387096776,195.5696838453252,195.56968474772668,195.56968474772668,1568,826,7,8.392333984375e-05,0.0032193012290614815,0.0
132,44.15584415584416,35.41666666666667,19.29661385403123,77,34,179,66,13,2,35.41666666666667,35.41666666666667,253.63749320805073,253.63749266664186,253.63749266664186,1805,857,6,0.0001220703125,0.0037333970600836133,0.0
133,42.028985507246375,39.247311827956985,22.28657814115286,69,29,172,69,14,4,39.247311827956985,39.247311827956985,186.94900242487589,186.94899640544767,186.94899640544767,1367,766,7,7.62939453125e-05,0.0029212335311967767,0.0
134,44.44444444444444,25.396825396825395,16.98170063495636,90,40,198,50,54,14,25.396825396825395,25.396825396825395,203.02482391917516,203.0248259854695,203.0248259854695,1597,778,7,0.0001068115234375,0.0032955030298277657,0.0
135,45.56962025316456,28.703703703703702,25.181237916613735,79,36,158,57,58,5,28.703703703703702,28.703703703703702,216.25671585842414,216.25670759324674,216.25670759324674,1601,772,6,0.00014495849609375,0.003451676852061307,0.0
136,19.230769230769226,22.77777777777778,17.444505256319804,78,15,120,37,60,4,22.77777777777778,22.77777777777778,268.4703411128786,268.4703317350811,268.4703317350811,1505,833,7,6.103515625e-05,0.002982546884595649,0.0
137,34.48275862068965,24.193548387096776,19.723305841286976,87,30,169,41,17,4,24.193548387096776,24.193548387096776,207.96625014530716,207.96625598015325,207.96625598015325,1566,889,7,9.1552734375e-05,0.0032968936508647544,0.0
138,31.08108108108108,29.797979797979796,19.34753282145396,74,23,167,55,31,4,29.797979797979796,29.797979797979796,232.0263860309967,232.0263801548216,232.0263801548216,1372,783,7,9.1552734375e-05,0.002992212069784727,0.0
139,40.243902439024396,22.395833333333336,17.78549311142795,82,33,159,38,33,5,22.395833333333336,22.395833333333336,238.63129314035177,238.63129587223133,238.63129587223133,1696,872,6,9.918212890625e-05,0.0037076146054459956,0.0
140,46.57534246575342,34.375,25.81632409645961,73,34,186,64,6,2,34.375,34.375,190.43613544106483,190.43613129854202,190.43613129854202,1460,780,6,9.1552734375e-05,0.0031851997062706983,0.0
141,36.144578313253014,29.166666666666668,17.345924024312,83,30,187,55,5,1,29.166666666666668,29.166666666666668,225.0436398225526,225.0436308272183,225.0436308272183,1743,916,7,9.1552734375e-05,0.0036672883385714733,0.0
142,22.666666666666657,30.952380952380953,20.842144923364938,75,17,162,52,6,0,30.952380952380953,30.952380952380953,213.0693418866112,213.06934572401502,213.06934572401502,1558,813,7,9.1552734375e-05,0.003383761925457898,0.0
143,35.71428571428572,33.33333333333333,20.022971751513303,84,30,133,49,47,11,33.33333333333333,33.33333333333333,168.66578200260798,168.66576600207222,168.66576600207222,1817,869,6,0.0001068115234375,0.0035482277741418025,0.0
144,33.33333333333333,19.35483870967742,21.588294941446055,69,23,128,31,58,5,19.35483870967742,19.35483870967742,222.60805929348032,222.60805632991176,222.60805632991176,1519,789,6,9.918212890625e-05,0.003222383270137165,0.0
145,39.24050632911392,26.190476190476193,18.721950876216095,79,31,160,41,8,3,26.190476190476193,26.190476190476193,185.07236720266798,185.07236125355675,185.07236125355675,1438,839,6,0.00011444091796875,0.0029122545024620194,0.0
146,36.58536585365854,24.285714285714285,22.594114175209633,82,30,189,49,21,2,24.285714285714285,24.285714285714285,245.3340404465085,245.33404605502173,245.33404605502173,1493,812,6,0.0001373291015625,0.0033254315770439766,0.0
147,40.27777777777778,30.208333333333332,19.719138566837753,72,29,179,54,13,4,30.208333333333332,30.208333333333332,273.9900554095705,273.99005488306284,273.99005488306284,1556,850,6,9.1552734375e-05,0.0031730874094743435,0.0
148,28.0,31.182795698924732,20.48774810852828,75,21,166,55,20,3,31.182795698924732,31.182795698924732,279.78786792550034,279.7878764880601,279.7878764880601,1421,881,7,7.62939453125e-05,0.0031123776589083722,0.0
149,42.857142857142854,29.166666666666668,19.417202295114596,63,27,135,38,57,18,29.166666666666668,29.166666666666668,225.8877520635724,225.8877487257123,225.8877487257123,1143,686,6,9.5367431640625e-05,0.0025735441322467514,0.0
150,30.107526881720432,32.35294117647059,16.187418646995837,93,28,188,62,16,4,32.35294117647059,32.35294117647059,241.8704316288817,241.87042994592704,241.87042994592704,1445,830,6,0.0001068115234375,0.0031246750731952484,0.0
151,38.88888888888889,23.03921568627451,21.258744578469884,72,28,157,29,47,18,23.03921568627451,23.03921568627451,188.8231406772838,188.82314184600233,188.82314184600233,1392,777,7,0.0001068115234375,0.0029670977867984525,0.0
152,45.83333333333333,30.952380952380953,20.746360974434094,72,33,158,53,52,12,30.952380952380953,30.952380952380953,177.60303864933195,177.60303667840503,177.60303667840503,1582,874,7,8.58306884765625e-05,0.003279446532057288,0.0
153,41.333333333333336,25.520833333333332,22.269089818000793,75,31,142,43,50,6,25.520833333333332,25.520833333333332,223.475602529943,223.47559737414122,223.47559737414122,1514,943,7,0.0001220703125,0.0033911961594033815,0.0
154,36.95652173913043,31.818181818181817,24.716057025153063,92,34,159,51,39,12,31.818181818181817,31.818181818181817,195.7333025565051,195.73330010970435,195.73330010970435,1681,871,6,0.0001373291015625,0.0036061296535384235,0.0
155,36.36363636363637,19.270833333333336,21.344149636979004,77,28,167,34,25,3,19.270833333333336,19.270833333333336,216.91709998234487,216.91709534808373,216.91709534808373,1078,721,6,9.1552734375e-05,0.002570871397438168,0.0
156,29.268292682926827,31.72043010752688,20.388229844899012,82,24,175,58,11,1,31.72043010752688,31.72043010752688,201.27696419787662,201.27696964304934,201.27696964304934,1044,666,7,7.62939453125e-05,0.0024782066069140777,0.0
157,44.285714285714285,25.520833333333332,21.176433141414936,70,31,160,45,32,4,25.520833333333332,25.520833333333332,267.67094489435357,267.67094444235164,267.67094444235164,1564,790,6,0.000152587890625,0.00338129634777336,0.0
158,44.0,48.924731182795696,20.30413065744298,75,33,174,86,12,5,48.924731182795696,48.924731182795696,172.5482060832362,172.54820696512857,172.54820696512857,1510,822,6,0.0001373291015625,0.0033414268788571158,0.0
159,32.89473684210526,31.746031746031743,22.609308187356767,76,25,216,65,36,15,31.746031746031743,31.746031746031743,171.2983782764465,171.29837938528212,171.29837938528212,1292,788,7,9.1552734375e-05,0.0028628173064741227,0.0
160,37.80487804878049,31.48148148148148,18.406761778335945,82,31,174,56,42,12,31.48148148148148,31.48148148148148,204.41580058027196,204.41579197071218,204.41579197071218,1767,807,7,0.0001068115234375,0.0036243367955345698,0.0
161,32.051282051282044,36.666666666666664,17.88082692083323,78,25,157,58,23,8,36.666666666666664,36.666666666666664,210.58522597683802,210.58521631823646,210.58521631823646,1435,826,6,0.000152587890625,0.003181217587552965,0.0
162,37.66233766233766,18.817204301075268,15.608509313315153,77,29,166,33,20,2,18.817204301075268,18.817204301075268,231.33433081770457,231.33433058184963,231.33433058184963,1539,772,6,9.918212890625e-05,0.0031844352834014,0.0
163,36.470588235294116,38.38383838383838,18.777763006863772,85,31,172,71,26,5,38.38383838383838,38.38383838383838,271.03549216010356,271.03548959770586,271.03548959770586,1805,957,7,8.392333984375e-05,0.0035891720502453004,0.0
164,36.92307692307693,21.354166666666664,19.415921440938625,65,24,148,33,44,8,21.354166666666664,21.354166666666664,270.99306757251424,270.99306522806484,270.99306522806484,1368,708,6,9.1552734375e-05,0.00289801647886634,0.0
165,36.986301369863014,35.9375,20.925716876983643,73,27,183,68,9,1,35.9375,35.9375,187.65108058104911,187.65107373396555,187.65107373396555,1493,877,7,9.5367431640625e-05,0.0032519285608335244,0.0
166,38.82352941176471,18.75,17.56588014272543,85,33,167,33,25,3,18.75,18.75,227.6444205418229,227.6444153661529,227.6444153661529,1556,940,6,0.0001068115234375,0.003362031614112006,0.0
167,35.294117647058826,32.73809523809524,21.208291839469563,68,24,168,55,0,0,32.73809523809524,32.73809523809524,175.4885413987296,175.48852809270224,175.48852809270224,1417,839,7,0.00010204315185546875,0.0029937585362252647,0.0
168,29.577464788732385,25.0,16.8171211104095,71,21,126,38,54,7,25.0,25.0,209.23267340295845,209.23266836967733,209.23266836967733,1242,704,7,7.62939453125e-05,0.0026777298420104954,0.0
169,45.23809523809524,30.64516129032258,16.65368627983591,84,38,171,53,15,4,30.64516129032258,30.64516129032258,200.4152199004286,200.41522261788768,200.41522261788768,1531,824,7,7.62939453125e-05,0.0034229029588459517,0.0
170,31.64556962025317,22.61904761904762,18.268431818043744,79,25,156,36,12,2,22.61904761904762,22.61904761904762,193.23981225632485,193.23980790802412,193.23980790802412,1279,766,7,9.1552734375e-05,0.0027990110062698177,0.0
171,42.5531914893617,27.61904761904762,14.142273603559092,94,40,197,54,13,4,27.61904761904762,27.61904761904762,225.68915822619485,225.68915837151664,225.68915837151664,1701,897,7,9.5367431640625e-05,0.0035621985189209235,0.0
172,37.878787878787875,36.45833333333333,23.015663475525088,66,25,168,59,24,11,36.45833333333333,36.45833333333333,231.9885400161147,231.98853815346956,231.98853815346956,1326,752,7,0.0001220703125,0.002758896315905682,0.0
173,42.64705882352941,37.634408602150536,18.482468941272835,68,29,172,66,14,4,37.634408602150536,37.634408602150536,239.80313900465606,239.80313932767478,239.80313932767478,1214,695,7,0.0001068115234375,0.0028712889194745586,0.0
174,37.03703703703704,41.14583333333333,22.467523398352604,81,30,150,60,42,19,41.14583333333333,41.14583333333333,194.39768260717392,194.39768135050932,194.39768135050932,1514,822,6,7.62939453125e-05,0.0031481988415483406,0.0
175,36.58536585365854,26.47058823529412,16.2782213217937,82,30,176,49,28,5,26.47058823529412,26.47058823529412,264.20431463391174,264.20432028115965,264.20432028115965,1313,801,7,0.000152587890625,0.0031043109017142943,0.0
176,46.26865671641791,34.31372549019608,15.815310988161299,67,31,184,66,20,4,34.31372549019608,34.31372549019608,194.5908590555191,194.59085619449615,194.59085619449615,1403,810,7,9.1552734375e-05,0.002879407911677844,0.0
177,33.73493975903614,20.952380952380953,21.244614792953836,83,28,158,36,52,8,20.952380952380953,20.952380952380953,188.91732220876784,188.9173240616208,188.9173240616208,1291,810,6,0.0001068115234375,0.002942954006963798,0.0
178,38.63636363636363,44.79166666666667,17.898951351090712,88,34,178,84,14,2,44.79166666666667,44.79166666666667,203.98717562357584,203.98717333873114,203.98717333873114,1493,832,7,0.0001220703125,0.003250808053811245,0.0
179,50.70422535211267,37.878787878787875,20.4757830619812,71,36,158,60,40,15,37.878787878787875,37.878787878787875,198.65884948499274,198.65884762099296,198.65884762099296,1649,825,7,0.0001068115234375,0.003355211677141292,0.0
180,49.29577464788733,29.166666666666668,22.70006705986129,71,35,166,52,26,4,29.166666666666668,29.166666666666668,221.13275953630605,221.13275897006193,221.13275897006193,1613,880,7,9.1552734375e-05,0.0032761519996711273,0.0
181,36.486486486486484,30.107526881720432,27.356579310082374,74,27,162,53,24,3,30.107526881720432,30.107526881720432,216.8971036531592,216.89710419152374,216.89710419152374,1555,881,7,0.000125885009765625,0.003328662415166643,0.0
182,42.66666666666667,25.520833333333332,17.356443578074146,75,32,184,46,8,3,25.520833333333332,25.520833333333332,273.8746461570263,273.87464346985024,273.87464346985024,1627,858,6,0.0001068115234375,0.003444338220409312,0.0
183,40.78947368421053,38.70967741935484,18.129768681526183,76,31,167,63,19,9,38.70967741935484,38.70967741935484,213.7861750766795,213.78616639106505,213.78616639106505,1523,893,7,9.1552734375e-05,0.003171148618397029,0.0
184,41.75824175824176,31.349206349206348,19.723963728490865,91,38,201,68,51,11,31.349206349206348,31.349206349206348,192.5729732740493,192.5729768843878,192.5729768843878,1892,862,7,0.0001220703125,0.0037371446442193684,0.0
185,32.53012048192771,34.25925925925926,20.63720387007509,83,27,173,69,43,5,34.25925925925926,34.25925925925926,216.54640091638322,216.5464001569759,216.5464001569759,1577,895,7,9.1552734375e-05,0.0032292071427946207,0.0
186,37.142857142857146,43.333333333333336,11.845457209782166,70,26,153,72,27,6,43.333333333333336,43.333333333333336,177.57724974950153,177.57724805408054,177.57724805408054,1643,1000,7,0.0001068115234375,0.003659373023462347,0.0
187,49.45054945054945,22.58064516129032,17.886159357817277,91,45,170,40,16,2,22.58064516129032,22.58064516129032,240.23925393627536,240.2392560589698,240.2392560589698,1449,897,7,8.96453857421875e-05,0.003472879684826087,0.0
188,35.365853658536594,24.242424242424242,18.704895251202135,82,29,157,43,41,5,24.242424242424242,24.242424242424242,224.41596895456314,224.415966459597,224.415966459597,1874,861,7,9.1552734375e-05,0.003777830779654322,0.0
189,45.56962025316456,25.0,16.59623950581218,79,36,166,43,26,5,25.0,25.0,249.80804065118232,249.80803166578212,249.80803166578212,1560,749,6,0.0001220703125,0.003184683681562698,0.0
190,34.17721518987341,32.8125,24.00350337762099,79,27,192,63,0,0,32.8125,32.8125,161.9942854742209,161.99428695440292,161.99428695440292,1309,766,6,9.1552734375e-05,0.0029439684615984634,0.0
191,26.25,21.875,18.779724869182555,80,21,131,33,61,9,21.875,21.875,229.60762883078618,229.60762957584424,229.60762957584424,1692,923,6,9.1552734375e-05,0.0035195536311221107,0.0
192,40.229885057471265,25.595238095238095,20.28978657951722,87,35,163,41,5,2,25.595238095238095,25.595238095238095,183.27912409532638,183.27911617074693,183.27911617074693,1740,917,7,8.392333984375e-05,0.0036502874742533687,0.0
193,39.743589743589745,21.666666666666668,24.36492360652761,78,31,108,32,72,7,21.666666666666668,21.666666666666668,265.04646055963303,265.04644178284536,265.04644178284536,1480,777,7,9.1552734375e-05,0.00340497742157216,0.0
194,32.09876543209876,32.795698924731184,18.648869116739792,81,26,170,58,16,3,32.795698924731184,32.795698924731184,185.29794217694192,185.2979342911833,185.2979342911833,1332,791,6,6.866455078125e-05,0.003024563567729879,0.0
195,39.743589743589745,27.380952380952383,22.171666875164558,78,31,164,44,4,2,27.380952380952383,27.380952380952383,151.73658327900228,151.73657601291225,151.73657601291225,1333,794,6,0.0001068115234375,0.0028287839886615993,0.0
196,31.707317073170728,28.095238095238095,20.905269869736262,82,26,189,53,21,6,28.095238095238095,28.095238095238095,243.3033561780339,243.30334752911614,243.30334752911614,1594,750,7,7.62939453125e-05,0.003197058742898662,0.0
197,50.57471264367817,35.41666666666667,22.268651446630788,87,44,178,61,14,7,35.41666666666667,35.41666666666667,221.1695031747222,221.16949677715698,221.16949677715698,1740,790,7,9.918212890625e-05,0.003587978003148843,0.0
198,32.53012048192771,31.182795698924732,17.501102260180883,83,27,160,51,26,7,31.182795698924732,31.182795698924732,245.01276952861457,245.01276652402774,245.01276652402774,1567,823,7,0.0001068115234375,0.003270414751114002,0.0
199,42.30769230769231,30.208333333333332,17.46938251124488,78,33,150,47,42,11,30.208333333333332,30.208333333333332,193.13745842377344,193.1374497214953,193.1374497214953,1590,757,6,0.0001220703125,0.0031918461409077294,0.0
200,21.518987341772146,23.03921568627451,16.787193879004448,79,17,148,37,56,10,23.03921568627451,23.03921568627451,268.10856086103354,268.1085625626877,268.1085625626877,1436,858,7,7.62939453125e-05,0.0032012473642074233,0.0
201,50.0,33.82352941176471,21.490059763998598,74,37,182,60,22,9,33.82352941176471,33.82352941176471,179.07379045673446,179.07377817116532,179.07377817116532,1555,819,6,9.918212890625e-05,0.0033156108911498463,0.0
202,33.783783783783775,40.476190476190474,16.93818285209792,74,25,189,80,21,5,40.476190476190474,40.476190476190474,158.65201062247866,158.65200515020462,158.65200515020462,1537,869,6,0.00011444091796875,0.0030946478242791908,0.0
203,30.0,41.14583333333333,21.263588233599588,90,27,185,76,7,3,41.14583333333333,41.14583333333333,170.427111081779,170.42710564782223,170.42710564782223,1582,829,7,0.0001068115234375,0.003329075161673246,0.0
204,41.66666666666667,26.767676767676768,23.311151205276957,84,35,147,40,51,13,26.767676767676768,26.767676767676768,188.2035407107888,188.20353525846895,188.20353525846895,1504,755,7,0.0001068115234375,0.003113997524754569,0.0
205,21.518987341772146,37.5,23.218667653299146,79,17,159,68,33,4,37.5,37.5,201.82153272566697,201.8215202782303,201.8215202782303,1238,701,7,7.62939453125e-05,0.0027917635843550683,0.0
206,42.64705882352941,37.096774193548384,18.63803883928519,68,29,165,68,21,1,37.096774193548384,37.096774193548384,160.6154639490189,160.615464397656,160.615464397656,1014,642,6,8.392333984375e-05,0.002499926715245237,0.0
207,39.53488372093023,22.395833333333336,22.534678422487698,86,34,179,41,13,2,22.395833333333336,22.395833333333336,265.12296793361503,265.1229651719332,265.1229651719332,1579,831,6,0.00011444091796875,0.0034288429324078593,0.0
208,34.117647058823536,40.32258064516129,22.847851186990738,85,29,174,71,12,4,40.32258064516129,40.32258064516129,213.46122907310405,213.46124147087016,213.46124147087016,1446,707,6,0.0001220703125,0.0030639773518335756,0.0
209,39.473684210526315,34.523809523809526,22.739623844623566,76,30,210,74,42,13,34.523809523809526,34.523809523809526,168.36680798114293,168.36681253380246,168.36681253380246,1599,896,7,0.00012969970703125,0.003283990774434644,0.0
210,39.50617283950617,42.592592592592595,22.022257207607737,81,32,184,79,32,13,42.592592592592595,42.592592592592595,156.4665946783843,156.4665891152841,156.4665891152841,1513,840,7,0.0001220703125,0.0031926043642063954,0.0
211,34.72222222222223,29.444444444444446,19.877021131997413,72,25,151,50,29,3,29.444444444444446,29.444444444444446,196.6322824054294,196.6322741932339,196.6322741932339,1464,917,7,9.5367431640625e-05,0.003112488124619025,0.0
212,47.72727272727273,26.344086021505376,19.388208864013787,88,42,171,47,15,2,26.344086021505376,26.344086021505376,218.5150901579088,218.51508514342768,218.51508514342768,1743,880,7,9.1552734375e-05,0.0035830498600262235,0.0
213,40.0,36.36363636363637,14.693178922522302,85,34,182,69,16,3,36.36363636363637,36.36363636363637,208.24304072062174,208.24304038346415,208.24304038346415,1508,765,6,9.1552734375e-05,0.0031155418049214254,0.0
214,42.857142857142854,20.833333333333336,17.309889674186707,70,30,156,35,36,5,20.833333333333336,20.833333333333336,229.2241863887757,229.22418458076814,229.22418458076814,1632,866,7,0.0001068115234375,0.0033110919151416356,0.0
215,34.17721518987341,34.89583333333333,22.421870130759018,79,27,175,65,17,2,34.89583333333333,34.89583333333333,149.48386553923288,149.48385772109032,149.48385772109032,1108,779,6,8.392333984375e-05,0.002451219353436803,0.0
216,47.94520547945205,35.41666666666667,21.267956103149213,73,35,187,67,5,1,35.41666666666667,35.41666666666667,199.05774476130804,199.05774195988974,199.05774195988974,1518,891,7,9.1552734375e-05,0.003177792456578268,0.0
217,50.649350649350644,25.0,21.406250250966924,77,39,154,39,14,3,25.0,25.0,168.47067167255142,168.47066725045443,168.47066725045443,1293,793,7,9.1552734375e-05,0.002848096693924163,0.0
218,47.76119402985074,28.333333333333332,17.66779647724969,67,32,120,34,60,17,28.333333333333332,28.333333333333332,189.50182882944742,189.50183137257895,189.50183137257895,1417,988,7,6.866455078125e-05,0.0031281015532537526,0.0
219,25.925925925925924,34.40860215053764,20.7941695133845,81,21,165,58,21,6,34.40860215053764,34.40860215053764,191.4114415055962,191.41144455120127,191.41144455120127,1168,735,6,6.866455078125e-05,0.002570172167603837,0.0
220,31.325301204819283,33.33333333333333,16.581507790506933,83,26,139,51,29,5,33.33333333333333,33.33333333333333,174.5822345358985,174.58222878546943,174.58222878546943,1336,725,6,0.0001220703125,0.0027809185800530636,0.0
221,38.63636363636363,25.71428571428571,17.891101828327887,88,34,184,48,26,6,25.71428571428571,25.71428571428571,242.1933174473899,242.19330881436665,242.19330881436665,1604,714,7,0.0001220703125,0.0032847850587434846,0.0
222,39.08045977011494,30.729166666666668,20.68236147682622,87,34,173,53,19,6,30.729166666666668,30.729166666666668,238.12078587710857,238.12078062196574,238.12078062196574,1945,974,7,0.0001373291015625,0.003985973041077766,0.0
223,37.9746835443038,39.247311827956985,18.090494685027064,79,30,164,66,22,7,39.247311827956985,39.247311827956985,229.80779153044506,229.80778953849628,229.80778953849628,1243,685,6,7.62939453125e-05,0.002700023103140364,0.0
224,33.75,39.58333333333333,20.062146114853192,80,27,150,54,42,22,39.58333333333333,39.58333333333333,181.49504748980203,181.49504998326302,181.49504998326302,1300,877,6,7.62939453125e-05,0.003250809773817307,0.0
225,42.857142857142854,45.588235294117645,18.55868383248647,63,27,189,87,15,6,45.588235294117645,45.588235294117645,204.01058809897478,204.0105886599597,204.0105886599597,1221,706,7,0.00011444091796875,0.002733866711423615,0.0
226,27.5,34.31372549019608,20.807532203608545,80,22,176,63,28,7,34.31372549019608,34.31372549019608,182.78776974070306,182.78776833824082,182.78776833824082,1509,841,7,7.62939453125e-05,0.0032243087916867808,0.0
227,36.486486486486484,37.61904761904762,25.669102643398528,74,27,174,71,36,8,37.61904761904762,37.61904761904762,170.24801869156377,170.2480148042056,170.2480148042056,1333,768,6,6.103515625e-05,0.0027455937664247667,0.0
228,37.333333333333336,31.770833333333332,22.18988344263523,75,28,154,54,38,7,31.770833333333332,31.770833333333332,197.76107297341028,197.7610772450765,197.7610772450765,1184,727,6,9.1552734375e-05,0.002930760167752548,0.0
229,43.83561643835616,34.34343434343434,17.163594149961703,73,32,166,58,32,10,34.34343434343434,34.34343434343434,216.55795941690002,216.5579571338615,216.5579571338615,1343,692,6,7.62939453125e-05,0.0029616905264144102,0.0
230,39.705882352941174,50.520833333333336,22.608517768906385,68,27,176,91,16,6,50.520833333333336,50.520833333333336,156.95501845081648,156.95501777529716,156.95501777529716,1031,670,6,8.535385131835938e-05,0.002407994813741727,0.0
231,37.142857142857146,30.107526881720432,21.19992696697062,70,26,170,56,16,0,30.107526881720432,30.107526881720432,189.5122661077848,189.51226574374783,189.51226574374783,1577,926,6,9.918212890625e-05,0.0034584537634145818,0.0
232,42.68292682926829,46.35416666666667,18.055362676052336,82,35,183,84,9,5,46.35416666666667,46.35416666666667,208.7479682813088,208.74796851476034,208.74796851476034,1542,793,7,0.0001220703125,0.0031777924074655557,0.0
233,43.42105263157895,22.043010752688172,18.885792104310767,76,33,138,29,48,12,22.043010752688172,22.043010752688172,312.76395462918026,312.7639530499776,312.7639530499776,1576,851,7,9.1552734375e-05,0.003156398485468042,0.0
234,44.827586206896555,37.698412698412696,21.01843020071586,87,39,216,83,36,12,37.698412698412696,37.698412698412696,166.13723055521646,166.13722895819043,166.13722895819043,1361,806,7,9.1552734375e-05,0.003072620113622785,0.0
235,33.720930232558146,39.351851851851855,15.752497465464106,86,29,174,74,42,11,39.351851851851855,39.351851851851855,175.05114270801897,175.0511399662053,175.0511399662053,1175,682,7,7.62939453125e-05,0.0024578565814105473,0.0
236,40.845070422535215,41.66666666666667,22.929096352486383,71,29,147,64,33,11,41.66666666666667,41.66666666666667,202.66594543457032,202.66594491534764,202.66594491534764,1265,634,6,0.0001220703125,0.0028313892929266635,0.0
237,36.708860759493675,19.35483870967742,19.041796827316283,79,29,113,31,73,5,19.35483870967742,19.35483870967742,252.82916624315322,252.82916313602078,252.82916313602078,1317,743,6,9.918212890625e-05,0.002889490081239882,0.0
238,42.68292682926829,27.77777777777778,19.32697110607269,82,35,173,50,25,5,27.77777777777778,27.77777777777778,215.60724380522063,215.60725505665096,215.60725505665096,1473,849,7,9.1552734375e-05,0.00319672356878679,0.0
239,48.275862068965516,19.791666666666664,19.82180865075853,87,42,148,35,44,3,19.791666666666664,19.791666666666664,234.27060595201328,234.27059913721556,234.27059913721556,1653,836,7,7.62939453125e-05,0.003469521643334397,0.0
240,37.83783783783784,33.33333333333333,17.927457827588785,74,28,177,63,15,1,33.33333333333333,33.33333333333333,175.9340823839108,175.93408769865832,175.93408769865832,1081,661,6,7.2479248046875e-05,0.0023997170865186486,0.0
241,36.0,35.41666666666667,21.85991568863392,75,27,171,67,21,1,35.41666666666667,35.41666666666667,237.8321924159924,237.83219162623087,237.83219162623087,1361,758,6,7.62939453125e-05,0.0029705875100868658,0.0
242,40.0,31.547619047619047,26.069532749387953,75,30,167,53,1,0,31.547619047619047,31.547619047619047,189.1662276443981,189.16622783740362,189.16622783740362,1286,834,7,8.392333984375e-05,0.0028520096990784314,0.0
243,27.5,31.666666666666664,27.268576798767878,80,22,137,45,43,12,31.666666666666664,31.666666666666664,164.85534481075075,164.85535097784467,164.85535097784467,1194,740,6,9.1552734375e-05,0.0030489336350001373,0.0
244,36.84210526315789,37.096774193548384,15.701760788758596,76,28,186,69,0,0,37.096774193548384,37.096774193548384,167.98191291029735,167.98191038767496,167.98191038767496,1223,724,6,7.62939453125e-05,0.002736543769970012,0.0
245,49.35064935064935,26.190476190476193,19.780768434206646,77,38,168,44,0,0,26.190476190476193,26.190476190476193,207.09630671001617,207.0963102295285,207.0963102295285,1433,751,6,0.0001068115234375,0.002998930062252232,0.0
246,53.94736842105263,30.476190476190478,18.523886108398436,76,41,182,58,28,6,30.476190476190478,30.476190476190478,217.4668928782145,217.46690104348318,217.46690104348318,1632,875,6,9.1552734375e-05,0.003262288805975309,0.0
247,48.31460674157304,25.520833333333332,16.940724131853685,89,43,151,37,41,12,25.520833333333332,25.520833333333332,237.10064789652824,237.10064647595087,237.10064647595087,1963,964,7,9.918212890625e-05,0.003849282019776485,0.0
248,28.76712328767124,27.956989247311824,20.280730312260296,73,21,151,47,35,5,27.956989247311824,27.956989247311824,259.57766819128426,259.5776642637868,259.5776642637868,1600,871,7,9.1552734375e-05,0.003324915837159399,0.0
249,24.096385542168676,42.1875,18.172782286765084,83,20,144,64,48,17,42.1875,42.1875,178.21993639568487,178.21993443866572,178.21993443866572,1263,838,6,0.0001220703125,0.0029125523384815706,0.0
250,52.5,28.921568627450984,14.97473178411785,80,42,163,53,41,6,28.921568627450984,28.921568627450984,252.07307972802835,252.073080186166,252.073080186166,1484,881,7,0.0001068115234375,0.0031244834657021174,0.0
251,36.84210526315789,32.84313725490196,19.111250936985016,76,28,184,63,20,4,32.84313725490196,32.84313725490196,196.11773448831894,196.11773945303526,196.11773945303526,1560,957,7,9.1552734375e-05,0.003564650998062767,0.0
252,30.769230769230774,35.23809523809524,18.889785411181272,78,24,191,69,19,5,35.23809523809524,35.23809523809524,170.55122373444692,170.55122056007386,170.55122056007386,1173,771,6,9.1552734375e-05,0.0027479895564586805,0.0
253,31.944444444444443,42.1875,22.825758768891802,72,23,192,81,0,0,42.1875,42.1875,134.37361928323904,134.3736138691505,134.3736138691505,1156,725,6,7.62939453125e-05,0.002492819288742492,0.0
254,45.94594594594595,27.77777777777778,15.517890298366547,74,34,148,40,50,15,27.77777777777778,27.77777777777778,190.45650274103338,190.4565042823252,190.4565042823252,1972,1074,7,0.0001068115234375,0.0038013043589065374,0.0
255,41.42857142857143,39.58333333333333,24.82555667438158,70,29,155,64,37,12,39.58333333333333,39.58333333333333,234.88081721464792,234.88081463178,234.88081463178,1273,615,6,0.0001068115234375,0.002524370570123817,0.0
256,42.30769230769231,32.795698924731184,21.74010338783264,78,33,167,61,19,0,32.795698924731184,32.795698924731184,208.41239557471326,208.41239756922567,208.41239756922567,1143,672,6,9.918212890625e-05,0.002593813456466402,0.0
257,42.5,27.604166666666668,19.928635097068288,80,34,175,49,17,4,27.604166666666668,27.604166666666668,305.7728086213271,305.7728040218353,305.7728040218353,1613,915,6,0.0001373291015625,0.0037092895599926106,0.0
258,35.8974358974359,29.03225806451613,21.121879193782807,78,28,138,40,48,14,29.03225806451613,29.03225806451613,242.12663782540187,242.12664788512774,242.12664788512774,1290,830,7,8.392333984375e-05,0.00278110887332635,0.0
259,32.3943661971831,22.22222222222222,22.407946929335594,71,23,205,38,47,18,22.22222222222222,22.22222222222222,164.1315367354287,164.1315344874821,164.1315344874821,1297,643,6,7.62939453125e-05,0.0027653666993501234,0.0
260,46.05263157894737,38.425925925925924,18.069145141578304,76,35,186,71,30,12,38.425925925925924,38.425925925925924,179.37992110075774,179.3799212773641,179.3799212773641,1838,939,7,0.0001068115234375,0.003928377634413968,0.0
261,49.35064935064935,24.444444444444443,23.939423695588722,77,38,117,31,63,13,24.444444444444443,24.444444444444443,218.6469091909627,218.64690859756536,218.64690859756536,1434,812,6,9.918212890625e-05,0.003004840732198016,0.0
262,39.743589743589745,21.50537634408602,13.71428170102708,78,31,147,31,39,9,21.50537634408602,21.50537634408602,206.2080421914329,206.20803579258586,206.20803579258586,1344,815,6,8.20159912109375e-05,0.0029323465544924474,0.0
263,51.11111111111111,24.242424242424242,19.333272449672222,90,46,149,36,49,12,24.242424242424242,24.242424242424242,222.31989991725092,222.31989523076047,222.31989523076047,1430,858,7,9.1552734375e-05,0.003216382165192045,0.0
264,49.36708860759494,21.875,20.010200157761574,79,39,165,38,27,4,21.875,21.875,247.61086588104567,247.61086891094843,247.61086891094843,1253,687,7,0.000102996826171875,0.002863341731729936,0.0
265,47.5609756097561,24.479166666666664,17.203672126282093,82,39,158,42,34,5,24.479166666666664,24.479166666666664,218.85970809186497,218.8597068103651,218.8597068103651,1559,828,7,0.000152587890625,0.003347224010819143,0.0
266,47.88732394366197,30.208333333333332,17.443410467457127,71,34,177,58,15,0,30.208333333333332,30.208333333333332,260.39654834071797,260.3965476800998,260.3965476800998,1581,810,7,0.000102996826171875,0.0032563401370377196,0.0
267,43.90243902439025,39.88095238095239,17.745263967825018,82,36,164,67,4,0,39.88095238095239,39.88095238095239,161.73765318734306,161.73763360295976,161.73763360295976,1639,864,7,0.000152587890625,0.003667597969373067,0.0
268,28.395061728395063,19.444444444444446,18.35018930609884,81,23,122,30,58,5,19.444444444444446,19.444444444444446,221.68002209762733,221.68001822994816,221.68001822994816,1454,796,7,0.0001220703125,0.0031558336922898897,0.0
269,41.891891891891895,34.946236559139784,20.50209082004636,74,31,174,63,12,2,34.946236559139784,34.946236559139784,187.8444409729332,187.84442986724198,187.84442986724198,1268,749,6,9.1552734375e-05,0.002816467545320241,0.0
270,38.46153846153847,28.57142857142857,17.845334574890632,78,30,167,48,1,0,28.57142857142857,28.57142857142857,184.34277542609544,184.34277207688206,184.34277207688206,1223,768,6,9.5367431640625e-05,0.002827609390806174,0.0
271,53.52112676056338,28.095238095238095,17.3925712036364,71,38,181,50,29,9,28.095238095238095,28.095238095238095,207.71641341845194,207.7164030960628,207.7164030960628,1667,795,7,0.00016021728515625,0.0033266552127315667,0.0
272,44.73684210526316,31.25,21.131328332991828,76,34,173,52,19,8,31.25,31.25,229.1244510629525,229.1244437713176,229.1244437713176,1476,871,7,0.0001068115234375,0.0033527558225614467,0.0
273,39.705882352941174,32.25806451612903,20.642624848136087,68,27,174,55,12,5,32.25806451612903,32.25806451612903,197.75032554134245,197.75031839391238,197.75031839391238,1344,875,7,9.1552734375e-05,0.0031385881326665786,0.0
274,33.33333333333333,26.5625,19.508070066571236,69,23,123,35,69,16,26.5625,26.5625,294.8384978175163,294.83848035832244,294.83848035832244,1304,777,6,0.0001220703125,0.0028253419644291454,0.0
275,30.232558139534888,34.31372549019608,23.963653043905893,86,26,169,61,35,9,34.31372549019608,34.31372549019608,214.01192192937813,214.01191961999032,214.01191961999032,1288,729,6,0.0001373291015625,0.0030096540983019318,0.0
276,55.55555555555556,26.47058823529412,15.89090221747756,72,40,187,50,17,4,26.47058823529412,26.47058823529412,224.97258720444697,224.97259206865348,224.97259206865348,1740,937,7,0.0001068115234375,0.003709386707972346,0.0
277,41.77215189873418,28.095238095238095,21.287130105754603,79,33,173,51,37,8,28.095238095238095,28.095238095238095,191.2323246663525,191.23231675085566,191.23231675085566,1492,842,7,0.000152587890625,0.0032673649642068394,0.0
278,26.92307692307692,33.33333333333333,24.64865667359871,78,21,133,52,59,12,33.33333333333333,33.33333333333333,172.55250919486085,172.55250528082252,172.55250528082252,1119,752,6,9.1552734375e-05,0.0025367370411307406,0.0
279,44.44444444444444,27.27272727272727,24.062016021460295,72,32,157,40,41,14,27.27272727272727,27.27272727272727,208.1207419164253,208.12073793314923,208.12073793314923,1548,825,6,9.1552734375e-05,0.0030945149871210243,0.0
280,39.77272727272727,45.3125,23.602900181176526,88,35,184,81,8,6,45.3125,45.3125,170.1486893246571,170.14868947366872,170.14868947366872,1521,826,6,9.1552734375e-05,0.0031360114461070525,0.0
281,51.515151515151516,29.56989247311828,20.79725604597479,66,34,182,55,4,0,29.56989247311828,29.56989247311828,192.64473888438235,192.64473349560973,192.64473349560973,1230,735,6,0.000110626220703125,0.0027887832312292935,0.0
282,35.443037974683534,34.89583333333333,18.33033205802534,79,28,173,58,19,9,34.89583333333333,34.89583333333333,239.83817794919014,239.83817947904268,239.83817947904268,1330,703,6,8.392333984375e-05,0.0028047285513821425,0.0
283,26.92307692307692,32.795698924731184,17.751938903540896,78,21,144,51,42,10,32.795698924731184,32.795698924731184,233.9097654076033,233.9097755288565,233.9097755288565,1304,830,6,0.0001068115234375,0.0029748970103658703,0.0
284,45.88235294117647,30.158730158730158,16.95738131067027,85,39,190,59,62,17,30.158730158730158,30.158730158730158,184.67912861279078,184.6791336801317,184.6791336801317,1258,744,7,9.1552734375e-05,0.002748381767863369,0.0
285,34.93975903614458,19.444444444444446,24.562990407148998,83,29,144,30,72,12,19.444444444444446,19.444444444444446,241.9817532830768,241.98174997170767,241.98174997170767,1496,816,7,0.000152587890625,0.003274741978505819,0.0
286,33.33333333333333,40.0,20.369544414946667,78,26,153,65,27,7,40.0,40.0,185.93537844816845,185.9353811290529,185.9353811290529,1178,743,7,6.866455078125e-05,0.0025045951227487704,0.0
287,46.15384615384615,22.043010752688172,19.77527266492446,78,36,163,38,23,3,22.043010752688172,22.043010752688172,212.69704576205183,212.6970499048951,212.6970499048951,1462,928,7,9.1552734375e-05,0.0032033321749622714,0.0
288,36.904761904761905,37.37373737373738,20.93082392665575,84,31,173,68,25,6,37.37373737373738,37.37373737373738,175.7544658324032,175.75446387688922,175.75446387688922,1326,749,6,6.866455078125e-05,0.002829472161768837,0.0
289,39.130434782608695,25.0,23.625201920668285,69,27,167,42,25,6,25.0,25.0,230.01644354561964,230.01644399265447,230.01644399265447,1321,805,7,7.62939453125e-05,0.002992044018659121,0.0
290,43.037974683544306,37.5,20.076680533091228,79,34,182,71,10,1,37.5,37.5,154.32907422383627,154.32908227046332,154.32908227046332,1546,855,7,0.000152587890625,0.0033123305383924153,0.0
291,28.33333333333333,28.645833333333332,23.336615509765092,60,17,160,48,32,7,28.645833333333332,28.645833333333332,231.37707141274586,231.37707748248553,231.37707748248553,1238,678,6,9.1552734375e-05,0.002549242601162405,0.0
292,39.53488372093023,30.952380952380953,18.69477627139825,86,34,154,49,14,3,30.952380952380953,30.952380952380953,186.53647552217757,186.53647024290902,186.53647024290902,1247,796,6,9.1552734375e-05,0.0029205174975383366,0.0
293,34.21052631578948,29.444444444444446,16.71195528149605,76,26,133,47,47,6,29.444444444444446,29.444444444444446,166.23271823326746,166.23270876010258,166.23270876010258,1202,721,6,9.1552734375e-05,0.002914726552868766,0.0
294,38.15789473684211,36.55913978494624,18.2496912606219,76,29,179,68,7,0,36.55913978494624,36.55913978494624,198.15363865001228,198.15363743484662,198.15363743484662,1434,814,7,9.1552734375e-05,0.0031890957049351236,0.0
295,37.9746835443038,33.92857142857143,17.193161013479134,79,30,149,55,19,2,33.92857142857143,33.92857142857143,180.37264529863992,180.37263514882042,180.37263514882042,1674,949,7,8.392333984375e-05,0.003279650698459591,0.0
296,44.303797468354425,31.428571428571427,17.76445667852055,79,35,191,59,19,7,31.428571428571427,31.428571428571427,223.4425152880805,223.44252634161995,223.44252634161995,1475,806,6,9.1552734375e-05,0.003145012635892877,0.0
297,45.67901234567901,35.9375,18.014057937501505,81,37,175,60,17,9,35.9375,35.9375,223.2253017971913,223.22530249257883,223.22530249257883,1713,943,7,9.1552734375e-05,0.003656695801206903,0.0
298,44.15584415584416,39.784946236559136,18.275831286990364,77,34,171,66,15,8,39.784946236559136,39.784946236559136,205.57985551895635,205.57985461655483,205.57985461655483,1553,832,6,8.392333984375e-05,0.00313721840711878,0.0
299,50.0,25.520833333333332,21.863510565324262,66,33,128,35,64,14,25.520833333333332,25.520833333333332,167.52800064875433,167.52800161236277,167.52800161236277,1096,619,5,8.392333984375e-05,0.0026195312589910214,0.0
300,50.76923076923077,30.392156862745097,18.323187075555325,65,33,185,57,19,5,30.392156862745097,30.392156862745097,232.2199651260002,232.2199651400248,232.2199651400248,1156,649,6,9.1552734375e-05,0.002482019520054263,0.0
301,48.529411764705884,26.47058823529412,21.954658712659562,68,33,176,46,28,8,26.47058823529412,26.47058823529412,165.05127874717994,165.05127658271323,165.05127658271323,1634,920,7,0.000152587890625,0.003327287097514879,0.0
302,31.818181818181813,34.285714285714285,18.91115134159724,88,28,180,65,30,7,34.285714285714285,34.285714285714285,170.37628513006936,170.37629064889182,170.37629064889182,1311,783,6,8.0108642578125e-05,0.0029917690467300413,0.0
303,40.0,36.45833333333333,21.05283754780179,70,28,159,59,33,11,36.45833333333333,36.45833333333333,166.09969292456904,166.0996895643572,166.0996895643572,1437,859,6,0.00012969970703125,0.003002285591113227,0.0
304,38.2716049382716,38.38383838383838,17.01350465297699,81,31,162,59,36,17,38.38383838383838,38.38383838383838,179.04344480206268,179.04344149791834,179.04344149791834,1427,783,6,7.62939453125e-05,0.002994389134376735,0.0
305,41.66666666666667,30.208333333333332,17.05336977186657,72,30,145,51,47,7,30.208333333333332,30.208333333333332,220.7425455302,220.74254610637823,220.74254610637823,1614,991,7,7.62939453125e-05,0.003379562621072787,0.0
306,37.17948717948718,44.086021505376344,15.376279388155256,78,29,178,81,8,1,44.086021505376344,44.086021505376344,159.59096248175507,159.59095964636853,159.59095964636853,1285,794,6,0.0001373291015625,0.002883751880896549,0.0
307,48.837209302325576,32.8125,21.184048999439586,86,42,154,53,38,10,32.8125,32.8125,247.7352169305086,247.73521609107652,247.73521609107652,1806,782,6,0.00018310546875,0.0034986522520436374,0.0
308,40.50632911392405,31.72043010752688,17.49924562078841,79,32,135,47,51,12,31.72043010752688,31.72043010752688,240.28784397869342,240.28783885141215,240.28783885141215,1596,775,7,9.1552734375e-05,0.00318094516963659,0.0
309,41.891891891891895,44.84126984126984,16.029003220935202,74,31,205,96,47,17,44.84126984126984,44.84126984126984,142.9833575865579,142.983358816495,142.983358816495,1683,995,7,0.0001220703125,0.0037318070571927815,0.0
310,25.609756097560975,37.96296296296296,19.539743458638426,82,21,151,66,65,16,37.96296296296296,37.96296296296296,169.45030428303613,169.45030844211578,169.45030844211578,1111,772,6,0.000102996826171875,0.0025729969856911335,0.0
311,36.76470588235294,42.22222222222222,18.60672900288604,68,25,146,65,34,11,42.22222222222222,42.22222222222222,191.30086071226333,191.30086256133185,191.30086256133185,1390,815,6,0.0001373291015625,0.003011085450755975,0.0
312,44.44444444444444,30.107526881720432,19.241419610381126,72,32,168,54,18,2,30.107526881720432,30.107526881720432,192.81666116304294,192.8166560870345,192.8166560870345,1462,736,6,0.0001220703125,0.003022414871641862,0.0
313,32.87671232876713,44.44444444444444,21.371661042680547,73,24,181,83,17,5,44.44444444444444,44.44444444444444,161.52150384344236,161.5215048260159,161.5215048260159,1047,700,6,7.62939453125e-05,0.0024690677493405633,0.0
314,32.92682926829269,33.33333333333333,17.07314561063593,82,27,154,54,38,10,33.33333333333333,33.33333333333333,200.9594106177489,200.9594082882007,200.9594082882007,1186,711,6,7.62939453125e-05,0.0026664485934209865,0.0
315,39.285714285714285,25.0,18.263443972550185,84,33,153,43,39,5,25.0,25.0,215.534660110871,215.53465995192528,215.53465995192528,1311,788,7,9.1552734375e-05,0.003170157536715123,0.0
316,44.927536231884055,26.5625,14.283209649355788,69,31,184,50,8,1,26.5625,26.5625,254.85802099357048,254.85802449285984,254.85802449285984,1686,858,7,9.1552734375e-05,0.0033882100127205685,0.0
317,41.42857142857143,25.0,21.89656742026166,70,29,151,36,17,6,25.0,25.0,186.69508913017455,186.69509987036386,186.69509987036386,1611,875,7,9.1552734375e-05,0.003578239089317019,0.0
318,34.44444444444444,41.11111111111111,17.40799518055835,90,31,155,66,25,8,41.11111111111111,41.11111111111111,167.48491105238597,167.48490142027538,167.48490142027538,1856,952,7,9.1552734375e-05,0.003765341117590042,0.0
319,39.436619718309856,30.64516129032258,17.036217668375304,71,28,170,48,16,9,30.64516129032258,30.64516129032258,147.7340886656956,147.73408249244895,147.73408249244895,1223,772,7,9.1552734375e-05,0.0028984768905502274,0.0
320,43.20987654320987,28.57142857142857,19.637653625529744,81,35,152,47,16,1,28.57142857142857,28.57142857142857,191.9891759554545,191.98917473497846,191.98917473497846,1875,894,6,0.000118255615234375,0.0036541074371901562,0.0
321,50.649350649350644,24.285714285714285,17.65754031899728,77,39,187,45,23,6,24.285714285714285,24.285714285714285,227.4493682134719,227.44936563400995,227.44936563400995,1858,1029,7,0.0001068115234375,0.0040713983586708,0.0
322,47.25274725274725,30.208333333333332,16.659063811103504,91,43,171,52,21,6,30.208333333333332,30.208333333333332,206.45982898026705,206.45984147737423,206.45984147737423,1845,960,7,0.0001220703125,0.003837717761598468,0.0
323,32.09876543209876,34.946236559139784,17.722384349866346,81,26,162,59,24,6,34.946236559139784,34.946236559139784,221.76554234822592,221.76554565019504,221.76554565019504,1719,817,6,0.0001068115234375,0.003500332633545139,0.0
324,32.85714285714286,41.14583333333333,22.276676131372756,70,23,143,62,49,17,41.14583333333333,41.14583333333333,170.56468645483255,170.56469173977771,170.56469173977771,1050,693,6,8.392333984375e-05,0.0024593047413266804,0.0
325,42.22222222222222,27.941176470588236,17.95617724152712,90,38,179,53,25,4,27.941176470588236,27.941176470588236,215.06725061290405,215.0672439231592,215.0672439231592,1628,923,7,9.918212890625e-05,0.0034098933171359622,0.0
326,24.675324675324674,35.78431372549019,18.181319302526013,77,19,167,62,37,11,35.78431372549019,35.78431372549019,188.43394477227156,188.4339402142693,188.4339402142693,1140,723,6,9.1552734375e-05,0.0024582798817694602,0.0
327,33.76623376623377,40.0,18.966748096194923,77,26,195,82,15,2,40.0,40.0,141.90510457555453,141.9051047799133,141.9051047799133,1311,839,7,9.1552734375e-05,0.002904832299464032,0.0
328,22.666666666666657,40.10416666666667,23.55891668385473,75,17,131,70,61,7,40.10416666666667,40.10416666666667,213.7309459298849,213.73094497124353,213.73094497124353,1217,781,7,9.918212890625e-05,0.00262281237458713,0.0
329,30.666666666666657,32.323232323232325,20.921440015332056,75,23,141,50,57,14,32.323232323232325,32.323232323232325,210.7875925531291,210.78758394597756,210.78758394597756,1128,701,6,0.0001068115234375,0.00259799744587023,0.0
330,38.666666666666664,52.604166666666664,21.884682157765265,75,29,178,92,14,9,52.604166666666664,52.604166666666664,137.25556246439615,137.25556257367134,137.25556257367134,1323,880,7,7.2479248046875e-05,0.0028494397508135694,0.0
331,34.72222222222223,36.55913978494624,17.348735068706755,72,25,170,64,16,4,36.55913978494624,36.55913978494624,149.72753310459916,149.72753746278823,149.72753746278823,1005,737,7,6.866455078125e-05,0.002445271519415351,0.0
332,44.57831325301205,33.85416666666667,18.54457133749257,83,37,180,60,12,5,33.85416666666667,33.85416666666667,223.1136830461522,223.1136881224811,223.1136881224811,1805,986,7,0.000125885009765625,0.003808473347817199,0.0
333,49.36708860759494,29.03225806451613,21.343289840966463,79,39,157,44,29,10,29.03225806451613,29.03225806451613,182.50180810177199,182.50180504591233,182.50180504591233,1371,850,6,9.1552734375e-05,0.0031021825046385247,0.0
334,33.75,24.6031746031746,22.690733307937407,80,27,168,46,84,16,24.6031746031746,24.6031746031746,198.02250594113553,198.0225099781676,198.0225099781676,1305,774,7,9.1552734375e-05,0.0027754283661730987,0.0
335,38.57142857142858,41.66666666666667,20.74221697518992,70,27,175,74,41,16,41.66666666666667,41.66666666666667,162.50164360028725,162.5016386155729,162.5016386155729,1454,820,7,9.1552734375e-05,0.0028893887241186644,0.0
336,42.5,41.11111111111111,15.243876805771952,80,34,151,66,29,8,41.11111111111111,41.11111111111111,161.8433626267645,161.843361890316,161.843361890316,1283,866,7,7.62939453125e-05,0.003115039738380195,0.0
337,42.857142857142854,31.72043010752688,14.095954595641656,77,33,179,58,7,1,31.72043010752688,31.72043010752688,192.82299511663376,192.8229991184768,192.8229991184768,1447,868,6,0.00012969970703125,0.0033379088811974107,0.0
338,32.5,29.292929292929294,21.77246982300723,80,26,176,50,22,8,29.292929292929294,29.292929292929294,188.95118007756244,188.951192928083,188.951192928083,1601,902,7,0.0001220703125,0.003458510597435333,0.0
339,48.78048780487805,33.85416666666667,21.037614717369987,82,40,172,58,20,7,33.85416666666667,33.85416666666667,198.62711702287197,198.62711372971535,198.62711372971535,1761,849,7,0.0001068115234375,0.003526154784898002,0.0
340,36.486486486486484,41.66666666666667,25.996504916789682,74,27,186,79,6,1,41.66666666666667,41.66666666666667,169.00674014290175,169.00673124690852,169.00673124690852,1438,769,7,0.00018310546875,0.003009220756818347,0.0
