bid_day_index,scenario,seed,realized_seed,service_date,evaluation_pipeline,offered_capacity_kw_block,up_pass_rate,down_pass_rate,idle_pass_rate,up_stay_mean,down_stay_mean,idle_stay_mean,global_tracking_rate,market_tracking_rate,controller_pre_system_tracking_rate,central_tracking_rate,controller_pre_system_mae_kw,pre_bess_mae_kw,post_bess_mae_kw,bess_final_soc_pct,bess_max_abs_power_kw,bess_throughput_kwh,bess_power_limit_hits,bess_energy_limit_hits,central_absolute_correction_kwh,central_corrected_ev_steps,central_correction_active_steps,soc_hit_rate,participating_blocks,failed_up_blocks,failed_down_blocks,failed_idle_blocks,failed_tracking_blocks,failed_up_block_count,failed_down_block_count,failed_idle_block_count,failed_tracking_block_count,up_step_pass_rate,down_step_pass_rate,idle_step_pass_rate,up_active_step_count,down_active_step_count,idle_active_step_count,up_step_failed_blocks,down_step_failed_blocks,idle_step_failed_blocks,up_step_failed_block_count,down_step_failed_block_count,idle_step_failed_block_count,departing_evs,departing_evs_soc_met,forced_ev_step_overrides,forced_active_steps,forced_concurrent_max,forced_concurrent_p95,forced_kw_max,forced_kw_mean_active,forced_kw_to_band_max,forced_step_tracking_rate,unforced_step_tracking_rate
0,0,0,1422090,2024-04-01,marl_force,34859.92375100888,0.7419354838709677,0.8214285714285714,0.7857142857142857,0.8440860215053763,0.8928571428571429,0.8928571428571429,0.8440860215053764,0.8440860215053764,0.8440860215053764,0.8440860215053764,41.96145790879444,41.9614477490866,41.9614477490866,50.0,0.0,0.0,0,0,0.0072918736368592,3481,288,1.0,31,16;17;18;20;21;23;46;47,16;21;23;46;47,16;46;47,16;17;18;20;21;23;46;47,8,5,3,8,0.55,0.9090909090909092,0.9375,40,66,80,17;18;21;23,16;20,16;46;47,4,2,3,78,78,54,40,2,1.0,69.654446169734,24.2473315264954,30989448.453592528,0.9032258064516128,0.832258064516129
0,1,0,1423090,2024-04-01,marl_force,34859.92375100888,0.3870967741935484,0.4285714285714285,1.0,0.6290322580645162,0.6845238095238095,1.0,0.6290322580645161,0.6290322580645161,0.6290322580645161,0.6290322580645161,76.85047671102708,76.85048048983339,76.85048048983339,50.0,0.0,0.0,0,0,0.0074020870718716,3422,288,1.0,31,17;18;20;21;23;28;29;33;34;35;36;37;38;39;42;44;45;46;47,21;23;28;29;33;34;35;36;37;38;39;42;44;45;46;47,,17;18;20;21;23;28;29;33;34;35;36;37;38;39;42;44;45;46;47,19,16,0,19,0.6144578313253012,0.4307692307692308,1.0,83,65,38,17;18;20;21;23;33;34;37;38;47,20;23;28;29;35;36;37;39;42;44;45;46,,10,12,0,91,91,210,99,5,4.0,83.47406792429288,19.05031166109557,7405036.837677096,0.6494845360824743,0.6067415730337079
0,2,0,1424090,2024-04-01,marl_force,34859.92375100888,0.6451612903225806,0.7142857142857143,0.7142857142857143,0.7311827956989247,0.7916666666666667,0.7738095238095237,0.7311827956989247,0.7311827956989247,0.7311827956989247,0.7311827956989247,73.15643133142943,73.15642840887911,73.15642840887911,50.0,0.0,0.0,0,0,0.0068183293806214,3134,288,1.0,31,16;17;18;20;23;30;31;32;45;46;47,16;23;30;31;32;45;46;47,16;45;46;47,16;17;18;20;23;30;31;32;45;46;47,11,8,4,11,0.4651162790697674,0.864406779661017,0.7738095238095238,43,59,84,17;18;23;30;31,20;32,16;45;46;47,5,2,4,77,77,196,87,5,3.649999999999977,100.98112681374148,28.41455163157851,16671182.507643975,0.6823529411764706,0.7722772277227723
0,3,0,1425090,2024-04-01,marl_force,34859.92375100888,0.4193548387096774,0.4642857142857143,0.8181818181818182,0.6290322580645161,0.6607142857142857,0.896969696969697,0.6290322580645161,0.6290322580645161,0.6290322580645161,0.6290322580645161,86.8877040878419,86.8877040878419,86.8877040878419,50.0,0.0,0.0,0,0,0.0062589041644969,2898,288,1.0,31,16;17;18;20;21;23;24;25;28;29;30;31;38;39;42;45;46;47,16;21;23;24;25;28;29;30;31;38;39;42;45;46;47,38;39,16;17;18;20;21;23;24;25;28;29;30;31;38;39;42;45;46;47,18,15,2,18,0.3809523809523809,0.6,0.9047619047619048,63,60,63,17;18;20;23;24;25;29;38;42;46;47,16;20;21;28;30;31;45;46,38;39,11,8,2,81,81,214,107,4,3.0,143.85021148642016,28.71319237551252,47920609.18240787,0.6571428571428571,0.5925925925925926
0,4,0,1426090,2024-04-01,marl_force,34859.92375100888,0.4516129032258064,0.5,0.5454545454545454,0.5860215053763441,0.6488095238095238,0.606060606060606,0.5860215053763441,0.5860215053763441,0.5860215053763441,0.5860215053763441,74.68252733189573,74.68252311727052,74.68252311727052,50.0,0.0,0.0,0,0,0.0072485545861127,3412,288,1.0,31,16;17;18;20;23;26;27;29;30;32;36;37;38;39;40;41;43,16;23;26;27;29;30;32;36;37;38;39;40;41;43,16;37;38;40;43,16;17;18;20;23;26;27;29;30;32;36;37;38;39;40;41;43,17,14,5,17,0.2857142857142857,0.7045454545454546,0.625,42,88,56,17;18;23;26;29;32;43,20;27;30;32;36;39;41,16;37;38;40;43,7,7,5,71,71,65,32,4,2.0,104.66491337865592,39.80969706064016,1.187993445187794,0.78125,0.5454545454545454
0,5,0,1427090,2024-04-01,marl_force,34859.92375100888,0.6129032258064516,0.6785714285714286,0.7857142857142857,0.7795698924731183,0.8511904761904762,0.9380952380952382,0.7795698924731183,0.7795698924731183,0.7795698924731183,0.7795698924731183,71.58306457150367,71.58305903403989,71.58305903403989,50.0,0.0,0.0,0,0,0.0067249035989031,3134,287,1.0,31,16;17;18;20;23;25;28;29;35;43;44;45,16;23;25;28;29;35;43;44;45,35;44;45,16;17;18;20;23;25;28;29;35;43;44;45,12,9,3,12,0.5957446808510638,0.7166666666666667,0.9367088607594936,47,60,79,17;18;23;25;29,16;20;25;28;29;43,35;44;45,5,6,3,73,73,61,44,3,2.0,70.18928866353235,27.171653171476795,0.8123331844369504,0.8636363636363636,0.7535211267605634
1,0,0,1522090,2024-04-06,marl_force,20477.926779790323,0.375,0.4,1.0,0.5729166666666666,0.5733333333333333,1.0,0.5733333333333334,0.5733333333333334,0.5733333333333334,0.5733333333333334,67.76121575673422,67.76121954600016,67.76121954600016,50.0,0.0,0.0,0,0,0.0070888600481945,3323,288,1.0,25,21;24;25;28;40;43;44;45;46;47,21;24;25;28;31;32;34;35;36;40;43;44;45;46;47,,21;24;25;28;31;32;34;35;36;40;43;44;45;46;47,10,15,0,15,0.2727272727272727,0.5897435897435898,1.0,44,78,28,21;28;32;34;35;40;43;46,24;25;31;36;40;44;45;46;47,,8,9,0,79,79,174,111,4,3.0,103.81502050823693,13.460462802233245,27962357.435136203,0.5921052631578947,0.5540540540540541
1,1,0,1523090,2024-04-06,marl_force,20477.926779790323,0.625,0.64,1.0,0.7916666666666667,0.7666666666666667,1.0,0.7666666666666667,0.7666666666666667,0.7666666666666667,0.7666666666666667,52.75418467203776,52.75416926066081,52.75416926066081,50.0,0.0,0.0,0,0,0.0065731243691213,2864,288,1.0,25,20;21;22;24;40;43,20;21;22;24;26;32;34;40;43,,20;21;22;24;26;32;34;40;43,6,9,0,9,0.5357142857142857,0.8767123287671232,1.0,56,73,21,20;21;32;34;40;43,21;22;24;26,,6,4,0,81,81,235,108,6,3.649999999999977,53.65155252726727,15.996427516146172,53651552.66272442,0.7261904761904762,0.8181818181818182
1,2,0,1524090,2024-04-06,marl_force,20477.926779790323,0.3125,0.28,0.5,0.6145833333333333,0.5666666666666667,0.7083333333333334,0.5666666666666667,0.5666666666666667,0.5666666666666667,0.5666666666666667,73.68094402631124,73.68093691825867,73.68093691825867,50.0,0.0,0.0,0,0,0.0059035833110101,2762,285,1.0,25,20;21;22;23;24;28;40;42;45;46;47,20;21;22;23;24;26;28;30;31;32;34;35;40;41;42;45;46;47,23;24,20;21;22;23;24;26;28;30;31;32;34;35;40;41;42;45;46;47,11,18,2,18,0.4516129032258064,0.5857142857142857,0.8888888888888888,62,70,18,21;22;28;31;32;34;40;46,20;22;26;28;30;35;41;42;45;47,23;24,8,10,2,80,80,170,89,5,3.0,125.90028631510134,26.99821459764204,62117294.64716776,0.6470588235294118,0.5
1,3,0,1525090,2024-04-06,marl_force,20477.926779790323,0.625,0.48,1.0,0.8541666666666667,0.68,1.0,0.68,0.68,0.68,0.68,56.437860253651934,56.437850106557214,56.437850106557214,50.0,0.0,0.0,0,0,0.0060728490401136,2857,287,1.0,25,21;24;25;28;43;47,21;24;25;26;28;29;30;32;34;35;36;43;47,,21;24;25;26;28;29;30;32;34;35;36;43;47,6,13,0,13,0.6721311475409836,0.631578947368421,1.0,61,76,13,21;25;32;34;35,24;25;26;28;29;30;36;43;47,,5,9,0,78,78,118,55,4,3.0,77.7981865165978,22.82036245870547,48180105.92902663,0.7105263157894737,0.6696428571428571
1,4,0,1526090,2024-04-06,marl_force,20477.926779790323,0.6875,0.6,0.8,0.7395833333333334,0.72,0.8,0.72,0.72,0.72,0.72,63.78215812683106,63.78215549468994,63.78215549468994,50.0,0.0,0.0,0,0,0.0062104402095428,2934,288,1.0,25,20;21;40;46;47,20;21;29;30;32;34;40;41;46;47,47,20;21;29;30;32;34;40;41;46;47,5,10,1,10,0.5208333333333334,0.8194444444444444,0.8,48,72,30,21;32;34;40,20;29;30;41;46,47,4,5,1,76,76,166,94,4,3.0,100.5653037548066,24.715056560387183,26648176.98769415,0.7464788732394366,0.6962025316455697
1,5,0,1527090,2024-04-06,marl_force,20477.926779790323,0.75,0.64,1.0,0.8229166666666666,0.7066666666666666,1.0,0.7066666666666667,0.7066666666666667,0.7066666666666667,0.7066666666666667,57.2737300491333,57.27372150421142,57.27372150421142,50.0,0.0,0.0,0,0,0.0053600730680045,2467,287,1.0,25,20;21;22;40,20;21;22;30;31;32;34;36;40,,20;21;22;30;31;32;34;36;40,4,9,0,9,0.3958333333333333,0.7972972972972973,1.0,48,74,28,20;21;31;32;34;40,20;21;22;30;36,,6,5,0,74,74,269,114,6,5.0,98.57611582726275,17.277007189809183,59169121.10601342,0.6666666666666666,0.7916666666666666
2,0,0,1622090,2024-04-07,marl_force,27067.26738213188,0.3333333333333333,0.3333333333333333,0.6666666666666666,0.4938271604938272,0.4938271604938271,0.7407407407407407,0.4761904761904761,0.4761904761904761,0.4761904761904761,0.4761904761904761,103.37716694956734,103.37715901363464,103.37715901363464,50.0,0.0,0.0,0,0,0.0060155971368658,2757,287,1.0,28,20;22;25;26;28;29;30;31;32;33;36;38;39;40;42;43;44;46,20;22;25;26;28;29;30;31;32;33;36;38;39;40;41;42;43;44,36;38;43,20;22;25;26;28;29;30;31;32;33;36;38;39;40;41;42;43;44;46,18,18,3,19,0.5074626865671642,0.1964285714285714,0.7777777777777778,67,56,45,22;26;28;29;32;40;42,20;25;30;31;33;38;39;41;44;46,36;38;43,7,10,3,68,68,228,96,4,4.0,91.60309338621808,26.90649875086729,1.555560723635494,0.40625,0.5694444444444444
2,1,0,1623090,2024-04-07,marl_force,27067.26738213188,0.3333333333333333,0.2962962962962963,0.8,0.5370370370370371,0.5185185185185185,0.8,0.5357142857142857,0.5357142857142857,0.5357142857142857,0.5357142857142857,87.10439243912697,87.10441374920663,87.10441374920663,50.0,0.0,0.0,0,0,0.0062777084064388,2982,287,1.0,28,19;20;22;24;25;26;29;30;33;34;36;37;38;39;40;42;44;45,19;20;22;24;25;26;29;30;33;34;36;37;38;39;40;41;42;44;45,36;38,19;20;22;24;25;26;29;30;33;34;36;37;38;39;40;41;42;44;45,18,19,2,19,0.5,0.3387096774193548,0.8478260869565217,60,62,46,19;22;26;29;30;33;34;36;37,20;22;24;25;38;39;40;41;42;44;45,36;38,9,11,2,73,73,149,56,6,4.0,248.68511615371347,26.971273029350535,16243050.091745237,0.5370370370370371,0.5350877192982456
2,2,0,1624090,2024-04-07,marl_force,27067.26738213188,0.4074074074074074,0.4444444444444444,0.9,0.5864197530864197,0.6234567901234568,0.9,0.6011904761904762,0.6011904761904762,0.6011904761904762,0.6011904761904762,67.65450671652243,67.6545100487059,67.6545100487059,50.0,0.0,0.0,0,0,0.0054168957613001,2503,285,1.0,28,20;22;24;25;26;27;29;30;32;33;34;35;36;43;44;46,20;22;24;25;26;27;29;30;32;33;34;35;36;43;44,36,20;22;24;25;26;27;29;30;32;33;34;35;36;43;44;46,16,15,1,16,0.6301369863013698,0.4,0.8857142857142857,73,60,35,20;22;24;25;30;33;34,24;25;26;27;29;32;34;35;36;43;44;46,36,7,12,1,75,75,173,89,4,3.649999999999977,95.69917558901966,25.401131449730865,37439763.6405163,0.6052631578947368,0.5978260869565217
2,3,0,1625090,2024-04-07,marl_force,27067.26738213188,0.4814814814814814,0.4814814814814814,0.7,0.5987654320987653,0.5864197530864197,0.8233333333333335,0.5773809523809523,0.5773809523809523,0.5773809523809523,0.5773809523809523,80.09868567046665,80.09867420366832,80.09867420366832,50.0,0.0,0.0,0,0,0.0050986066817131,2405,262,1.0,28,22;24;25;26;29;33;36;38;39;40;42;43;44;46,22;24;25;26;29;33;36;38;39;40;41;42;43;44,36;38;43,22;24;25;26;29;33;36;38;39;40;41;42;43;44;46,14,14,3,15,0.5735294117647058,0.2727272727272727,0.8214285714285714,68,44,56,22;26;29;39;40;42;46,24;25;33;39;41;44;46,36;38;43,7,7,3,67,67,299,110,7,5.0,98.77572839140564,26.158033519254023,3137888.5506710303,0.5,0.6585365853658537
2,4,0,1626090,2024-04-07,marl_force,27067.26738213188,0.3703703703703703,0.3703703703703703,0.5,0.5679012345679012,0.5987654320987653,0.65,0.5773809523809523,0.5773809523809523,0.5773809523809523,0.5773809523809523,89.33184499967666,89.33184316896256,89.33184316896256,50.0,0.0,0.0,0,0,0.0055750381458589,2619,277,1.0,28,22;23;24;25;26;27;28;30;31;32;34;35;36;38;43;44;46,22;23;24;25;26;27;28;30;31;32;34;35;36;38;41;43;44,32;35;36;38;43,22;23;24;25;26;27;28;30;31;32;34;35;36;38;41;43;44;46,17,17,5,18,0.5692307692307692,0.56,0.6037735849056604,65,50,53,22;23;26;27;30;31;34,24;25;28;41;44;46,32;35;36;38;43,7,6,5,74,74,268,115,5,4.0,87.73302118747817,21.48276840914261,42889694.95992296,0.6513761467889908,0.4406779661016949
2,5,0,1627090,2024-04-07,marl_force,27067.26738213188,0.3333333333333333,0.3333333333333333,0.6,0.5,0.5,0.65,0.4821428571428571,0.4821428571428571,0.4821428571428571,0.4821428571428571,101.54821540415288,101.5482158582835,101.5482158582835,50.0,0.0,0.0,0,0,0.0066376416695372,3203,288,1.0,28,20;22;24;25;26;28;29;30;33;36;37;38;39;40;43;44;45;46,20;22;24;25;26;28;29;30;33;36;37;38;39;40;41;43;44;45,36;38;43;45,20;22;24;25;26;28;29;30;33;36;37;38;39;40;41;43;44;45;46,18,18,4,19,0.625,0.1428571428571428,0.6181818181818182,64,49,55,22;26;28;29;30;37;40,20;22;24;25;33;39;41;44;46,36;38;43;45,7,9,4,86,86,165,99,4,2.0,109.21667189598084,28.076680144937853,59722159.66759533,0.3563218390804598,0.6172839506172839
3,0,0,1722090,2024-08-01,marl_force,43714.8859766817,0.5806451612903226,0.5806451612903226,0.9411764705882352,0.7849462365591398,0.8225806451612904,0.9882352941176472,0.7794117647058824,0.7794117647058824,0.7794117647058824,0.7794117647058824,51.22877977934538,51.22876750721651,51.22876750721651,50.0,0.0,0.0,0,0,0.0069814604794373,3245,283,1.0,34,14;18;20;21;22;29;30;34;35;38;39;42;44,14;15;16;21;22;29;30;34;35;38;39;42;44,44,14;15;16;18;20;21;22;29;30;34;35;38;39;42;44,13,13,1,15,0.5348837209302325,0.8,0.975609756097561,43,120,41,18;20;21;22;29;30,14;15;16;22;34;35;38;39;42;44,44,6,10,1,71,71,65,61,2,1.0,57.82809502846722,25.178689475126948,1.367239840925765,0.8852459016393442,0.7342657342657343
3,1,0,1723090,2024-08-01,marl_force,43714.8859766817,0.6451612903225806,0.7096774193548387,0.7272727272727273,0.7473118279569892,0.8064516129032259,0.759090909090909,0.7647058823529411,0.7647058823529411,0.7647058823529411,0.7647058823529411,67.69975147410935,67.69974283961689,67.69974283961689,50.0,0.0,0.0,0,0,0.0066367071582741,3056,288,1.0,34,17;18;20;28;37;38;39;40;41;42;45,15;28;37;38;39;40;41;42;45,37;38;39;40;41;42,15;17;18;20;28;37;38;39;40;41;42;45,11,9,6,12,0.8113207547169812,0.7307692307692307,0.752,53,26,125,18;20;28,15;17;40;45,37;38;39;40;41;42,3,4,6,82,82,335,121,7,5.0,143.07122900107277,35.90496105573944,1.1232755200756634,0.7107438016528925,0.8433734939759037
3,2,0,1724090,2024-08-01,marl_force,43714.8859766817,0.4838709677419355,0.5161290322580645,0.8235294117647058,0.6666666666666666,0.6989247311827956,0.8725490196078431,0.6519607843137255,0.6519607843137255,0.6519607843137255,0.6519607843137255,62.04385922040023,62.04386917554463,62.04386917554463,50.0,0.0,0.0,0,0,0.0067827300954377,3230,283,1.0,34,14;17;18;20;21;22;25;29;30;34;41;42;44;45;46;47,14;15;16;21;22;25;29;30;34;41;42;44;45;46;47,16;34;41,14;15;16;17;18;20;21;22;25;29;30;34;41;42;44;45;46;47,16,15,3,18,0.4098360655737705,0.5423728813559322,0.9047619047619048,61,59,84,14;17;18;20;21;25;29;30;42;44;46,14;15;16;17;22;45;46;47,16;34;41,11,8,3,78,78,170,95,5,3.0,137.18739491403107,31.43093608375882,1.4258925337803048,0.8315789473684211,0.4954128440366973
3,3,0,1725090,2024-08-01,marl_force,43714.8859766817,0.7419354838709677,0.8387096774193549,0.9090909090909092,0.8924731182795699,0.967741935483871,0.9772727272727272,0.9019607843137256,0.9019607843137256,0.9019607843137256,0.9019607843137256,54.08987030679104,54.08987168120403,54.08987168120403,50.0,0.0,0.0,0,0,0.0060055302710679,2748,286,1.0,34,14;17;18;20;21;23;40;42,14;21;23;40;42,40;42,14;17;18;20;21;23;40;42,8,5,2,8,0.82,0.6923076923076923,0.9765625,50,26,128,18;20;23,14;17;21,40;42,3,3,2,87,87,123,82,3,2.0,84.98294131882292,26.99773904355457,0.714639751726765,0.9390243902439024,0.8770491803278688
3,4,0,1726090,2024-08-01,marl_force,43714.8859766817,0.5483870967741935,0.5806451612903226,0.5238095238095238,0.6881720430107526,0.7311827956989247,0.6587301587301587,0.7107843137254902,0.7107843137254902,0.7107843137254902,0.7107843137254902,63.27959583904229,63.27959246144575,63.27959246144575,50.0,0.0,0.0,0,0,0.0057024424495466,2628,285,1.0,34,14;18;20;29;30;39;40;41;42;43;44;45;46;47,14;16;29;30;39;40;41;42;43;44;45;46;47,16;39;40;41;42;43;44;45;46;47,14;16;18;20;29;30;39;40;41;42;43;44;45;46;47,14,13,10,15,0.6976744186046512,0.8461538461538461,0.6721311475409836,43,39,122,14;18;20,29;30;42;43,16;39;40;41;42;43;44;45;46;47,3,4,10,83,83,200,52,6,5.0,136.3006766221488,53.34104418154709,15053755.631306946,0.1764705882352941,0.8888888888888888
3,5,0,1727090,2024-08-01,marl_force,43714.8859766817,0.4193548387096774,0.4193548387096774,0.5909090909090909,0.6720430107526881,0.6935483870967742,0.7234848484848485,0.6568627450980392,0.6568627450980392,0.6568627450980392,0.6568627450980392,86.90437715076932,86.90437834286222,86.90437834286222,50.0,0.0,0.0,0,0,0.0068839610624612,3164,284,1.0,34,14;17;18;20;21;22;23;24;31;33;35;36;37;38;39;40;41;42,14;15;16;19;21;22;23;24;31;33;35;36;37;38;39;40;41;42,16;35;36;37;38;39;40;41;42,14;15;16;17;18;19;20;21;22;23;24;31;33;35;36;37;38;39;40;41;42,18,18,9,21,0.5918367346938775,0.5882352941176471,0.7024793388429752,49,34,121,14;18;19;20;24;31;33;35,15;17;19;21;22;23,16;35;36;37;38;39;40;41;42,8,6,9,75,75,307,97,7,5.0,245.36149094274467,41.06759475829672,2.8970750228290827,0.6288659793814433,0.6822429906542056
4,0,0,1822090,2024-08-03,marl_force,33458.835820685206,0.2941176470588235,0.303030303030303,0.7,0.4558823529411764,0.4696969696969696,0.8333333333333333,0.4558823529411764,0.4558823529411764,0.4558823529411764,0.4558823529411764,103.40956445067536,103.40956012641682,103.40956012641682,50.0,0.0,0.0,0,0,0.0057614342379868,2696,286,1.0,34,15;16;18;21;23;24;25;27;28;29;30;32;33;34;35;36;40;41;42;43;44;45;46;47,15;16;18;21;23;24;27;28;29;30;32;33;34;35;36;40;41;42;43;44;45;46;47,24;35;40,15;16;18;21;23;24;25;27;28;29;30;32;33;34;35;36;40;41;42;43;44;45;46;47,24,23,3,24,0.3614457831325301,0.2941176470588235,0.8113207547169812,83,68,53,15;18;21;23;25;27;28;29;30;32;34;43;45;47,15;16;18;21;33;36;41;42;44;46;47,24;35;40,14,11,3,75,75,270,104,7,4.649999999999977,149.88289567157636,45.25299336365453,3.336873259556046,0.3557692307692308,0.56
4,1,0,1823090,2024-08-03,marl_force,33458.835820685206,0.4117647058823529,0.4242424242424242,0.9090909090909092,0.6176470588235294,0.6363636363636364,0.9696969696969696,0.6176470588235294,0.6176470588235294,0.6176470588235294,0.6176470588235294,78.94264469193477,78.94263937192805,78.94263937192805,50.0,0.0,0.0,0,0,0.0062821205768462,2955,286,1.0,34,14;15;16;18;19;25;27;31;33;36;37;38;39;41;42;43;44;45;46;47,14;15;16;18;19;27;31;33;36;37;38;39;41;42;43;44;45;46;47,37,14;15;16;18;19;25;27;31;33;36;37;38;39;41;42;43;44;45;46;47,20,19,1,20,0.5342465753424658,0.391304347826087,0.967741935483871,73,69,62,15;25;27;31;36;38;39;43;45;46,14;15;16;18;19;33;36;41;42;43;44;47,37,10,12,1,71,71,247,54,7,6.0,213.5962537505188,83.43465779019711,1.8375217555460135,0.1851851851851851,0.7733333333333333
4,2,0,1824090,2024-08-03,marl_force,33458.835820685206,0.5294117647058824,0.5454545454545454,1.0,0.6666666666666667,0.6868686868686869,1.0,0.6666666666666666,0.6666666666666666,0.6666666666666666,0.6666666666666666,69.24068874003841,69.24068244532043,69.24068244532043,50.0,0.0,0.0,0,0,0.0066887776429211,2955,285,1.0,34,14;15;16;17;18;19;21;22;24;25;27;28;30;35;36;41,14;15;16;17;18;19;21;22;24;27;28;30;35;36;41,,14;15;16;17;18;19;21;22;24;25;27;28;30;35;36;41,16,15,0,16,0.7101449275362319,0.4352941176470588,1.0,69,85,50,15;19;24;25;27,14;16;17;18;19;21;22;27;28;30;35;36;41,,5,13,0,78,78,132,78,4,2.0,62.8601837058829,21.492299062643895,0.8563851512082331,0.8333333333333334,0.5634920634920635
4,3,0,1825090,2024-08-03,marl_force,33458.835820685206,0.2058823529411764,0.2121212121212121,0.8333333333333334,0.4117647058823529,0.4242424242424242,0.8333333333333334,0.4117647058823529,0.4117647058823529,0.4117647058823529,0.4117647058823529,124.5944441136192,124.59445579379212,124.59445579379212,50.0,0.0,0.0,0,0,0.0062503885880384,2868,287,1.0,34,14;15;16;18;19;20;21;22;23;25;30;31;32;33;34;35;36;38;39;40;41;42;43;44;45;46;47,14;15;16;18;19;20;21;22;23;30;31;32;33;34;35;36;38;39;40;41;42;43;44;45;46;47,38,14;15;16;18;19;20;21;22;23;25;30;31;32;33;34;35;36;38;39;40;41;42;43;44;45;46;47,27,26,1,27,0.4565217391304347,0.15,0.9375,92,80,32,15;16;21;22;25;30;31;32;33;35;38;39;43;45;46,14;15;18;19;20;21;22;23;34;35;36;39;40;41;42;44;47,38,15,17,1,82,82,358,81,10,6.0,393.906214733892,65.2496707315944,7.12700873924886,0.1975308641975308,0.5528455284552846
4,4,0,1826090,2024-08-03,marl_force,33458.835820685206,0.4117647058823529,0.4242424242424242,0.9090909090909092,0.7009803921568627,0.7222222222222222,0.9848484848484848,0.7009803921568627,0.7009803921568627,0.7009803921568627,0.7009803921568627,78.94010063363056,78.94010063129313,78.94010063129313,50.0,0.0,0.0,0,0,0.0067801930163113,3140,288,1.0,34,14;15;17;18;19;21;25;26;27;28;29;30;33;34;36;37;42;45;46;47,14;15;17;18;19;21;26;27;28;29;30;33;34;36;37;42;45;46;47,15,14;15;17;18;19;21;25;26;27;28;29;30;33;34;36;37;42;45;46;47,20,19,1,20,0.6883116883116883,0.4461538461538462,0.9838709677419356,77,65,62,17;19;25;27;28;29;30;33;45;46,14;18;21;26;27;29;33;34;36;37;42;47,15,10,12,1,86,86,183,99,6,3.0,129.51690179427692,30.28191214781161,62131548.084723525,0.686046511627907,0.711864406779661
4,5,0,1827090,2024-08-03,marl_force,33458.835820685206,0.5294117647058824,0.5454545454545454,0.6363636363636364,0.7009803921568628,0.7222222222222223,0.8030303030303029,0.7009803921568627,0.7009803921568627,0.7009803921568627,0.7009803921568627,74.87820786120845,74.87820390392753,74.87820390392753,50.0,0.0,0.0,0,0,0.0062455999771676,2938,287,1.0,34,14;15;21;24;25;28;29;30;35;37;40;41;42;43;44;45,14;15;21;24;28;29;30;35;37;40;41;42;43;44;45,24;35;37;40,14;15;21;24;25;28;29;30;35;37;40;41;42;43;44;45,16,15,4,16,0.7468354430379747,0.5692307692307692,0.7833333333333333,79,65,60,25;28;30;43;45,14;15;21;29;41;42;44,24;35;37;40,5,7,4,74,74,205,74,5,4.0,182.56873213541195,60.792190386490645,43921038.676922776,0.5915492957746479,0.7593984962406015
